----[known stack info]------------

 lbl0 (-1) : NOP	 Stack:0	Consumes:[] Produces:[] sources  targets  lbl1
 lbl1 (0) : LSTORE_0	 Stack:0	Consumes:[null ] Produces:[] sources  lbl0 targets  lbl2
 lbl2 (1) : RETURN	 Stack:-1	Consumes:[] Produces:[] sources  lbl1 targets 
 lbl3 (2) : NOP	 Stack:-1	Consumes:[] Produces:[] sources  targets  lbl4
 lbl4 (3) : LCONST_1	 Stack:-1	Consumes:[] Produces:[] sources  lbl3 targets  lbl5
 lbl5 (4) : AASTORE	 Stack:-1	Consumes:[] Produces:[] sources  lbl4 targets 
----[known stack info]------------

 lbl0 (-1) : NOP	 Stack:0	Consumes:[] Produces:[] sources  targets  lbl1
 lbl1 (0) : LSTORE_0	 Stack:0	Consumes:[null ] Produces:[] sources  lbl0 targets  lbl2
 lbl2 (1) : RETURN	 Stack:-1	Consumes:[] Produces:[] sources  lbl1 targets 
 lbl3 (2) : NOP	 Stack:-1	Consumes:[] Produces:[] sources  targets  lbl4
 lbl4 (3) : LCONST_1	 Stack:-1	Consumes:[] Produces:[] sources  lbl3 targets  lbl5
 lbl5 (4) : AASTORE	 Stack:-1	Consumes:[] Produces:[] sources  lbl4 targets 
----[known stack info]------------

 lbl0 (-1) : NOP	 Stack:0	Consumes:[] Produces:[] sources  targets  lbl1
 lbl1 (0) : LSTORE_0	 Stack:0	Consumes:[null ] Produces:[] sources  lbl0 targets  lbl2
 lbl2 (1) : RETURN	 Stack:-1	Consumes:[] Produces:[] sources  lbl1 targets 
 lbl3 (2) : NOP	 Stack:-1	Consumes:[] Produces:[] sources  targets  lbl4
 lbl4 (3) : LCONST_1	 Stack:-1	Consumes:[] Produces:[] sources  lbl3 targets  lbl5
 lbl5 (4) : AASTORE	 Stack:-1	Consumes:[] Produces:[] sources  lbl4 targets 
----[known stack info]------------

 lbl0 (-1) : NOP	 Stack:0	Consumes:[] Produces:[] sources  targets  lbl1
 lbl1 (0) : LSTORE_0	 Stack:0	Consumes:[null ] Produces:[] sources  lbl0 targets  lbl2
 lbl2 (1) : RETURN	 Stack:-1	Consumes:[] Produces:[] sources  lbl1 targets 
 lbl3 (2) : NOP	 Stack:-1	Consumes:[] Produces:[] sources  targets  lbl4
 lbl4 (3) : LCONST_1	 Stack:-1	Consumes:[] Produces:[] sources  lbl3 targets  lbl5
 lbl5 (4) : AASTORE	 Stack:-1	Consumes:[] Produces:[] sources  lbl4 targets 
----[known stack info]------------

 lbl0 (-1) : NOP	 Stack:0	Consumes:[] Produces:[] sources  targets  lbl1
 lbl1 (0) : LSTORE_0	 Stack:0	Consumes:[null ] Produces:[] sources  lbl0 targets  lbl2
 lbl2 (1) : RETURN	 Stack:-1	Consumes:[] Produces:[] sources  lbl1 targets 
 lbl3 (2) : NOP	 Stack:-1	Consumes:[] Produces:[] sources  targets  lbl4
 lbl4 (3) : LCONST_1	 Stack:-1	Consumes:[] Produces:[] sources  lbl3 targets  lbl5
 lbl5 (4) : AASTORE	 Stack:-1	Consumes:[] Produces:[] sources  lbl4 targets 
----[known stack info]------------

 lbl0 (-1) : NOP	 Stack:0	Consumes:[] Produces:[] sources  targets  lbl1
 lbl1 (0) : LSTORE_0	 Stack:0	Consumes:[null ] Produces:[] sources  lbl0 targets  lbl2
 lbl2 (1) : RETURN	 Stack:-1	Consumes:[] Produces:[] sources  lbl1 targets 
 lbl3 (2) : NOP	 Stack:-1	Consumes:[] Produces:[] sources  targets  lbl4
 lbl4 (3) : LCONST_1	 Stack:-1	Consumes:[] Produces:[] sources  lbl3 targets  lbl5
 lbl5 (4) : AASTORE	 Stack:-1	Consumes:[] Produces:[] sources  lbl4 targets 
----[known stack info]------------

 lbl0 (-1) : NOP	 Stack:0	Consumes:[] Produces:[] sources  targets  lbl1
 lbl1 (0) : LSTORE_0	 Stack:0	Consumes:[null ] Produces:[] sources  lbl0 targets  lbl2
 lbl2 (1) : RETURN	 Stack:-1	Consumes:[] Produces:[] sources  lbl1 targets 
 lbl3 (2) : NOP	 Stack:-1	Consumes:[] Produces:[] sources  targets  lbl4
 lbl4 (3) : LCONST_1	 Stack:-1	Consumes:[] Produces:[] sources  lbl3 targets  lbl5
 lbl5 (4) : AASTORE	 Stack:-1	Consumes:[] Produces:[] sources  lbl4 targets 
----[known stack info]------------

 lbl0 (-1) : NOP	 Stack:0	Consumes:[] Produces:[] sources  targets  lbl1
 lbl1 (0) : LSTORE_0	 Stack:0	Consumes:[null ] Produces:[] sources  lbl0 targets  lbl2
 lbl2 (1) : RETURN	 Stack:-1	Consumes:[] Produces:[] sources  lbl1 targets 
 lbl3 (2) : NOP	 Stack:-1	Consumes:[] Produces:[] sources  targets  lbl4
 lbl4 (3) : LCONST_1	 Stack:-1	Consumes:[] Produces:[] sources  lbl3 targets  lbl5
 lbl5 (4) : AASTORE	 Stack:-1	Consumes:[] Produces:[] sources  lbl4 targets 
----[known stack info]------------

 lbl0 (-1) : NOP	 Stack:0	Consumes:[] Produces:[] sources  targets  lbl1
 lbl1 (0) : LSTORE_0	 Stack:0	Consumes:[null ] Produces:[] sources  lbl0 targets  lbl2
 lbl2 (1) : RETURN	 Stack:-1	Consumes:[] Produces:[] sources  lbl1 targets 
 lbl3 (2) : NOP	 Stack:-1	Consumes:[] Produces:[] sources  targets  lbl4
 lbl4 (3) : LCONST_1	 Stack:-1	Consumes:[] Produces:[] sources  lbl3 targets  lbl5
 lbl5 (4) : AASTORE	 Stack:-1	Consumes:[] Produces:[] sources  lbl4 targets 
----[known stack info]------------

 lbl0 (-1) : NOP	 Stack:0	Consumes:[] Produces:[] sources  targets  lbl1
 lbl1 (0) : LSTORE_0	 Stack:0	Consumes:[null ] Produces:[] sources  lbl0 targets  lbl2
 lbl2 (1) : RETURN	 Stack:-1	Consumes:[] Produces:[] sources  lbl1 targets 
 lbl3 (2) : NOP	 Stack:-1	Consumes:[] Produces:[] sources  targets  lbl4
 lbl4 (3) : LCONST_1	 Stack:-1	Consumes:[] Produces:[] sources  lbl3 targets  lbl5
 lbl5 (4) : AASTORE	 Stack:-1	Consumes:[] Produces:[] sources  lbl4 targets 
----[known stack info]------------

 lbl0 (-1) : NOP	 Stack:0	Consumes:[] Produces:[] sources  targets  lbl1
 lbl1 (0) : LSTORE_0	 Stack:0	Consumes:[null ] Produces:[] sources  lbl0 targets  lbl2
 lbl2 (1) : DLOAD_1	 Stack:-1	Consumes:[] Produces:[] sources  lbl1 targets  lbl3
 lbl3 (2) : IFEQ	 Stack:-1	Consumes:[] Produces:[] sources  lbl2 targets  lbl4 lbl6
 lbl4 (5) : LSTORE_0	 Stack:-1	Consumes:[] Produces:[] sources  lbl3 targets  lbl5
 lbl5 (6) : DLOAD_2	 Stack:-1	Consumes:[] Produces:[] sources  lbl4 targets  lbl6
 lbl6 (7) : IFEQ	 Stack:-1	Consumes:[] Produces:[] sources  lbl3 lbl5 targets  lbl7 lbl15
 lbl7 (10) : LSTORE_0	 Stack:-1	Consumes:[] Produces:[] sources  lbl6 targets  lbl8
 lbl8 (11) : DLOAD_3	 Stack:-1	Consumes:[] Produces:[] sources  lbl7 targets  lbl9
 lbl9 (12) : IFEQ	 Stack:-1	Consumes:[] Produces:[] sources  lbl8 targets  lbl10 lbl14
 lbl10 (15) : LSTORE_0	 Stack:-1	Consumes:[] Produces:[] sources  lbl9 lbl17 targets  lbl11
 lbl11 (16) : MONITORENTER	 Stack:-1	Consumes:[] Produces:[] sources  lbl10 targets  lbl12
 lbl12 (17) : NOP	 Stack:-1	Consumes:[] Produces:[] sources  lbl11 targets  lbl13
 lbl13 (18) : ICONST_5	 Stack:-1	Consumes:[] Produces:[] sources  lbl12 targets  lbl14
 lbl14 (19) : ISUB	 Stack:-1	Consumes:[] Produces:[] sources  lbl9 lbl13 targets  lbl15
 lbl15 (13) : NOP	 Stack:-1	Consumes:[] Produces:[] sources  lbl6 lbl14 targets  lbl16
 lbl16 (14) : ICONST_4	 Stack:-1	Consumes:[] Produces:[] sources  lbl15 targets  lbl17
 lbl17 (-17) : GOTO	 Stack:-1	Consumes:[] Produces:[] sources  lbl16 targets  lbl10
----[known stack info]------------

 lbl0 (-1) : NOP	 Stack:0	Consumes:[] Produces:[] sources  targets  lbl1
 lbl1 (0) : LSTORE_0	 Stack:0	Consumes:[null ] Produces:[] sources  lbl0 targets  lbl2
 lbl2 (1) : DLOAD_1	 Stack:-1	Consumes:[] Produces:[] sources  lbl1 targets  lbl3
 lbl3 (2) : IFEQ	 Stack:-1	Consumes:[] Produces:[] sources  lbl2 targets  lbl4 lbl6
 lbl4 (5) : LSTORE_0	 Stack:-1	Consumes:[] Produces:[] sources  lbl3 targets  lbl5
 lbl5 (6) : DLOAD_2	 Stack:-1	Consumes:[] Produces:[] sources  lbl4 targets  lbl6
 lbl6 (7) : IFEQ	 Stack:-1	Consumes:[] Produces:[] sources  lbl3 lbl5 targets  lbl7 lbl15
 lbl7 (10) : LSTORE_0	 Stack:-1	Consumes:[] Produces:[] sources  lbl6 targets  lbl8
 lbl8 (11) : DLOAD_3	 Stack:-1	Consumes:[] Produces:[] sources  lbl7 targets  lbl9
 lbl9 (12) : IFEQ	 Stack:-1	Consumes:[] Produces:[] sources  lbl8 targets  lbl10 lbl14
 lbl10 (15) : LSTORE_0	 Stack:-1	Consumes:[] Produces:[] sources  lbl9 lbl17 targets  lbl11
 lbl11 (16) : MONITORENTER	 Stack:-1	Consumes:[] Produces:[] sources  lbl10 targets  lbl12
 lbl12 (17) : NOP	 Stack:-1	Consumes:[] Produces:[] sources  lbl11 targets  lbl13
 lbl13 (18) : ICONST_5	 Stack:-1	Consumes:[] Produces:[] sources  lbl12 targets  lbl14
 lbl14 (19) : ISUB	 Stack:-1	Consumes:[] Produces:[] sources  lbl9 lbl13 targets  lbl15
 lbl15 (13) : NOP	 Stack:-1	Consumes:[] Produces:[] sources  lbl6 lbl14 targets  lbl16
 lbl16 (14) : ICONST_4	 Stack:-1	Consumes:[] Produces:[] sources  lbl15 targets  lbl17
 lbl17 (-17) : GOTO	 Stack:-1	Consumes:[] Produces:[] sources  lbl16 targets  lbl10
----[known stack info]------------

 lbl0 (-1) : NOP	 Stack:0	Consumes:[] Produces:[] sources  targets  lbl1
 lbl1 (0) : LSTORE_0	 Stack:0	Consumes:[null ] Produces:[] sources  lbl0 targets  lbl2
 lbl2 (1) : DLOAD_1	 Stack:-1	Consumes:[] Produces:[] sources  lbl1 targets  lbl3
 lbl3 (2) : IFEQ	 Stack:-1	Consumes:[] Produces:[] sources  lbl2 targets  lbl4 lbl6
 lbl4 (5) : LSTORE_0	 Stack:-1	Consumes:[] Produces:[] sources  lbl3 targets  lbl5
 lbl5 (6) : DLOAD_2	 Stack:-1	Consumes:[] Produces:[] sources  lbl4 targets  lbl6
 lbl6 (7) : IFEQ	 Stack:-1	Consumes:[] Produces:[] sources  lbl3 lbl5 targets  lbl7 lbl15
 lbl7 (10) : LSTORE_0	 Stack:-1	Consumes:[] Produces:[] sources  lbl6 targets  lbl8
 lbl8 (11) : DLOAD_3	 Stack:-1	Consumes:[] Produces:[] sources  lbl7 targets  lbl9
 lbl9 (12) : IFEQ	 Stack:-1	Consumes:[] Produces:[] sources  lbl8 targets  lbl10 lbl14
 lbl10 (15) : LSTORE_0	 Stack:-1	Consumes:[] Produces:[] sources  lbl9 lbl17 targets  lbl11
 lbl11 (16) : MONITORENTER	 Stack:-1	Consumes:[] Produces:[] sources  lbl10 targets  lbl12
 lbl12 (17) : NOP	 Stack:-1	Consumes:[] Produces:[] sources  lbl11 targets  lbl13
 lbl13 (18) : ICONST_5	 Stack:-1	Consumes:[] Produces:[] sources  lbl12 targets  lbl14
 lbl14 (19) : ISUB	 Stack:-1	Consumes:[] Produces:[] sources  lbl9 lbl13 targets  lbl15
 lbl15 (13) : NOP	 Stack:-1	Consumes:[] Produces:[] sources  lbl6 lbl14 targets  lbl16
 lbl16 (14) : ICONST_4	 Stack:-1	Consumes:[] Produces:[] sources  lbl15 targets  lbl17
 lbl17 (-17) : GOTO	 Stack:-1	Consumes:[] Produces:[] sources  lbl16 targets  lbl10
----[known stack info]------------

 lbl0 (-1) : NOP	 Stack:0	Consumes:[] Produces:[] sources  targets  lbl1
 lbl1 (0) : LSTORE_0	 Stack:0	Consumes:[null ] Produces:[] sources  lbl0 targets  lbl2
 lbl2 (1) : DLOAD_1	 Stack:-1	Consumes:[] Produces:[] sources  lbl1 targets  lbl3
 lbl3 (2) : IFEQ	 Stack:-1	Consumes:[] Produces:[] sources  lbl2 targets  lbl4 lbl6
 lbl4 (5) : LSTORE_0	 Stack:-1	Consumes:[] Produces:[] sources  lbl3 targets  lbl5
 lbl5 (6) : DLOAD_2	 Stack:-1	Consumes:[] Produces:[] sources  lbl4 targets  lbl6
 lbl6 (7) : IFEQ	 Stack:-1	Consumes:[] Produces:[] sources  lbl3 lbl5 targets  lbl7 lbl15
 lbl7 (10) : LSTORE_0	 Stack:-1	Consumes:[] Produces:[] sources  lbl6 targets  lbl8
 lbl8 (11) : DLOAD_3	 Stack:-1	Consumes:[] Produces:[] sources  lbl7 targets  lbl9
 lbl9 (12) : IFEQ	 Stack:-1	Consumes:[] Produces:[] sources  lbl8 targets  lbl10 lbl14
 lbl10 (15) : LSTORE_0	 Stack:-1	Consumes:[] Produces:[] sources  lbl9 lbl17 targets  lbl11
 lbl11 (16) : MONITORENTER	 Stack:-1	Consumes:[] Produces:[] sources  lbl10 targets  lbl12
 lbl12 (17) : NOP	 Stack:-1	Consumes:[] Produces:[] sources  lbl11 targets  lbl13
 lbl13 (18) : ICONST_5	 Stack:-1	Consumes:[] Produces:[] sources  lbl12 targets  lbl14
 lbl14 (19) : ISUB	 Stack:-1	Consumes:[] Produces:[] sources  lbl9 lbl13 targets  lbl15
 lbl15 (13) : NOP	 Stack:-1	Consumes:[] Produces:[] sources  lbl6 lbl14 targets  lbl16
 lbl16 (14) : ICONST_4	 Stack:-1	Consumes:[] Produces:[] sources  lbl15 targets  lbl17
 lbl17 (-17) : GOTO	 Stack:-1	Consumes:[] Produces:[] sources  lbl16 targets  lbl10
----[known stack info]------------

 lbl0 (-1) : NOP	 Stack:0	Consumes:[] Produces:[] sources  targets  lbl1
 lbl1 (0) : LSTORE_0	 Stack:0	Consumes:[null ] Produces:[] sources  lbl0 targets  lbl2
 lbl2 (1) : DLOAD_1	 Stack:-1	Consumes:[] Produces:[] sources  lbl1 targets  lbl3
 lbl3 (2) : IFEQ	 Stack:-1	Consumes:[] Produces:[] sources  lbl2 targets  lbl4 lbl6
 lbl4 (5) : LSTORE_0	 Stack:-1	Consumes:[] Produces:[] sources  lbl3 targets  lbl5
 lbl5 (6) : DLOAD_2	 Stack:-1	Consumes:[] Produces:[] sources  lbl4 targets  lbl6
 lbl6 (7) : IFEQ	 Stack:-1	Consumes:[] Produces:[] sources  lbl3 lbl5 targets  lbl7 lbl15
 lbl7 (10) : LSTORE_0	 Stack:-1	Consumes:[] Produces:[] sources  lbl6 targets  lbl8
 lbl8 (11) : DLOAD_3	 Stack:-1	Consumes:[] Produces:[] sources  lbl7 targets  lbl9
 lbl9 (12) : IFEQ	 Stack:-1	Consumes:[] Produces:[] sources  lbl8 targets  lbl10 lbl14
 lbl10 (15) : LSTORE_0	 Stack:-1	Consumes:[] Produces:[] sources  lbl9 lbl17 targets  lbl11
 lbl11 (16) : MONITORENTER	 Stack:-1	Consumes:[] Produces:[] sources  lbl10 targets  lbl12
 lbl12 (17) : NOP	 Stack:-1	Consumes:[] Produces:[] sources  lbl11 targets  lbl13
 lbl13 (18) : ICONST_5	 Stack:-1	Consumes:[] Produces:[] sources  lbl12 targets  lbl14
 lbl14 (19) : ISUB	 Stack:-1	Consumes:[] Produces:[] sources  lbl9 lbl13 targets  lbl15
 lbl15 (13) : NOP	 Stack:-1	Consumes:[] Produces:[] sources  lbl6 lbl14 targets  lbl16
 lbl16 (14) : ICONST_4	 Stack:-1	Consumes:[] Produces:[] sources  lbl15 targets  lbl17
 lbl17 (-17) : GOTO	 Stack:-1	Consumes:[] Produces:[] sources  lbl16 targets  lbl10
----[known stack info]------------

 lbl0 (-1) : NOP	 Stack:0	Consumes:[] Produces:[] sources  targets  lbl1
 lbl1 (0) : LSTORE_0	 Stack:0	Consumes:[null ] Produces:[] sources  lbl0 targets  lbl2
 lbl2 (1) : DLOAD_1	 Stack:-1	Consumes:[] Produces:[] sources  lbl1 targets  lbl3
 lbl3 (2) : IFEQ	 Stack:-1	Consumes:[] Produces:[] sources  lbl2 targets  lbl4 lbl6
 lbl4 (5) : LSTORE_0	 Stack:-1	Consumes:[] Produces:[] sources  lbl3 targets  lbl5
 lbl5 (6) : DLOAD_2	 Stack:-1	Consumes:[] Produces:[] sources  lbl4 targets  lbl6
 lbl6 (7) : IFEQ	 Stack:-1	Consumes:[] Produces:[] sources  lbl3 lbl5 targets  lbl7 lbl15
 lbl7 (10) : LSTORE_0	 Stack:-1	Consumes:[] Produces:[] sources  lbl6 targets  lbl8
 lbl8 (11) : DLOAD_3	 Stack:-1	Consumes:[] Produces:[] sources  lbl7 targets  lbl9
 lbl9 (12) : IFEQ	 Stack:-1	Consumes:[] Produces:[] sources  lbl8 targets  lbl10 lbl14
 lbl10 (15) : LSTORE_0	 Stack:-1	Consumes:[] Produces:[] sources  lbl9 lbl17 targets  lbl11
 lbl11 (16) : MONITORENTER	 Stack:-1	Consumes:[] Produces:[] sources  lbl10 targets  lbl12
 lbl12 (17) : NOP	 Stack:-1	Consumes:[] Produces:[] sources  lbl11 targets  lbl13
 lbl13 (18) : ICONST_5	 Stack:-1	Consumes:[] Produces:[] sources  lbl12 targets  lbl14
 lbl14 (19) : ISUB	 Stack:-1	Consumes:[] Produces:[] sources  lbl9 lbl13 targets  lbl15
 lbl15 (13) : NOP	 Stack:-1	Consumes:[] Produces:[] sources  lbl6 lbl14 targets  lbl16
 lbl16 (14) : ICONST_4	 Stack:-1	Consumes:[] Produces:[] sources  lbl15 targets  lbl17
 lbl17 (-17) : GOTO	 Stack:-1	Consumes:[] Produces:[] sources  lbl16 targets  lbl10
----[known stack info]------------

 lbl0 (-1) : NOP	 Stack:0	Consumes:[] Produces:[] sources  targets  lbl1
 lbl1 (0) : LSTORE_0	 Stack:0	Consumes:[null ] Produces:[] sources  lbl0 targets  lbl2
 lbl2 (1) : DLOAD_1	 Stack:-1	Consumes:[] Produces:[] sources  lbl1 targets  lbl3
 lbl3 (2) : IFEQ	 Stack:-1	Consumes:[] Produces:[] sources  lbl2 targets  lbl4 lbl6
 lbl4 (5) : LSTORE_0	 Stack:-1	Consumes:[] Produces:[] sources  lbl3 targets  lbl5
 lbl5 (6) : DLOAD_2	 Stack:-1	Consumes:[] Produces:[] sources  lbl4 targets  lbl6
 lbl6 (7) : IFEQ	 Stack:-1	Consumes:[] Produces:[] sources  lbl3 lbl5 targets  lbl7 lbl15
 lbl7 (10) : LSTORE_0	 Stack:-1	Consumes:[] Produces:[] sources  lbl6 targets  lbl8
 lbl8 (11) : DLOAD_3	 Stack:-1	Consumes:[] Produces:[] sources  lbl7 targets  lbl9
 lbl9 (12) : IFEQ	 Stack:-1	Consumes:[] Produces:[] sources  lbl8 targets  lbl10 lbl14
 lbl10 (15) : LSTORE_0	 Stack:-1	Consumes:[] Produces:[] sources  lbl9 lbl17 targets  lbl11
 lbl11 (16) : MONITORENTER	 Stack:-1	Consumes:[] Produces:[] sources  lbl10 targets  lbl12
 lbl12 (17) : NOP	 Stack:-1	Consumes:[] Produces:[] sources  lbl11 targets  lbl13
 lbl13 (18) : ICONST_5	 Stack:-1	Consumes:[] Produces:[] sources  lbl12 targets  lbl14
 lbl14 (19) : ISUB	 Stack:-1	Consumes:[] Produces:[] sources  lbl9 lbl13 targets  lbl15
 lbl15 (13) : NOP	 Stack:-1	Consumes:[] Produces:[] sources  lbl6 lbl14 targets  lbl16
 lbl16 (14) : ICONST_4	 Stack:-1	Consumes:[] Produces:[] sources  lbl15 targets  lbl17
 lbl17 (-17) : GOTO	 Stack:-1	Consumes:[] Produces:[] sources  lbl16 targets  lbl10
----[known stack info]------------

 lbl0 (-1) : NOP	 Stack:0	Consumes:[] Produces:[] sources  targets  lbl1
 lbl1 (0) : LSTORE_0	 Stack:0	Consumes:[null ] Produces:[] sources  lbl0 targets  lbl2
 lbl2 (1) : DLOAD_1	 Stack:-1	Consumes:[] Produces:[] sources  lbl1 targets  lbl3
 lbl3 (2) : IFEQ	 Stack:-1	Consumes:[] Produces:[] sources  lbl2 targets  lbl4 lbl6
 lbl4 (5) : LSTORE_0	 Stack:-1	Consumes:[] Produces:[] sources  lbl3 targets  lbl5
 lbl5 (6) : DLOAD_2	 Stack:-1	Consumes:[] Produces:[] sources  lbl4 targets  lbl6
 lbl6 (7) : IFEQ	 Stack:-1	Consumes:[] Produces:[] sources  lbl3 lbl5 targets  lbl7 lbl15
 lbl7 (10) : LSTORE_0	 Stack:-1	Consumes:[] Produces:[] sources  lbl6 targets  lbl8
 lbl8 (11) : DLOAD_3	 Stack:-1	Consumes:[] Produces:[] sources  lbl7 targets  lbl9
 lbl9 (12) : IFEQ	 Stack:-1	Consumes:[] Produces:[] sources  lbl8 targets  lbl10 lbl14
 lbl10 (15) : LSTORE_0	 Stack:-1	Consumes:[] Produces:[] sources  lbl9 lbl17 targets  lbl11
 lbl11 (16) : MONITORENTER	 Stack:-1	Consumes:[] Produces:[] sources  lbl10 targets  lbl12
 lbl12 (17) : NOP	 Stack:-1	Consumes:[] Produces:[] sources  lbl11 targets  lbl13
 lbl13 (18) : ICONST_5	 Stack:-1	Consumes:[] Produces:[] sources  lbl12 targets  lbl14
 lbl14 (19) : ISUB	 Stack:-1	Consumes:[] Produces:[] sources  lbl9 lbl13 targets  lbl15
 lbl15 (13) : NOP	 Stack:-1	Consumes:[] Produces:[] sources  lbl6 lbl14 targets  lbl16
 lbl16 (14) : ICONST_4	 Stack:-1	Consumes:[] Produces:[] sources  lbl15 targets  lbl17
 lbl17 (-17) : GOTO	 Stack:-1	Consumes:[] Produces:[] sources  lbl16 targets  lbl10
----[known stack info]------------

 lbl0 (-1) : NOP	 Stack:0	Consumes:[] Produces:[] sources  targets  lbl1
 lbl1 (0) : LSTORE_0	 Stack:0	Consumes:[null ] Produces:[] sources  lbl0 targets  lbl2
 lbl2 (1) : DLOAD_1	 Stack:-1	Consumes:[] Produces:[] sources  lbl1 targets  lbl3
 lbl3 (2) : IFEQ	 Stack:-1	Consumes:[] Produces:[] sources  lbl2 targets  lbl4 lbl6
 lbl4 (5) : LSTORE_0	 Stack:-1	Consumes:[] Produces:[] sources  lbl3 targets  lbl5
 lbl5 (6) : DLOAD_2	 Stack:-1	Consumes:[] Produces:[] sources  lbl4 targets  lbl6
 lbl6 (7) : IFEQ	 Stack:-1	Consumes:[] Produces:[] sources  lbl3 lbl5 targets  lbl7 lbl15
 lbl7 (10) : LSTORE_0	 Stack:-1	Consumes:[] Produces:[] sources  lbl6 targets  lbl8
 lbl8 (11) : DLOAD_3	 Stack:-1	Consumes:[] Produces:[] sources  lbl7 targets  lbl9
 lbl9 (12) : IFEQ	 Stack:-1	Consumes:[] Produces:[] sources  lbl8 targets  lbl10 lbl14
 lbl10 (15) : LSTORE_0	 Stack:-1	Consumes:[] Produces:[] sources  lbl9 lbl17 targets  lbl11
 lbl11 (16) : MONITORENTER	 Stack:-1	Consumes:[] Produces:[] sources  lbl10 targets  lbl12
 lbl12 (17) : NOP	 Stack:-1	Consumes:[] Produces:[] sources  lbl11 targets  lbl13
 lbl13 (18) : ICONST_5	 Stack:-1	Consumes:[] Produces:[] sources  lbl12 targets  lbl14
 lbl14 (19) : ISUB	 Stack:-1	Consumes:[] Produces:[] sources  lbl9 lbl13 targets  lbl15
 lbl15 (13) : NOP	 Stack:-1	Consumes:[] Produces:[] sources  lbl6 lbl14 targets  lbl16
 lbl16 (14) : ICONST_4	 Stack:-1	Consumes:[] Produces:[] sources  lbl15 targets  lbl17
 lbl17 (-17) : GOTO	 Stack:-1	Consumes:[] Produces:[] sources  lbl16 targets  lbl10
----[known stack info]------------

 lbl0 (-1) : NOP	 Stack:0	Consumes:[] Produces:[] sources  targets  lbl1
 lbl1 (0) : LSTORE_0	 Stack:0	Consumes:[null ] Produces:[] sources  lbl0 targets  lbl2
 lbl2 (1) : DLOAD_1	 Stack:-1	Consumes:[] Produces:[] sources  lbl1 targets  lbl3
 lbl3 (2) : IFEQ	 Stack:-1	Consumes:[] Produces:[] sources  lbl2 targets  lbl4 lbl6
 lbl4 (5) : LSTORE_0	 Stack:-1	Consumes:[] Produces:[] sources  lbl3 targets  lbl5
 lbl5 (6) : DLOAD_2	 Stack:-1	Consumes:[] Produces:[] sources  lbl4 targets  lbl6
 lbl6 (7) : IFEQ	 Stack:-1	Consumes:[] Produces:[] sources  lbl3 lbl5 targets  lbl7 lbl15
 lbl7 (10) : LSTORE_0	 Stack:-1	Consumes:[] Produces:[] sources  lbl6 targets  lbl8
 lbl8 (11) : DLOAD_3	 Stack:-1	Consumes:[] Produces:[] sources  lbl7 targets  lbl9
 lbl9 (12) : IFEQ	 Stack:-1	Consumes:[] Produces:[] sources  lbl8 targets  lbl10 lbl14
 lbl10 (15) : LSTORE_0	 Stack:-1	Consumes:[] Produces:[] sources  lbl9 lbl17 targets  lbl11
 lbl11 (16) : MONITORENTER	 Stack:-1	Consumes:[] Produces:[] sources  lbl10 targets  lbl12
 lbl12 (17) : NOP	 Stack:-1	Consumes:[] Produces:[] sources  lbl11 targets  lbl13
 lbl13 (18) : ICONST_5	 Stack:-1	Consumes:[] Produces:[] sources  lbl12 targets  lbl14
 lbl14 (19) : ISUB	 Stack:-1	Consumes:[] Produces:[] sources  lbl9 lbl13 targets  lbl15
 lbl15 (13) : NOP	 Stack:-1	Consumes:[] Produces:[] sources  lbl6 lbl14 targets  lbl16
 lbl16 (14) : ICONST_4	 Stack:-1	Consumes:[] Produces:[] sources  lbl15 targets  lbl17
 lbl17 (-17) : GOTO	 Stack:-1	Consumes:[] Produces:[] sources  lbl16 targets  lbl10
----[known stack info]------------

 lbl0 (-1) : NOP	 Stack:0	Consumes:[] Produces:[] sources  targets  lbl1
 lbl1 (0) : LSTORE_0	 Stack:0	Consumes:[null ] Produces:[] sources  lbl0 targets  lbl2
 lbl2 (1) : ISHL	 Stack:-1	Consumes:[] Produces:[] sources  lbl1 targets  lbl3
 lbl3 (2) : NOP	 Stack:-1	Consumes:[] Produces:[] sources  lbl2 targets  lbl4
 lbl4 (3) : ICONST_2	 Stack:-1	Consumes:[] Produces:[] sources  lbl3 targets  lbl5
 lbl5 (4) : LSTORE_0	 Stack:-1	Consumes:[] Produces:[] sources  lbl4 targets  lbl6
 lbl6 (5) : ISHL	 Stack:-1	Consumes:[] Produces:[] sources  lbl5 targets  lbl7
 lbl7 (6) : NOP	 Stack:-1	Consumes:[] Produces:[] sources  lbl6 targets  lbl8
 lbl8 (7) : ICONST_3	 Stack:-1	Consumes:[] Produces:[] sources  lbl7 targets  lbl9
 lbl9 (8) : LSTORE_0	 Stack:-1	Consumes:[] Produces:[] sources  lbl8 targets  lbl10
 lbl10 (9) : ISHL	 Stack:-1	Consumes:[] Produces:[] sources  lbl9 targets  lbl11
 lbl11 (10) : NOP	 Stack:-1	Consumes:[] Produces:[] sources  lbl10 targets  lbl12
 lbl12 (11) : ICONST_4	 Stack:-1	Consumes:[] Produces:[] sources  lbl11 targets  lbl13
 lbl13 (12) : IF_ICMPLE	 Stack:-1	Consumes:[] Produces:[] sources  lbl12 targets  lbl14 lbl15
 lbl14 (15) : AASTORE	 Stack:-1	Consumes:[] Produces:[] sources  lbl13 targets  lbl15
 lbl15 (21) : ALOAD	 Stack:-1	Consumes:[] Produces:[] sources  lbl13 lbl14 targets 
----[known stack info]------------

 lbl0 (-1) : NOP	 Stack:0	Consumes:[] Produces:[] sources  targets  lbl1
 lbl1 (0) : LSTORE_0	 Stack:0	Consumes:[null ] Produces:[] sources  lbl0 targets  lbl2
 lbl2 (1) : ISHL	 Stack:-1	Consumes:[] Produces:[] sources  lbl1 targets  lbl3
 lbl3 (2) : NOP	 Stack:-1	Consumes:[] Produces:[] sources  lbl2 targets  lbl4
 lbl4 (3) : ICONST_2	 Stack:-1	Consumes:[] Produces:[] sources  lbl3 targets  lbl5
 lbl5 (4) : LSTORE_0	 Stack:-1	Consumes:[] Produces:[] sources  lbl4 targets  lbl6
 lbl6 (5) : ISHL	 Stack:-1	Consumes:[] Produces:[] sources  lbl5 targets  lbl7
 lbl7 (6) : NOP	 Stack:-1	Consumes:[] Produces:[] sources  lbl6 targets  lbl8
 lbl8 (7) : ICONST_3	 Stack:-1	Consumes:[] Produces:[] sources  lbl7 targets  lbl9
 lbl9 (8) : LSTORE_0	 Stack:-1	Consumes:[] Produces:[] sources  lbl8 targets  lbl10
 lbl10 (9) : ISHL	 Stack:-1	Consumes:[] Produces:[] sources  lbl9 targets  lbl11
 lbl11 (10) : NOP	 Stack:-1	Consumes:[] Produces:[] sources  lbl10 targets  lbl12
 lbl12 (11) : ICONST_4	 Stack:-1	Consumes:[] Produces:[] sources  lbl11 targets  lbl13
 lbl13 (12) : IF_ICMPLE	 Stack:-1	Consumes:[] Produces:[] sources  lbl12 targets  lbl14 lbl15
 lbl14 (15) : AASTORE	 Stack:-1	Consumes:[] Produces:[] sources  lbl13 targets  lbl15
 lbl15 (21) : ALOAD	 Stack:-1	Consumes:[] Produces:[] sources  lbl13 lbl14 targets 
----[known stack info]------------

 lbl0 (-1) : NOP	 Stack:0	Consumes:[] Produces:[] sources  targets  lbl1
 lbl1 (0) : LSTORE_0	 Stack:0	Consumes:[null ] Produces:[] sources  lbl0 targets  lbl2
 lbl2 (1) : ISHL	 Stack:-1	Consumes:[] Produces:[] sources  lbl1 targets  lbl3
 lbl3 (2) : NOP	 Stack:-1	Consumes:[] Produces:[] sources  lbl2 targets  lbl4
 lbl4 (3) : ICONST_2	 Stack:-1	Consumes:[] Produces:[] sources  lbl3 targets  lbl5
 lbl5 (4) : LSTORE_0	 Stack:-1	Consumes:[] Produces:[] sources  lbl4 targets  lbl6
 lbl6 (5) : ISHL	 Stack:-1	Consumes:[] Produces:[] sources  lbl5 targets  lbl7
 lbl7 (6) : NOP	 Stack:-1	Consumes:[] Produces:[] sources  lbl6 targets  lbl8
 lbl8 (7) : ICONST_3	 Stack:-1	Consumes:[] Produces:[] sources  lbl7 targets  lbl9
 lbl9 (8) : LSTORE_0	 Stack:-1	Consumes:[] Produces:[] sources  lbl8 targets  lbl10
 lbl10 (9) : ISHL	 Stack:-1	Consumes:[] Produces:[] sources  lbl9 targets  lbl11
 lbl11 (10) : NOP	 Stack:-1	Consumes:[] Produces:[] sources  lbl10 targets  lbl12
 lbl12 (11) : ICONST_4	 Stack:-1	Consumes:[] Produces:[] sources  lbl11 targets  lbl13
 lbl13 (12) : IF_ICMPLE	 Stack:-1	Consumes:[] Produces:[] sources  lbl12 targets  lbl14 lbl15
 lbl14 (15) : AASTORE	 Stack:-1	Consumes:[] Produces:[] sources  lbl13 targets  lbl15
 lbl15 (21) : ALOAD	 Stack:-1	Consumes:[] Produces:[] sources  lbl13 lbl14 targets 
----[known stack info]------------

 lbl0 (-1) : NOP	 Stack:0	Consumes:[] Produces:[] sources  targets  lbl1
 lbl1 (0) : LSTORE_0	 Stack:0	Consumes:[null ] Produces:[] sources  lbl0 targets  lbl2
 lbl2 (1) : ISHL	 Stack:-1	Consumes:[] Produces:[] sources  lbl1 targets  lbl3
 lbl3 (2) : NOP	 Stack:-1	Consumes:[] Produces:[] sources  lbl2 targets  lbl4
 lbl4 (3) : ICONST_2	 Stack:-1	Consumes:[] Produces:[] sources  lbl3 targets  lbl5
 lbl5 (4) : LSTORE_0	 Stack:-1	Consumes:[] Produces:[] sources  lbl4 targets  lbl6
 lbl6 (5) : ISHL	 Stack:-1	Consumes:[] Produces:[] sources  lbl5 targets  lbl7
 lbl7 (6) : NOP	 Stack:-1	Consumes:[] Produces:[] sources  lbl6 targets  lbl8
 lbl8 (7) : ICONST_3	 Stack:-1	Consumes:[] Produces:[] sources  lbl7 targets  lbl9
 lbl9 (8) : LSTORE_0	 Stack:-1	Consumes:[] Produces:[] sources  lbl8 targets  lbl10
 lbl10 (9) : ISHL	 Stack:-1	Consumes:[] Produces:[] sources  lbl9 targets  lbl11
 lbl11 (10) : NOP	 Stack:-1	Consumes:[] Produces:[] sources  lbl10 targets  lbl12
 lbl12 (11) : ICONST_4	 Stack:-1	Consumes:[] Produces:[] sources  lbl11 targets  lbl13
 lbl13 (12) : IF_ICMPLE	 Stack:-1	Consumes:[] Produces:[] sources  lbl12 targets  lbl14 lbl15
 lbl14 (15) : AASTORE	 Stack:-1	Consumes:[] Produces:[] sources  lbl13 targets  lbl15
 lbl15 (21) : ALOAD	 Stack:-1	Consumes:[] Produces:[] sources  lbl13 lbl14 targets 
----[known stack info]------------

 lbl0 (-1) : NOP	 Stack:0	Consumes:[] Produces:[] sources  targets  lbl1
 lbl1 (0) : LSTORE_0	 Stack:0	Consumes:[null ] Produces:[] sources  lbl0 targets  lbl2
 lbl2 (1) : ISHL	 Stack:-1	Consumes:[] Produces:[] sources  lbl1 targets  lbl3
 lbl3 (2) : NOP	 Stack:-1	Consumes:[] Produces:[] sources  lbl2 targets  lbl4
 lbl4 (3) : ICONST_2	 Stack:-1	Consumes:[] Produces:[] sources  lbl3 targets  lbl5
 lbl5 (4) : LSTORE_0	 Stack:-1	Consumes:[] Produces:[] sources  lbl4 targets  lbl6
 lbl6 (5) : ISHL	 Stack:-1	Consumes:[] Produces:[] sources  lbl5 targets  lbl7
 lbl7 (6) : NOP	 Stack:-1	Consumes:[] Produces:[] sources  lbl6 targets  lbl8
 lbl8 (7) : ICONST_3	 Stack:-1	Consumes:[] Produces:[] sources  lbl7 targets  lbl9
 lbl9 (8) : LSTORE_0	 Stack:-1	Consumes:[] Produces:[] sources  lbl8 targets  lbl10
 lbl10 (9) : ISHL	 Stack:-1	Consumes:[] Produces:[] sources  lbl9 targets  lbl11
 lbl11 (10) : NOP	 Stack:-1	Consumes:[] Produces:[] sources  lbl10 targets  lbl12
 lbl12 (11) : ICONST_4	 Stack:-1	Consumes:[] Produces:[] sources  lbl11 targets  lbl13
 lbl13 (12) : IF_ICMPLE	 Stack:-1	Consumes:[] Produces:[] sources  lbl12 targets  lbl14 lbl15
 lbl14 (15) : AASTORE	 Stack:-1	Consumes:[] Produces:[] sources  lbl13 targets  lbl15
 lbl15 (21) : ALOAD	 Stack:-1	Consumes:[] Produces:[] sources  lbl13 lbl14 targets 
----[known stack info]------------

 lbl0 (-1) : NOP	 Stack:0	Consumes:[] Produces:[] sources  targets  lbl1
 lbl1 (0) : LSTORE_0	 Stack:0	Consumes:[null ] Produces:[] sources  lbl0 targets  lbl2
 lbl2 (1) : ISHL	 Stack:-1	Consumes:[] Produces:[] sources  lbl1 targets  lbl3
 lbl3 (2) : NOP	 Stack:-1	Consumes:[] Produces:[] sources  lbl2 targets  lbl4
 lbl4 (3) : ICONST_2	 Stack:-1	Consumes:[] Produces:[] sources  lbl3 targets  lbl5
 lbl5 (4) : LSTORE_0	 Stack:-1	Consumes:[] Produces:[] sources  lbl4 targets  lbl6
 lbl6 (5) : ISHL	 Stack:-1	Consumes:[] Produces:[] sources  lbl5 targets  lbl7
 lbl7 (6) : NOP	 Stack:-1	Consumes:[] Produces:[] sources  lbl6 targets  lbl8
 lbl8 (7) : ICONST_3	 Stack:-1	Consumes:[] Produces:[] sources  lbl7 targets  lbl9
 lbl9 (8) : LSTORE_0	 Stack:-1	Consumes:[] Produces:[] sources  lbl8 targets  lbl10
 lbl10 (9) : ISHL	 Stack:-1	Consumes:[] Produces:[] sources  lbl9 targets  lbl11
 lbl11 (10) : NOP	 Stack:-1	Consumes:[] Produces:[] sources  lbl10 targets  lbl12
 lbl12 (11) : ICONST_4	 Stack:-1	Consumes:[] Produces:[] sources  lbl11 targets  lbl13
 lbl13 (12) : IF_ICMPLE	 Stack:-1	Consumes:[] Produces:[] sources  lbl12 targets  lbl14 lbl15
 lbl14 (15) : AASTORE	 Stack:-1	Consumes:[] Produces:[] sources  lbl13 targets  lbl15
 lbl15 (21) : ALOAD	 Stack:-1	Consumes:[] Produces:[] sources  lbl13 lbl14 targets 
----[known stack info]------------

 lbl0 (-1) : NOP	 Stack:0	Consumes:[] Produces:[] sources  targets  lbl1
 lbl1 (0) : LSTORE_0	 Stack:0	Consumes:[null ] Produces:[] sources  lbl0 targets  lbl2
 lbl2 (1) : ISHL	 Stack:-1	Consumes:[] Produces:[] sources  lbl1 targets  lbl3
 lbl3 (2) : NOP	 Stack:-1	Consumes:[] Produces:[] sources  lbl2 targets  lbl4
 lbl4 (3) : ICONST_2	 Stack:-1	Consumes:[] Produces:[] sources  lbl3 targets  lbl5
 lbl5 (4) : LSTORE_0	 Stack:-1	Consumes:[] Produces:[] sources  lbl4 targets  lbl6
 lbl6 (5) : ISHL	 Stack:-1	Consumes:[] Produces:[] sources  lbl5 targets  lbl7
 lbl7 (6) : NOP	 Stack:-1	Consumes:[] Produces:[] sources  lbl6 targets  lbl8
 lbl8 (7) : ICONST_3	 Stack:-1	Consumes:[] Produces:[] sources  lbl7 targets  lbl9
 lbl9 (8) : LSTORE_0	 Stack:-1	Consumes:[] Produces:[] sources  lbl8 targets  lbl10
 lbl10 (9) : ISHL	 Stack:-1	Consumes:[] Produces:[] sources  lbl9 targets  lbl11
 lbl11 (10) : NOP	 Stack:-1	Consumes:[] Produces:[] sources  lbl10 targets  lbl12
 lbl12 (11) : ICONST_4	 Stack:-1	Consumes:[] Produces:[] sources  lbl11 targets  lbl13
 lbl13 (12) : IF_ICMPLE	 Stack:-1	Consumes:[] Produces:[] sources  lbl12 targets  lbl14 lbl15
 lbl14 (15) : AASTORE	 Stack:-1	Consumes:[] Produces:[] sources  lbl13 targets  lbl15
 lbl15 (21) : ALOAD	 Stack:-1	Consumes:[] Produces:[] sources  lbl13 lbl14 targets 
----[known stack info]------------

 lbl0 (-1) : NOP	 Stack:0	Consumes:[] Produces:[] sources  targets  lbl1
 lbl1 (0) : LSTORE_0	 Stack:0	Consumes:[null ] Produces:[] sources  lbl0 targets  lbl2
 lbl2 (1) : ISHL	 Stack:-1	Consumes:[] Produces:[] sources  lbl1 targets  lbl3
 lbl3 (2) : NOP	 Stack:-1	Consumes:[] Produces:[] sources  lbl2 targets  lbl4
 lbl4 (3) : ICONST_2	 Stack:-1	Consumes:[] Produces:[] sources  lbl3 targets  lbl5
 lbl5 (4) : LSTORE_0	 Stack:-1	Consumes:[] Produces:[] sources  lbl4 targets  lbl6
 lbl6 (5) : ISHL	 Stack:-1	Consumes:[] Produces:[] sources  lbl5 targets  lbl7
 lbl7 (6) : NOP	 Stack:-1	Consumes:[] Produces:[] sources  lbl6 targets  lbl8
 lbl8 (7) : ICONST_3	 Stack:-1	Consumes:[] Produces:[] sources  lbl7 targets  lbl9
 lbl9 (8) : LSTORE_0	 Stack:-1	Consumes:[] Produces:[] sources  lbl8 targets  lbl10
 lbl10 (9) : ISHL	 Stack:-1	Consumes:[] Produces:[] sources  lbl9 targets  lbl11
 lbl11 (10) : NOP	 Stack:-1	Consumes:[] Produces:[] sources  lbl10 targets  lbl12
 lbl12 (11) : ICONST_4	 Stack:-1	Consumes:[] Produces:[] sources  lbl11 targets  lbl13
 lbl13 (12) : IF_ICMPLE	 Stack:-1	Consumes:[] Produces:[] sources  lbl12 targets  lbl14 lbl15
 lbl14 (15) : AASTORE	 Stack:-1	Consumes:[] Produces:[] sources  lbl13 targets  lbl15
 lbl15 (21) : ALOAD	 Stack:-1	Consumes:[] Produces:[] sources  lbl13 lbl14 targets 
----[known stack info]------------

 lbl0 (-1) : NOP	 Stack:0	Consumes:[] Produces:[] sources  targets  lbl1
 lbl1 (0) : LSTORE_0	 Stack:0	Consumes:[null ] Produces:[] sources  lbl0 targets  lbl2
 lbl2 (1) : ISHL	 Stack:-1	Consumes:[] Produces:[] sources  lbl1 targets  lbl3
 lbl3 (2) : NOP	 Stack:-1	Consumes:[] Produces:[] sources  lbl2 targets  lbl4
 lbl4 (3) : ICONST_2	 Stack:-1	Consumes:[] Produces:[] sources  lbl3 targets  lbl5
 lbl5 (4) : LSTORE_0	 Stack:-1	Consumes:[] Produces:[] sources  lbl4 targets  lbl6
 lbl6 (5) : ISHL	 Stack:-1	Consumes:[] Produces:[] sources  lbl5 targets  lbl7
 lbl7 (6) : NOP	 Stack:-1	Consumes:[] Produces:[] sources  lbl6 targets  lbl8
 lbl8 (7) : ICONST_3	 Stack:-1	Consumes:[] Produces:[] sources  lbl7 targets  lbl9
 lbl9 (8) : LSTORE_0	 Stack:-1	Consumes:[] Produces:[] sources  lbl8 targets  lbl10
 lbl10 (9) : ISHL	 Stack:-1	Consumes:[] Produces:[] sources  lbl9 targets  lbl11
 lbl11 (10) : NOP	 Stack:-1	Consumes:[] Produces:[] sources  lbl10 targets  lbl12
 lbl12 (11) : ICONST_4	 Stack:-1	Consumes:[] Produces:[] sources  lbl11 targets  lbl13
 lbl13 (12) : IF_ICMPLE	 Stack:-1	Consumes:[] Produces:[] sources  lbl12 targets  lbl14 lbl15
 lbl14 (15) : AASTORE	 Stack:-1	Consumes:[] Produces:[] sources  lbl13 targets  lbl15
 lbl15 (21) : ALOAD	 Stack:-1	Consumes:[] Produces:[] sources  lbl13 lbl14 targets 
----[known stack info]------------

 lbl0 (-1) : NOP	 Stack:0	Consumes:[] Produces:[] sources  targets  lbl1
 lbl1 (0) : LSTORE_0	 Stack:0	Consumes:[null ] Produces:[] sources  lbl0 targets  lbl2
 lbl2 (1) : ISHL	 Stack:-1	Consumes:[] Produces:[] sources  lbl1 targets  lbl3
 lbl3 (2) : NOP	 Stack:-1	Consumes:[] Produces:[] sources  lbl2 targets  lbl4
 lbl4 (3) : ICONST_2	 Stack:-1	Consumes:[] Produces:[] sources  lbl3 targets  lbl5
 lbl5 (4) : LSTORE_0	 Stack:-1	Consumes:[] Produces:[] sources  lbl4 targets  lbl6
 lbl6 (5) : ISHL	 Stack:-1	Consumes:[] Produces:[] sources  lbl5 targets  lbl7
 lbl7 (6) : NOP	 Stack:-1	Consumes:[] Produces:[] sources  lbl6 targets  lbl8
 lbl8 (7) : ICONST_3	 Stack:-1	Consumes:[] Produces:[] sources  lbl7 targets  lbl9
 lbl9 (8) : LSTORE_0	 Stack:-1	Consumes:[] Produces:[] sources  lbl8 targets  lbl10
 lbl10 (9) : ISHL	 Stack:-1	Consumes:[] Produces:[] sources  lbl9 targets  lbl11
 lbl11 (10) : NOP	 Stack:-1	Consumes:[] Produces:[] sources  lbl10 targets  lbl12
 lbl12 (11) : ICONST_4	 Stack:-1	Consumes:[] Produces:[] sources  lbl11 targets  lbl13
 lbl13 (12) : IF_ICMPLE	 Stack:-1	Consumes:[] Produces:[] sources  lbl12 targets  lbl14 lbl15
 lbl14 (15) : AASTORE	 Stack:-1	Consumes:[] Produces:[] sources  lbl13 targets  lbl15
 lbl15 (21) : ALOAD	 Stack:-1	Consumes:[] Produces:[] sources  lbl13 lbl14 targets 
----[known stack info]------------

 lbl0 (-1) : NOP	 Stack:0	Consumes:[] Produces:[] sources  targets  lbl1
 lbl1 (0) : IF_ICMPLE	 Stack:0	Consumes:[null ] Produces:[] sources  lbl0 targets  lbl2 lbl9
 lbl2 (3) : LSTORE_0	 Stack:-1	Consumes:[] Produces:[] sources  lbl1 targets  lbl3
 lbl3 (4) : LSTORE_1	 Stack:-1	Consumes:[] Produces:[] sources  lbl2 targets  lbl4
 lbl4 (5) : LSTORE_2	 Stack:-1	Consumes:[] Produces:[] sources  lbl3 targets  lbl5
 lbl5 (6) : RETURN	 Stack:-1	Consumes:[] Produces:[] sources  lbl4 targets 
 lbl6 (7) : NOP	 Stack:-1	Consumes:[] Produces:[] sources  targets  lbl7
 lbl7 (8) : IAND	 Stack:-1	Consumes:[] Produces:[] sources  lbl6 targets  lbl8
 lbl8 (9) : ISUB	 Stack:-1	Consumes:[] Produces:[] sources  lbl7 targets  lbl9
 lbl9 (134) : NOP	 Stack:-1	Consumes:[] Produces:[] sources  lbl1 lbl8 targets 
----[known stack info]------------

 lbl0 (-1) : NOP	 Stack:0	Consumes:[] Produces:[] sources  targets  lbl1
 lbl1 (0) : IF_ICMPLE	 Stack:0	Consumes:[null ] Produces:[] sources  lbl0 targets  lbl2 lbl9
 lbl2 (3) : LSTORE_0	 Stack:-1	Consumes:[] Produces:[] sources  lbl1 targets  lbl3
 lbl3 (4) : LSTORE_1	 Stack:-1	Consumes:[] Produces:[] sources  lbl2 targets  lbl4
 lbl4 (5) : LSTORE_2	 Stack:-1	Consumes:[] Produces:[] sources  lbl3 targets  lbl5
 lbl5 (6) : RETURN	 Stack:-1	Consumes:[] Produces:[] sources  lbl4 targets 
 lbl6 (7) : NOP	 Stack:-1	Consumes:[] Produces:[] sources  targets  lbl7
 lbl7 (8) : IAND	 Stack:-1	Consumes:[] Produces:[] sources  lbl6 targets  lbl8
 lbl8 (9) : ISUB	 Stack:-1	Consumes:[] Produces:[] sources  lbl7 targets  lbl9
 lbl9 (134) : NOP	 Stack:-1	Consumes:[] Produces:[] sources  lbl1 lbl8 targets 
----[known stack info]------------

 lbl0 (-1) : NOP	 Stack:0	Consumes:[] Produces:[] sources  targets  lbl1
 lbl1 (0) : IF_ICMPLE	 Stack:0	Consumes:[null ] Produces:[] sources  lbl0 targets  lbl2 lbl9
 lbl2 (3) : LSTORE_0	 Stack:-1	Consumes:[] Produces:[] sources  lbl1 targets  lbl3
 lbl3 (4) : LSTORE_1	 Stack:-1	Consumes:[] Produces:[] sources  lbl2 targets  lbl4
 lbl4 (5) : LSTORE_2	 Stack:-1	Consumes:[] Produces:[] sources  lbl3 targets  lbl5
 lbl5 (6) : RETURN	 Stack:-1	Consumes:[] Produces:[] sources  lbl4 targets 
 lbl6 (7) : NOP	 Stack:-1	Consumes:[] Produces:[] sources  targets  lbl7
 lbl7 (8) : IAND	 Stack:-1	Consumes:[] Produces:[] sources  lbl6 targets  lbl8
 lbl8 (9) : ISUB	 Stack:-1	Consumes:[] Produces:[] sources  lbl7 targets  lbl9
 lbl9 (134) : NOP	 Stack:-1	Consumes:[] Produces:[] sources  lbl1 lbl8 targets 
----[known stack info]------------

 lbl0 (-1) : NOP	 Stack:0	Consumes:[] Produces:[] sources  targets  lbl1
 lbl1 (0) : IF_ICMPLE	 Stack:0	Consumes:[null ] Produces:[] sources  lbl0 targets  lbl2 lbl9
 lbl2 (3) : LSTORE_0	 Stack:-1	Consumes:[] Produces:[] sources  lbl1 targets  lbl3
 lbl3 (4) : LSTORE_1	 Stack:-1	Consumes:[] Produces:[] sources  lbl2 targets  lbl4
 lbl4 (5) : LSTORE_2	 Stack:-1	Consumes:[] Produces:[] sources  lbl3 targets  lbl5
 lbl5 (6) : RETURN	 Stack:-1	Consumes:[] Produces:[] sources  lbl4 targets 
 lbl6 (7) : NOP	 Stack:-1	Consumes:[] Produces:[] sources  targets  lbl7
 lbl7 (8) : IAND	 Stack:-1	Consumes:[] Produces:[] sources  lbl6 targets  lbl8
 lbl8 (9) : ISUB	 Stack:-1	Consumes:[] Produces:[] sources  lbl7 targets  lbl9
 lbl9 (134) : NOP	 Stack:-1	Consumes:[] Produces:[] sources  lbl1 lbl8 targets 
----[known stack info]------------

 lbl0 (-1) : NOP	 Stack:0	Consumes:[] Produces:[] sources  targets  lbl1
 lbl1 (0) : IF_ICMPLE	 Stack:0	Consumes:[null ] Produces:[] sources  lbl0 targets  lbl2 lbl9
 lbl2 (3) : LSTORE_0	 Stack:-1	Consumes:[] Produces:[] sources  lbl1 targets  lbl3
 lbl3 (4) : LSTORE_1	 Stack:-1	Consumes:[] Produces:[] sources  lbl2 targets  lbl4
 lbl4 (5) : LSTORE_2	 Stack:-1	Consumes:[] Produces:[] sources  lbl3 targets  lbl5
 lbl5 (6) : RETURN	 Stack:-1	Consumes:[] Produces:[] sources  lbl4 targets 
 lbl6 (7) : NOP	 Stack:-1	Consumes:[] Produces:[] sources  targets  lbl7
 lbl7 (8) : IAND	 Stack:-1	Consumes:[] Produces:[] sources  lbl6 targets  lbl8
 lbl8 (9) : ISUB	 Stack:-1	Consumes:[] Produces:[] sources  lbl7 targets  lbl9
 lbl9 (134) : NOP	 Stack:-1	Consumes:[] Produces:[] sources  lbl1 lbl8 targets 
----[known stack info]------------

 lbl0 (-1) : NOP	 Stack:0	Consumes:[] Produces:[] sources  targets  lbl1
 lbl1 (0) : IF_ICMPLE	 Stack:0	Consumes:[null ] Produces:[] sources  lbl0 targets  lbl2 lbl9
 lbl2 (3) : LSTORE_0	 Stack:-1	Consumes:[] Produces:[] sources  lbl1 targets  lbl3
 lbl3 (4) : LSTORE_1	 Stack:-1	Consumes:[] Produces:[] sources  lbl2 targets  lbl4
 lbl4 (5) : LSTORE_2	 Stack:-1	Consumes:[] Produces:[] sources  lbl3 targets  lbl5
 lbl5 (6) : RETURN	 Stack:-1	Consumes:[] Produces:[] sources  lbl4 targets 
 lbl6 (7) : NOP	 Stack:-1	Consumes:[] Produces:[] sources  targets  lbl7
 lbl7 (8) : IAND	 Stack:-1	Consumes:[] Produces:[] sources  lbl6 targets  lbl8
 lbl8 (9) : ISUB	 Stack:-1	Consumes:[] Produces:[] sources  lbl7 targets  lbl9
 lbl9 (134) : NOP	 Stack:-1	Consumes:[] Produces:[] sources  lbl1 lbl8 targets 
----[known stack info]------------

 lbl0 (-1) : NOP	 Stack:0	Consumes:[] Produces:[] sources  targets  lbl1
 lbl1 (0) : IF_ICMPLE	 Stack:0	Consumes:[null ] Produces:[] sources  lbl0 targets  lbl2 lbl9
 lbl2 (3) : LSTORE_0	 Stack:-1	Consumes:[] Produces:[] sources  lbl1 targets  lbl3
 lbl3 (4) : LSTORE_1	 Stack:-1	Consumes:[] Produces:[] sources  lbl2 targets  lbl4
 lbl4 (5) : LSTORE_2	 Stack:-1	Consumes:[] Produces:[] sources  lbl3 targets  lbl5
 lbl5 (6) : RETURN	 Stack:-1	Consumes:[] Produces:[] sources  lbl4 targets 
 lbl6 (7) : NOP	 Stack:-1	Consumes:[] Produces:[] sources  targets  lbl7
 lbl7 (8) : IAND	 Stack:-1	Consumes:[] Produces:[] sources  lbl6 targets  lbl8
 lbl8 (9) : ISUB	 Stack:-1	Consumes:[] Produces:[] sources  lbl7 targets  lbl9
 lbl9 (134) : NOP	 Stack:-1	Consumes:[] Produces:[] sources  lbl1 lbl8 targets 
----[known stack info]------------

 lbl0 (-1) : NOP	 Stack:0	Consumes:[] Produces:[] sources  targets  lbl1
 lbl1 (0) : IF_ICMPLE	 Stack:0	Consumes:[null ] Produces:[] sources  lbl0 targets  lbl2 lbl9
 lbl2 (3) : LSTORE_0	 Stack:-1	Consumes:[] Produces:[] sources  lbl1 targets  lbl3
 lbl3 (4) : LSTORE_1	 Stack:-1	Consumes:[] Produces:[] sources  lbl2 targets  lbl4
 lbl4 (5) : LSTORE_2	 Stack:-1	Consumes:[] Produces:[] sources  lbl3 targets  lbl5
 lbl5 (6) : RETURN	 Stack:-1	Consumes:[] Produces:[] sources  lbl4 targets 
 lbl6 (7) : NOP	 Stack:-1	Consumes:[] Produces:[] sources  targets  lbl7
 lbl7 (8) : IAND	 Stack:-1	Consumes:[] Produces:[] sources  lbl6 targets  lbl8
 lbl8 (9) : ISUB	 Stack:-1	Consumes:[] Produces:[] sources  lbl7 targets  lbl9
 lbl9 (134) : NOP	 Stack:-1	Consumes:[] Produces:[] sources  lbl1 lbl8 targets 
----[known stack info]------------

 lbl0 (-1) : NOP	 Stack:0	Consumes:[] Produces:[] sources  targets  lbl1
 lbl1 (0) : IF_ICMPLE	 Stack:0	Consumes:[null ] Produces:[] sources  lbl0 targets  lbl2 lbl9
 lbl2 (3) : LSTORE_0	 Stack:-1	Consumes:[] Produces:[] sources  lbl1 targets  lbl3
 lbl3 (4) : LSTORE_1	 Stack:-1	Consumes:[] Produces:[] sources  lbl2 targets  lbl4
 lbl4 (5) : LSTORE_2	 Stack:-1	Consumes:[] Produces:[] sources  lbl3 targets  lbl5
 lbl5 (6) : RETURN	 Stack:-1	Consumes:[] Produces:[] sources  lbl4 targets 
 lbl6 (7) : NOP	 Stack:-1	Consumes:[] Produces:[] sources  targets  lbl7
 lbl7 (8) : IAND	 Stack:-1	Consumes:[] Produces:[] sources  lbl6 targets  lbl8
 lbl8 (9) : ISUB	 Stack:-1	Consumes:[] Produces:[] sources  lbl7 targets  lbl9
 lbl9 (134) : NOP	 Stack:-1	Consumes:[] Produces:[] sources  lbl1 lbl8 targets 
----[known stack info]------------

 lbl0 (-1) : NOP	 Stack:0	Consumes:[] Produces:[] sources  targets  lbl1
 lbl1 (0) : IF_ICMPLE	 Stack:0	Consumes:[null ] Produces:[] sources  lbl0 targets  lbl2 lbl9
 lbl2 (3) : LSTORE_0	 Stack:-1	Consumes:[] Produces:[] sources  lbl1 targets  lbl3
 lbl3 (4) : LSTORE_1	 Stack:-1	Consumes:[] Produces:[] sources  lbl2 targets  lbl4
 lbl4 (5) : LSTORE_2	 Stack:-1	Consumes:[] Produces:[] sources  lbl3 targets  lbl5
 lbl5 (6) : RETURN	 Stack:-1	Consumes:[] Produces:[] sources  lbl4 targets 
 lbl6 (7) : NOP	 Stack:-1	Consumes:[] Produces:[] sources  targets  lbl7
 lbl7 (8) : IAND	 Stack:-1	Consumes:[] Produces:[] sources  lbl6 targets  lbl8
 lbl8 (9) : ISUB	 Stack:-1	Consumes:[] Produces:[] sources  lbl7 targets  lbl9
 lbl9 (134) : NOP	 Stack:-1	Consumes:[] Produces:[] sources  lbl1 lbl8 targets 
----[known stack info]------------

 lbl0 (-1) : NOP	 Stack:0	Consumes:[] Produces:[] sources  targets  lbl1
 lbl1 (0) : LSTORE_0	 Stack:0	Consumes:[null ] Produces:[] sources  lbl0 targets  lbl2
 lbl2 (1) : RETURN	 Stack:-1	Consumes:[] Produces:[] sources  lbl1 targets 
 lbl3 (2) : NOP	 Stack:-1	Consumes:[] Produces:[] sources  targets  lbl4
 lbl4 (3) : DUP2	 Stack:-1	Consumes:[] Produces:[] sources  lbl3 targets  lbl5
 lbl5 (4) : AASTORE	 Stack:-1	Consumes:[] Produces:[] sources  lbl4 targets 
----[known stack info]------------

 lbl0 (-1) : NOP	 Stack:0	Consumes:[] Produces:[] sources  targets  lbl1
 lbl1 (0) : LSTORE_0	 Stack:0	Consumes:[null ] Produces:[] sources  lbl0 targets  lbl2
 lbl2 (1) : RETURN	 Stack:-1	Consumes:[] Produces:[] sources  lbl1 targets 
 lbl3 (2) : NOP	 Stack:-1	Consumes:[] Produces:[] sources  targets  lbl4
 lbl4 (3) : DUP2	 Stack:-1	Consumes:[] Produces:[] sources  lbl3 targets  lbl5
 lbl5 (4) : AASTORE	 Stack:-1	Consumes:[] Produces:[] sources  lbl4 targets 
----[known stack info]------------

 lbl0 (-1) : NOP	 Stack:0	Consumes:[] Produces:[] sources  targets  lbl1
 lbl1 (0) : LSTORE_0	 Stack:0	Consumes:[null ] Produces:[] sources  lbl0 targets  lbl2
 lbl2 (1) : RETURN	 Stack:-1	Consumes:[] Produces:[] sources  lbl1 targets 
 lbl3 (2) : NOP	 Stack:-1	Consumes:[] Produces:[] sources  targets  lbl4
 lbl4 (3) : DUP2	 Stack:-1	Consumes:[] Produces:[] sources  lbl3 targets  lbl5
 lbl5 (4) : AASTORE	 Stack:-1	Consumes:[] Produces:[] sources  lbl4 targets 
----[known stack info]------------

 lbl0 (-1) : NOP	 Stack:0	Consumes:[] Produces:[] sources  targets  lbl1
 lbl1 (0) : LSTORE_0	 Stack:0	Consumes:[null ] Produces:[] sources  lbl0 targets  lbl2
 lbl2 (1) : RETURN	 Stack:-1	Consumes:[] Produces:[] sources  lbl1 targets 
 lbl3 (2) : NOP	 Stack:-1	Consumes:[] Produces:[] sources  targets  lbl4
 lbl4 (3) : DUP2	 Stack:-1	Consumes:[] Produces:[] sources  lbl3 targets  lbl5
 lbl5 (4) : AASTORE	 Stack:-1	Consumes:[] Produces:[] sources  lbl4 targets 
----[known stack info]------------

 lbl0 (-1) : NOP	 Stack:0	Consumes:[] Produces:[] sources  targets  lbl1
 lbl1 (0) : LSTORE_0	 Stack:0	Consumes:[null ] Produces:[] sources  lbl0 targets  lbl2
 lbl2 (1) : RETURN	 Stack:-1	Consumes:[] Produces:[] sources  lbl1 targets 
 lbl3 (2) : NOP	 Stack:-1	Consumes:[] Produces:[] sources  targets  lbl4
 lbl4 (3) : DUP2	 Stack:-1	Consumes:[] Produces:[] sources  lbl3 targets  lbl5
 lbl5 (4) : AASTORE	 Stack:-1	Consumes:[] Produces:[] sources  lbl4 targets 
----[known stack info]------------

 lbl0 (-1) : NOP	 Stack:0	Consumes:[] Produces:[] sources  targets  lbl1
 lbl1 (0) : LSTORE_0	 Stack:0	Consumes:[null ] Produces:[] sources  lbl0 targets  lbl2
 lbl2 (1) : RETURN	 Stack:-1	Consumes:[] Produces:[] sources  lbl1 targets 
 lbl3 (2) : NOP	 Stack:-1	Consumes:[] Produces:[] sources  targets  lbl4
 lbl4 (3) : DUP2	 Stack:-1	Consumes:[] Produces:[] sources  lbl3 targets  lbl5
 lbl5 (4) : AASTORE	 Stack:-1	Consumes:[] Produces:[] sources  lbl4 targets 
----[known stack info]------------

 lbl0 (-1) : NOP	 Stack:0	Consumes:[] Produces:[] sources  targets  lbl1
 lbl1 (0) : LSTORE_0	 Stack:0	Consumes:[null ] Produces:[] sources  lbl0 targets  lbl2
 lbl2 (1) : RETURN	 Stack:-1	Consumes:[] Produces:[] sources  lbl1 targets 
 lbl3 (2) : NOP	 Stack:-1	Consumes:[] Produces:[] sources  targets  lbl4
 lbl4 (3) : DUP2	 Stack:-1	Consumes:[] Produces:[] sources  lbl3 targets  lbl5
 lbl5 (4) : AASTORE	 Stack:-1	Consumes:[] Produces:[] sources  lbl4 targets 
----[known stack info]------------

 lbl0 (-1) : NOP	 Stack:0	Consumes:[] Produces:[] sources  targets  lbl1
 lbl1 (0) : LSTORE_0	 Stack:0	Consumes:[null ] Produces:[] sources  lbl0 targets  lbl2
 lbl2 (1) : RETURN	 Stack:-1	Consumes:[] Produces:[] sources  lbl1 targets 
 lbl3 (2) : NOP	 Stack:-1	Consumes:[] Produces:[] sources  targets  lbl4
 lbl4 (3) : DUP2	 Stack:-1	Consumes:[] Produces:[] sources  lbl3 targets  lbl5
 lbl5 (4) : AASTORE	 Stack:-1	Consumes:[] Produces:[] sources  lbl4 targets 
----[known stack info]------------

 lbl0 (-1) : NOP	 Stack:0	Consumes:[] Produces:[] sources  targets  lbl1
 lbl1 (0) : LSTORE_0	 Stack:0	Consumes:[null ] Produces:[] sources  lbl0 targets  lbl2
 lbl2 (1) : RETURN	 Stack:-1	Consumes:[] Produces:[] sources  lbl1 targets 
 lbl3 (2) : NOP	 Stack:-1	Consumes:[] Produces:[] sources  targets  lbl4
 lbl4 (3) : DUP2	 Stack:-1	Consumes:[] Produces:[] sources  lbl3 targets  lbl5
 lbl5 (4) : AASTORE	 Stack:-1	Consumes:[] Produces:[] sources  lbl4 targets 
----[known stack info]------------

 lbl0 (-1) : NOP	 Stack:0	Consumes:[] Produces:[] sources  targets  lbl1
 lbl1 (0) : LSTORE_0	 Stack:0	Consumes:[null ] Produces:[] sources  lbl0 targets  lbl2
 lbl2 (1) : RETURN	 Stack:-1	Consumes:[] Produces:[] sources  lbl1 targets 
 lbl3 (2) : NOP	 Stack:-1	Consumes:[] Produces:[] sources  targets  lbl4
 lbl4 (3) : DUP2	 Stack:-1	Consumes:[] Produces:[] sources  lbl3 targets  lbl5
 lbl5 (4) : AASTORE	 Stack:-1	Consumes:[] Produces:[] sources  lbl4 targets 
----[known stack info]------------

 lbl0 (-1) : NOP	 Stack:0	Consumes:[] Produces:[] sources  targets  lbl1
 lbl1 (0) : LSTORE_0	 Stack:0	Consumes:[null ] Produces:[] sources  lbl0 targets  lbl2
 lbl2 (1) : LSTORE_1	 Stack:-1	Consumes:[] Produces:[] sources  lbl1 targets  lbl3
 lbl3 (2) : DADD	 Stack:-1	Consumes:[] Produces:[] sources  lbl2 targets  lbl4
 lbl4 (3) : NOP	 Stack:-1	Consumes:[] Produces:[] sources  lbl3 targets  lbl5
 lbl5 (4) : BIPUSH	 Stack:-1	Consumes:[] Produces:[] sources  lbl4 targets  lbl6
 lbl6 (6) : DLOAD_2	 Stack:-1	Consumes:[] Produces:[] sources  lbl5 targets  lbl7
 lbl7 (7) : DLOAD_3	 Stack:-1	Consumes:[] Produces:[] sources  lbl6 targets  lbl8
 lbl8 (8) : MONITORENTER	 Stack:-1	Consumes:[] Produces:[] sources  lbl7 targets  lbl9
 lbl9 (9) : NOP	 Stack:-1	Consumes:[] Produces:[] sources  lbl8 targets  lbl10
 lbl10 (10) : FSTORE_1	 Stack:-1	Consumes:[] Produces:[] sources  lbl9 targets  lbl11
 lbl11 (11) : DADD	 Stack:-1	Consumes:[] Produces:[] sources  lbl10 targets  lbl12
 lbl12 (12) : NOP	 Stack:-1	Consumes:[] Produces:[] sources  lbl11 targets  lbl13
 lbl13 (13) : FCONST_2	 Stack:-1	Consumes:[] Produces:[] sources  lbl12 targets  lbl14
 lbl14 (14) : IDIV	 Stack:-1	Consumes:[] Produces:[] sources  lbl13 targets  lbl15
 lbl15 (15) : JSR	 Stack:-1	Consumes:[] Produces:[] sources  lbl14 targets  lbl24
 lbl16 (18) : ICONST_2	 Stack:-1	Consumes:[] Produces:[] sources  targets  lbl17
 lbl17 (19) : MONITORENTER	 Stack:-1	Consumes:[] Produces:[] sources  lbl16 targets  lbl18
 lbl18 (20) : NOP	 Stack:-1	Consumes:[] Produces:[] sources  lbl17 targets  lbl19
 lbl19 (21) : ISTORE_0	 Stack:-1	Consumes:[] Produces:[] sources  lbl18 targets  lbl20
 lbl20 (22) : MONITORENTER	 Stack:-1	Consumes:[] Produces:[] sources  lbl19 targets  lbl21
 lbl21 (23) : NOP	 Stack:-1	Consumes:[] Produces:[] sources  lbl20 targets  lbl22
 lbl22 (24) : ASTORE_2	 Stack:-1	Consumes:[] Produces:[] sources  lbl21 targets  lbl23
 lbl23 (25) : ISUB	 Stack:-1	Consumes:[] Produces:[] sources  lbl22 targets  lbl24
 lbl24 (1207) : LSTORE_0	 Stack:-1	Consumes:[] Produces:[] sources  lbl15 lbl23 targets 
----[known stack info]------------

 lbl0 (-1) : NOP	 Stack:0	Consumes:[] Produces:[] sources  targets  lbl1
 lbl1 (0) : LSTORE_0	 Stack:0	Consumes:[null ] Produces:[] sources  lbl0 targets  lbl2
 lbl2 (1) : LSTORE_1	 Stack:-1	Consumes:[] Produces:[] sources  lbl1 targets  lbl3
 lbl3 (2) : DADD	 Stack:-1	Consumes:[] Produces:[] sources  lbl2 targets  lbl4
 lbl4 (3) : NOP	 Stack:-1	Consumes:[] Produces:[] sources  lbl3 targets  lbl5
 lbl5 (4) : BIPUSH	 Stack:-1	Consumes:[] Produces:[] sources  lbl4 targets  lbl6
 lbl6 (6) : DLOAD_2	 Stack:-1	Consumes:[] Produces:[] sources  lbl5 targets  lbl7
 lbl7 (7) : DLOAD_3	 Stack:-1	Consumes:[] Produces:[] sources  lbl6 targets  lbl8
 lbl8 (8) : MONITORENTER	 Stack:-1	Consumes:[] Produces:[] sources  lbl7 targets  lbl9
 lbl9 (9) : NOP	 Stack:-1	Consumes:[] Produces:[] sources  lbl8 targets  lbl10
 lbl10 (10) : FSTORE_1	 Stack:-1	Consumes:[] Produces:[] sources  lbl9 targets  lbl11
 lbl11 (11) : DADD	 Stack:-1	Consumes:[] Produces:[] sources  lbl10 targets  lbl12
 lbl12 (12) : NOP	 Stack:-1	Consumes:[] Produces:[] sources  lbl11 targets  lbl13
 lbl13 (13) : FCONST_2	 Stack:-1	Consumes:[] Produces:[] sources  lbl12 targets  lbl14
 lbl14 (14) : IDIV	 Stack:-1	Consumes:[] Produces:[] sources  lbl13 targets  lbl15
 lbl15 (15) : JSR	 Stack:-1	Consumes:[] Produces:[] sources  lbl14 targets  lbl24
 lbl16 (18) : ICONST_2	 Stack:-1	Consumes:[] Produces:[] sources  targets  lbl17
 lbl17 (19) : MONITORENTER	 Stack:-1	Consumes:[] Produces:[] sources  lbl16 targets  lbl18
 lbl18 (20) : NOP	 Stack:-1	Consumes:[] Produces:[] sources  lbl17 targets  lbl19
 lbl19 (21) : ISTORE_0	 Stack:-1	Consumes:[] Produces:[] sources  lbl18 targets  lbl20
 lbl20 (22) : MONITORENTER	 Stack:-1	Consumes:[] Produces:[] sources  lbl19 targets  lbl21
 lbl21 (23) : NOP	 Stack:-1	Consumes:[] Produces:[] sources  lbl20 targets  lbl22
 lbl22 (24) : ASTORE_2	 Stack:-1	Consumes:[] Produces:[] sources  lbl21 targets  lbl23
 lbl23 (25) : ISUB	 Stack:-1	Consumes:[] Produces:[] sources  lbl22 targets  lbl24
 lbl24 (1207) : LSTORE_0	 Stack:-1	Consumes:[] Produces:[] sources  lbl15 lbl23 targets 
----[known stack info]------------

 lbl0 (-1) : NOP	 Stack:0	Consumes:[] Produces:[] sources  targets  lbl1
 lbl1 (0) : LSTORE_0	 Stack:0	Consumes:[null ] Produces:[] sources  lbl0 targets  lbl2
 lbl2 (1) : LSTORE_1	 Stack:-1	Consumes:[] Produces:[] sources  lbl1 targets  lbl3
 lbl3 (2) : DADD	 Stack:-1	Consumes:[] Produces:[] sources  lbl2 targets  lbl4
 lbl4 (3) : NOP	 Stack:-1	Consumes:[] Produces:[] sources  lbl3 targets  lbl5
 lbl5 (4) : BIPUSH	 Stack:-1	Consumes:[] Produces:[] sources  lbl4 targets  lbl6
 lbl6 (6) : DLOAD_2	 Stack:-1	Consumes:[] Produces:[] sources  lbl5 targets  lbl7
 lbl7 (7) : DLOAD_3	 Stack:-1	Consumes:[] Produces:[] sources  lbl6 targets  lbl8
 lbl8 (8) : MONITORENTER	 Stack:-1	Consumes:[] Produces:[] sources  lbl7 targets  lbl9
 lbl9 (9) : NOP	 Stack:-1	Consumes:[] Produces:[] sources  lbl8 targets  lbl10
 lbl10 (10) : FSTORE_1	 Stack:-1	Consumes:[] Produces:[] sources  lbl9 targets  lbl11
 lbl11 (11) : DADD	 Stack:-1	Consumes:[] Produces:[] sources  lbl10 targets  lbl12
 lbl12 (12) : NOP	 Stack:-1	Consumes:[] Produces:[] sources  lbl11 targets  lbl13
 lbl13 (13) : FCONST_2	 Stack:-1	Consumes:[] Produces:[] sources  lbl12 targets  lbl14
 lbl14 (14) : IDIV	 Stack:-1	Consumes:[] Produces:[] sources  lbl13 targets  lbl15
 lbl15 (15) : JSR	 Stack:-1	Consumes:[] Produces:[] sources  lbl14 targets  lbl24
 lbl16 (18) : ICONST_2	 Stack:-1	Consumes:[] Produces:[] sources  targets  lbl17
 lbl17 (19) : MONITORENTER	 Stack:-1	Consumes:[] Produces:[] sources  lbl16 targets  lbl18
 lbl18 (20) : NOP	 Stack:-1	Consumes:[] Produces:[] sources  lbl17 targets  lbl19
 lbl19 (21) : ISTORE_0	 Stack:-1	Consumes:[] Produces:[] sources  lbl18 targets  lbl20
 lbl20 (22) : MONITORENTER	 Stack:-1	Consumes:[] Produces:[] sources  lbl19 targets  lbl21
 lbl21 (23) : NOP	 Stack:-1	Consumes:[] Produces:[] sources  lbl20 targets  lbl22
 lbl22 (24) : ASTORE_2	 Stack:-1	Consumes:[] Produces:[] sources  lbl21 targets  lbl23
 lbl23 (25) : ISUB	 Stack:-1	Consumes:[] Produces:[] sources  lbl22 targets  lbl24
 lbl24 (1207) : LSTORE_0	 Stack:-1	Consumes:[] Produces:[] sources  lbl15 lbl23 targets 
----[known stack info]------------

 lbl0 (-1) : NOP	 Stack:0	Consumes:[] Produces:[] sources  targets  lbl1
 lbl1 (0) : LSTORE_0	 Stack:0	Consumes:[null ] Produces:[] sources  lbl0 targets  lbl2
 lbl2 (1) : LSTORE_1	 Stack:-1	Consumes:[] Produces:[] sources  lbl1 targets  lbl3
 lbl3 (2) : DADD	 Stack:-1	Consumes:[] Produces:[] sources  lbl2 targets  lbl4
 lbl4 (3) : NOP	 Stack:-1	Consumes:[] Produces:[] sources  lbl3 targets  lbl5
 lbl5 (4) : BIPUSH	 Stack:-1	Consumes:[] Produces:[] sources  lbl4 targets  lbl6
 lbl6 (6) : DLOAD_2	 Stack:-1	Consumes:[] Produces:[] sources  lbl5 targets  lbl7
 lbl7 (7) : DLOAD_3	 Stack:-1	Consumes:[] Produces:[] sources  lbl6 targets  lbl8
 lbl8 (8) : MONITORENTER	 Stack:-1	Consumes:[] Produces:[] sources  lbl7 targets  lbl9
 lbl9 (9) : NOP	 Stack:-1	Consumes:[] Produces:[] sources  lbl8 targets  lbl10
 lbl10 (10) : FSTORE_1	 Stack:-1	Consumes:[] Produces:[] sources  lbl9 targets  lbl11
 lbl11 (11) : DADD	 Stack:-1	Consumes:[] Produces:[] sources  lbl10 targets  lbl12
 lbl12 (12) : NOP	 Stack:-1	Consumes:[] Produces:[] sources  lbl11 targets  lbl13
 lbl13 (13) : FCONST_2	 Stack:-1	Consumes:[] Produces:[] sources  lbl12 targets  lbl14
 lbl14 (14) : IDIV	 Stack:-1	Consumes:[] Produces:[] sources  lbl13 targets  lbl15
 lbl15 (15) : JSR	 Stack:-1	Consumes:[] Produces:[] sources  lbl14 targets  lbl24
 lbl16 (18) : ICONST_2	 Stack:-1	Consumes:[] Produces:[] sources  targets  lbl17
 lbl17 (19) : MONITORENTER	 Stack:-1	Consumes:[] Produces:[] sources  lbl16 targets  lbl18
 lbl18 (20) : NOP	 Stack:-1	Consumes:[] Produces:[] sources  lbl17 targets  lbl19
 lbl19 (21) : ISTORE_0	 Stack:-1	Consumes:[] Produces:[] sources  lbl18 targets  lbl20
 lbl20 (22) : MONITORENTER	 Stack:-1	Consumes:[] Produces:[] sources  lbl19 targets  lbl21
 lbl21 (23) : NOP	 Stack:-1	Consumes:[] Produces:[] sources  lbl20 targets  lbl22
 lbl22 (24) : ASTORE_2	 Stack:-1	Consumes:[] Produces:[] sources  lbl21 targets  lbl23
 lbl23 (25) : ISUB	 Stack:-1	Consumes:[] Produces:[] sources  lbl22 targets  lbl24
 lbl24 (1207) : LSTORE_0	 Stack:-1	Consumes:[] Produces:[] sources  lbl15 lbl23 targets 
----[known stack info]------------

 lbl0 (-1) : NOP	 Stack:0	Consumes:[] Produces:[] sources  targets  lbl1
 lbl1 (0) : LSTORE_0	 Stack:0	Consumes:[null ] Produces:[] sources  lbl0 targets  lbl2
 lbl2 (1) : LSTORE_1	 Stack:-1	Consumes:[] Produces:[] sources  lbl1 targets  lbl3
 lbl3 (2) : DADD	 Stack:-1	Consumes:[] Produces:[] sources  lbl2 targets  lbl4
 lbl4 (3) : NOP	 Stack:-1	Consumes:[] Produces:[] sources  lbl3 targets  lbl5
 lbl5 (4) : BIPUSH	 Stack:-1	Consumes:[] Produces:[] sources  lbl4 targets  lbl6
 lbl6 (6) : DLOAD_2	 Stack:-1	Consumes:[] Produces:[] sources  lbl5 targets  lbl7
 lbl7 (7) : DLOAD_3	 Stack:-1	Consumes:[] Produces:[] sources  lbl6 targets  lbl8
 lbl8 (8) : MONITORENTER	 Stack:-1	Consumes:[] Produces:[] sources  lbl7 targets  lbl9
 lbl9 (9) : NOP	 Stack:-1	Consumes:[] Produces:[] sources  lbl8 targets  lbl10
 lbl10 (10) : FSTORE_1	 Stack:-1	Consumes:[] Produces:[] sources  lbl9 targets  lbl11
 lbl11 (11) : DADD	 Stack:-1	Consumes:[] Produces:[] sources  lbl10 targets  lbl12
 lbl12 (12) : NOP	 Stack:-1	Consumes:[] Produces:[] sources  lbl11 targets  lbl13
 lbl13 (13) : FCONST_2	 Stack:-1	Consumes:[] Produces:[] sources  lbl12 targets  lbl14
 lbl14 (14) : IDIV	 Stack:-1	Consumes:[] Produces:[] sources  lbl13 targets  lbl15
 lbl15 (15) : JSR	 Stack:-1	Consumes:[] Produces:[] sources  lbl14 targets  lbl24
 lbl16 (18) : ICONST_2	 Stack:-1	Consumes:[] Produces:[] sources  targets  lbl17
 lbl17 (19) : MONITORENTER	 Stack:-1	Consumes:[] Produces:[] sources  lbl16 targets  lbl18
 lbl18 (20) : NOP	 Stack:-1	Consumes:[] Produces:[] sources  lbl17 targets  lbl19
 lbl19 (21) : ISTORE_0	 Stack:-1	Consumes:[] Produces:[] sources  lbl18 targets  lbl20
 lbl20 (22) : MONITORENTER	 Stack:-1	Consumes:[] Produces:[] sources  lbl19 targets  lbl21
 lbl21 (23) : NOP	 Stack:-1	Consumes:[] Produces:[] sources  lbl20 targets  lbl22
 lbl22 (24) : ASTORE_2	 Stack:-1	Consumes:[] Produces:[] sources  lbl21 targets  lbl23
 lbl23 (25) : ISUB	 Stack:-1	Consumes:[] Produces:[] sources  lbl22 targets  lbl24
 lbl24 (1207) : LSTORE_0	 Stack:-1	Consumes:[] Produces:[] sources  lbl15 lbl23 targets 
----[known stack info]------------

 lbl0 (-1) : NOP	 Stack:0	Consumes:[] Produces:[] sources  targets  lbl1
 lbl1 (0) : LSTORE_0	 Stack:0	Consumes:[null ] Produces:[] sources  lbl0 targets  lbl2
 lbl2 (1) : LSTORE_1	 Stack:-1	Consumes:[] Produces:[] sources  lbl1 targets  lbl3
 lbl3 (2) : DADD	 Stack:-1	Consumes:[] Produces:[] sources  lbl2 targets  lbl4
 lbl4 (3) : NOP	 Stack:-1	Consumes:[] Produces:[] sources  lbl3 targets  lbl5
 lbl5 (4) : BIPUSH	 Stack:-1	Consumes:[] Produces:[] sources  lbl4 targets  lbl6
 lbl6 (6) : DLOAD_2	 Stack:-1	Consumes:[] Produces:[] sources  lbl5 targets  lbl7
 lbl7 (7) : DLOAD_3	 Stack:-1	Consumes:[] Produces:[] sources  lbl6 targets  lbl8
 lbl8 (8) : MONITORENTER	 Stack:-1	Consumes:[] Produces:[] sources  lbl7 targets  lbl9
 lbl9 (9) : NOP	 Stack:-1	Consumes:[] Produces:[] sources  lbl8 targets  lbl10
 lbl10 (10) : FSTORE_1	 Stack:-1	Consumes:[] Produces:[] sources  lbl9 targets  lbl11
 lbl11 (11) : DADD	 Stack:-1	Consumes:[] Produces:[] sources  lbl10 targets  lbl12
 lbl12 (12) : NOP	 Stack:-1	Consumes:[] Produces:[] sources  lbl11 targets  lbl13
 lbl13 (13) : FCONST_2	 Stack:-1	Consumes:[] Produces:[] sources  lbl12 targets  lbl14
 lbl14 (14) : IDIV	 Stack:-1	Consumes:[] Produces:[] sources  lbl13 targets  lbl15
 lbl15 (15) : JSR	 Stack:-1	Consumes:[] Produces:[] sources  lbl14 targets  lbl24
 lbl16 (18) : ICONST_2	 Stack:-1	Consumes:[] Produces:[] sources  targets  lbl17
 lbl17 (19) : MONITORENTER	 Stack:-1	Consumes:[] Produces:[] sources  lbl16 targets  lbl18
 lbl18 (20) : NOP	 Stack:-1	Consumes:[] Produces:[] sources  lbl17 targets  lbl19
 lbl19 (21) : ISTORE_0	 Stack:-1	Consumes:[] Produces:[] sources  lbl18 targets  lbl20
 lbl20 (22) : MONITORENTER	 Stack:-1	Consumes:[] Produces:[] sources  lbl19 targets  lbl21
 lbl21 (23) : NOP	 Stack:-1	Consumes:[] Produces:[] sources  lbl20 targets  lbl22
 lbl22 (24) : ASTORE_2	 Stack:-1	Consumes:[] Produces:[] sources  lbl21 targets  lbl23
 lbl23 (25) : ISUB	 Stack:-1	Consumes:[] Produces:[] sources  lbl22 targets  lbl24
 lbl24 (1207) : LSTORE_0	 Stack:-1	Consumes:[] Produces:[] sources  lbl15 lbl23 targets 
----[known stack info]------------

 lbl0 (-1) : NOP	 Stack:0	Consumes:[] Produces:[] sources  targets  lbl1
 lbl1 (0) : LSTORE_0	 Stack:0	Consumes:[null ] Produces:[] sources  lbl0 targets  lbl2
 lbl2 (1) : LSTORE_1	 Stack:-1	Consumes:[] Produces:[] sources  lbl1 targets  lbl3
 lbl3 (2) : DADD	 Stack:-1	Consumes:[] Produces:[] sources  lbl2 targets  lbl4
 lbl4 (3) : NOP	 Stack:-1	Consumes:[] Produces:[] sources  lbl3 targets  lbl5
 lbl5 (4) : BIPUSH	 Stack:-1	Consumes:[] Produces:[] sources  lbl4 targets  lbl6
 lbl6 (6) : DLOAD_2	 Stack:-1	Consumes:[] Produces:[] sources  lbl5 targets  lbl7
 lbl7 (7) : DLOAD_3	 Stack:-1	Consumes:[] Produces:[] sources  lbl6 targets  lbl8
 lbl8 (8) : MONITORENTER	 Stack:-1	Consumes:[] Produces:[] sources  lbl7 targets  lbl9
 lbl9 (9) : NOP	 Stack:-1	Consumes:[] Produces:[] sources  lbl8 targets  lbl10
 lbl10 (10) : FSTORE_1	 Stack:-1	Consumes:[] Produces:[] sources  lbl9 targets  lbl11
 lbl11 (11) : DADD	 Stack:-1	Consumes:[] Produces:[] sources  lbl10 targets  lbl12
 lbl12 (12) : NOP	 Stack:-1	Consumes:[] Produces:[] sources  lbl11 targets  lbl13
 lbl13 (13) : FCONST_2	 Stack:-1	Consumes:[] Produces:[] sources  lbl12 targets  lbl14
 lbl14 (14) : IDIV	 Stack:-1	Consumes:[] Produces:[] sources  lbl13 targets  lbl15
 lbl15 (15) : JSR	 Stack:-1	Consumes:[] Produces:[] sources  lbl14 targets  lbl24
 lbl16 (18) : ICONST_2	 Stack:-1	Consumes:[] Produces:[] sources  targets  lbl17
 lbl17 (19) : MONITORENTER	 Stack:-1	Consumes:[] Produces:[] sources  lbl16 targets  lbl18
 lbl18 (20) : NOP	 Stack:-1	Consumes:[] Produces:[] sources  lbl17 targets  lbl19
 lbl19 (21) : ISTORE_0	 Stack:-1	Consumes:[] Produces:[] sources  lbl18 targets  lbl20
 lbl20 (22) : MONITORENTER	 Stack:-1	Consumes:[] Produces:[] sources  lbl19 targets  lbl21
 lbl21 (23) : NOP	 Stack:-1	Consumes:[] Produces:[] sources  lbl20 targets  lbl22
 lbl22 (24) : ASTORE_2	 Stack:-1	Consumes:[] Produces:[] sources  lbl21 targets  lbl23
 lbl23 (25) : ISUB	 Stack:-1	Consumes:[] Produces:[] sources  lbl22 targets  lbl24
 lbl24 (1207) : LSTORE_0	 Stack:-1	Consumes:[] Produces:[] sources  lbl15 lbl23 targets 
----[known stack info]------------

 lbl0 (-1) : NOP	 Stack:0	Consumes:[] Produces:[] sources  targets  lbl1
 lbl1 (0) : LSTORE_0	 Stack:0	Consumes:[null ] Produces:[] sources  lbl0 targets  lbl2
 lbl2 (1) : LSTORE_1	 Stack:-1	Consumes:[] Produces:[] sources  lbl1 targets  lbl3
 lbl3 (2) : DADD	 Stack:-1	Consumes:[] Produces:[] sources  lbl2 targets  lbl4
 lbl4 (3) : NOP	 Stack:-1	Consumes:[] Produces:[] sources  lbl3 targets  lbl5
 lbl5 (4) : BIPUSH	 Stack:-1	Consumes:[] Produces:[] sources  lbl4 targets  lbl6
 lbl6 (6) : DLOAD_2	 Stack:-1	Consumes:[] Produces:[] sources  lbl5 targets  lbl7
 lbl7 (7) : DLOAD_3	 Stack:-1	Consumes:[] Produces:[] sources  lbl6 targets  lbl8
 lbl8 (8) : MONITORENTER	 Stack:-1	Consumes:[] Produces:[] sources  lbl7 targets  lbl9
 lbl9 (9) : NOP	 Stack:-1	Consumes:[] Produces:[] sources  lbl8 targets  lbl10
 lbl10 (10) : FSTORE_1	 Stack:-1	Consumes:[] Produces:[] sources  lbl9 targets  lbl11
 lbl11 (11) : DADD	 Stack:-1	Consumes:[] Produces:[] sources  lbl10 targets  lbl12
 lbl12 (12) : NOP	 Stack:-1	Consumes:[] Produces:[] sources  lbl11 targets  lbl13
 lbl13 (13) : FCONST_2	 Stack:-1	Consumes:[] Produces:[] sources  lbl12 targets  lbl14
 lbl14 (14) : IDIV	 Stack:-1	Consumes:[] Produces:[] sources  lbl13 targets  lbl15
 lbl15 (15) : JSR	 Stack:-1	Consumes:[] Produces:[] sources  lbl14 targets  lbl24
 lbl16 (18) : ICONST_2	 Stack:-1	Consumes:[] Produces:[] sources  targets  lbl17
 lbl17 (19) : MONITORENTER	 Stack:-1	Consumes:[] Produces:[] sources  lbl16 targets  lbl18
 lbl18 (20) : NOP	 Stack:-1	Consumes:[] Produces:[] sources  lbl17 targets  lbl19
 lbl19 (21) : ISTORE_0	 Stack:-1	Consumes:[] Produces:[] sources  lbl18 targets  lbl20
 lbl20 (22) : MONITORENTER	 Stack:-1	Consumes:[] Produces:[] sources  lbl19 targets  lbl21
 lbl21 (23) : NOP	 Stack:-1	Consumes:[] Produces:[] sources  lbl20 targets  lbl22
 lbl22 (24) : ASTORE_2	 Stack:-1	Consumes:[] Produces:[] sources  lbl21 targets  lbl23
 lbl23 (25) : ISUB	 Stack:-1	Consumes:[] Produces:[] sources  lbl22 targets  lbl24
 lbl24 (1207) : LSTORE_0	 Stack:-1	Consumes:[] Produces:[] sources  lbl15 lbl23 targets 
----[known stack info]------------

 lbl0 (-1) : NOP	 Stack:0	Consumes:[] Produces:[] sources  targets  lbl1
 lbl1 (0) : LSTORE_0	 Stack:0	Consumes:[null ] Produces:[] sources  lbl0 targets  lbl2
 lbl2 (1) : LSTORE_1	 Stack:-1	Consumes:[] Produces:[] sources  lbl1 targets  lbl3
 lbl3 (2) : DADD	 Stack:-1	Consumes:[] Produces:[] sources  lbl2 targets  lbl4
 lbl4 (3) : NOP	 Stack:-1	Consumes:[] Produces:[] sources  lbl3 targets  lbl5
 lbl5 (4) : BIPUSH	 Stack:-1	Consumes:[] Produces:[] sources  lbl4 targets  lbl6
 lbl6 (6) : DLOAD_2	 Stack:-1	Consumes:[] Produces:[] sources  lbl5 targets  lbl7
 lbl7 (7) : DLOAD_3	 Stack:-1	Consumes:[] Produces:[] sources  lbl6 targets  lbl8
 lbl8 (8) : MONITORENTER	 Stack:-1	Consumes:[] Produces:[] sources  lbl7 targets  lbl9
 lbl9 (9) : NOP	 Stack:-1	Consumes:[] Produces:[] sources  lbl8 targets  lbl10
 lbl10 (10) : FSTORE_1	 Stack:-1	Consumes:[] Produces:[] sources  lbl9 targets  lbl11
 lbl11 (11) : DADD	 Stack:-1	Consumes:[] Produces:[] sources  lbl10 targets  lbl12
 lbl12 (12) : NOP	 Stack:-1	Consumes:[] Produces:[] sources  lbl11 targets  lbl13
 lbl13 (13) : FCONST_2	 Stack:-1	Consumes:[] Produces:[] sources  lbl12 targets  lbl14
 lbl14 (14) : IDIV	 Stack:-1	Consumes:[] Produces:[] sources  lbl13 targets  lbl15
 lbl15 (15) : JSR	 Stack:-1	Consumes:[] Produces:[] sources  lbl14 targets  lbl24
 lbl16 (18) : ICONST_2	 Stack:-1	Consumes:[] Produces:[] sources  targets  lbl17
 lbl17 (19) : MONITORENTER	 Stack:-1	Consumes:[] Produces:[] sources  lbl16 targets  lbl18
 lbl18 (20) : NOP	 Stack:-1	Consumes:[] Produces:[] sources  lbl17 targets  lbl19
 lbl19 (21) : ISTORE_0	 Stack:-1	Consumes:[] Produces:[] sources  lbl18 targets  lbl20
 lbl20 (22) : MONITORENTER	 Stack:-1	Consumes:[] Produces:[] sources  lbl19 targets  lbl21
 lbl21 (23) : NOP	 Stack:-1	Consumes:[] Produces:[] sources  lbl20 targets  lbl22
 lbl22 (24) : ASTORE_2	 Stack:-1	Consumes:[] Produces:[] sources  lbl21 targets  lbl23
 lbl23 (25) : ISUB	 Stack:-1	Consumes:[] Produces:[] sources  lbl22 targets  lbl24
 lbl24 (1207) : LSTORE_0	 Stack:-1	Consumes:[] Produces:[] sources  lbl15 lbl23 targets 
----[known stack info]------------

 lbl0 (-1) : NOP	 Stack:0	Consumes:[] Produces:[] sources  targets  lbl1
 lbl1 (0) : LSTORE_0	 Stack:0	Consumes:[null ] Produces:[] sources  lbl0 targets  lbl2
 lbl2 (1) : LSTORE_1	 Stack:-1	Consumes:[] Produces:[] sources  lbl1 targets  lbl3
 lbl3 (2) : DADD	 Stack:-1	Consumes:[] Produces:[] sources  lbl2 targets  lbl4
 lbl4 (3) : NOP	 Stack:-1	Consumes:[] Produces:[] sources  lbl3 targets  lbl5
 lbl5 (4) : BIPUSH	 Stack:-1	Consumes:[] Produces:[] sources  lbl4 targets  lbl6
 lbl6 (6) : DLOAD_2	 Stack:-1	Consumes:[] Produces:[] sources  lbl5 targets  lbl7
 lbl7 (7) : DLOAD_3	 Stack:-1	Consumes:[] Produces:[] sources  lbl6 targets  lbl8
 lbl8 (8) : MONITORENTER	 Stack:-1	Consumes:[] Produces:[] sources  lbl7 targets  lbl9
 lbl9 (9) : NOP	 Stack:-1	Consumes:[] Produces:[] sources  lbl8 targets  lbl10
 lbl10 (10) : FSTORE_1	 Stack:-1	Consumes:[] Produces:[] sources  lbl9 targets  lbl11
 lbl11 (11) : DADD	 Stack:-1	Consumes:[] Produces:[] sources  lbl10 targets  lbl12
 lbl12 (12) : NOP	 Stack:-1	Consumes:[] Produces:[] sources  lbl11 targets  lbl13
 lbl13 (13) : FCONST_2	 Stack:-1	Consumes:[] Produces:[] sources  lbl12 targets  lbl14
 lbl14 (14) : IDIV	 Stack:-1	Consumes:[] Produces:[] sources  lbl13 targets  lbl15
 lbl15 (15) : JSR	 Stack:-1	Consumes:[] Produces:[] sources  lbl14 targets  lbl24
 lbl16 (18) : ICONST_2	 Stack:-1	Consumes:[] Produces:[] sources  targets  lbl17
 lbl17 (19) : MONITORENTER	 Stack:-1	Consumes:[] Produces:[] sources  lbl16 targets  lbl18
 lbl18 (20) : NOP	 Stack:-1	Consumes:[] Produces:[] sources  lbl17 targets  lbl19
 lbl19 (21) : ISTORE_0	 Stack:-1	Consumes:[] Produces:[] sources  lbl18 targets  lbl20
 lbl20 (22) : MONITORENTER	 Stack:-1	Consumes:[] Produces:[] sources  lbl19 targets  lbl21
 lbl21 (23) : NOP	 Stack:-1	Consumes:[] Produces:[] sources  lbl20 targets  lbl22
 lbl22 (24) : ASTORE_2	 Stack:-1	Consumes:[] Produces:[] sources  lbl21 targets  lbl23
 lbl23 (25) : ISUB	 Stack:-1	Consumes:[] Produces:[] sources  lbl22 targets  lbl24
 lbl24 (1207) : LSTORE_0	 Stack:-1	Consumes:[] Produces:[] sources  lbl15 lbl23 targets 
----[known stack info]------------

 lbl0 (-1) : NOP	 Stack:0	Consumes:[] Produces:[] sources  targets  lbl1
 lbl1 (0) : LSTORE_0	 Stack:0	Consumes:[null ] Produces:[] sources  lbl0 targets  lbl2
 lbl2 (1) : LSTORE_1	 Stack:-1	Consumes:[] Produces:[] sources  lbl1 targets  lbl3
 lbl3 (2) : LSTORE_2	 Stack:-1	Consumes:[] Produces:[] sources  lbl2 targets  lbl4
 lbl4 (3) : LSTORE_3	 Stack:-1	Consumes:[] Produces:[] sources  lbl3 targets  lbl5
 lbl5 (4) : MONITORENTER	 Stack:-1	Consumes:[] Produces:[] sources  lbl4 targets  lbl6
 lbl6 (5) : NOP	 Stack:-1	Consumes:[] Produces:[] sources  lbl5 targets  lbl7
 lbl7 (6) : DSTORE_1	 Stack:-1	Consumes:[] Produces:[] sources  lbl6 targets  lbl8
 lbl8 (7) : LSTORE_0	 Stack:-1	Consumes:[] Produces:[] sources  lbl7 targets  lbl9
 lbl9 (8) : DUP_X1	 Stack:-1	Consumes:[] Produces:[] sources  lbl8 targets  lbl10
 lbl10 (9) : LCONST_0	 Stack:-1	Consumes:[] Produces:[] sources  lbl9 targets  lbl11
 lbl11 (10) : IFEQ	 Stack:-1	Consumes:[] Produces:[] sources  lbl10 targets  lbl12 lbl35
 lbl12 (13) : LSTORE_0	 Stack:-1	Consumes:[] Produces:[] sources  lbl11 targets  lbl13
 lbl13 (14) : DDIV	 Stack:-1	Consumes:[] Produces:[] sources  lbl12 targets  lbl14
 lbl14 (15) : LLOAD_2	 Stack:-1	Consumes:[] Produces:[] sources  lbl13 targets  lbl15
 lbl15 (16) : IFEQ	 Stack:-1	Consumes:[] Produces:[] sources  lbl14 targets  lbl16 lbl36
 lbl16 (19) : LSTORE_0	 Stack:-1	Consumes:[] Produces:[] sources  lbl15 targets  lbl17
 lbl17 (20) : ICONST_1	 Stack:-1	Consumes:[] Produces:[] sources  lbl16 targets  lbl18
 lbl18 (21) : IFEQ	 Stack:-1	Consumes:[] Produces:[] sources  lbl17 targets  lbl19 lbl37
 lbl19 (24) : LSTORE_0	 Stack:-1	Consumes:[] Produces:[] sources  lbl18 targets  lbl20
 lbl20 (25) : ICONST_1	 Stack:-1	Consumes:[] Produces:[] sources  lbl19 targets  lbl21
 lbl21 (26) : IFEQ	 Stack:-1	Consumes:[] Produces:[] sources  lbl20 targets  lbl22 lbl38
 lbl22 (29) : LSTORE_0	 Stack:-1	Consumes:[] Produces:[] sources  lbl21 targets  lbl23
 lbl23 (30) : DUP_X1	 Stack:-1	Consumes:[] Produces:[] sources  lbl22 targets  lbl24
 lbl24 (31) : ICONST_4	 Stack:-1	Consumes:[] Produces:[] sources  lbl23 targets  lbl25
 lbl25 (32) : IFEQ	 Stack:-1	Consumes:[] Produces:[] sources  lbl24 targets  lbl26 lbl39
 lbl26 (35) : LSTORE_0	 Stack:-1	Consumes:[] Produces:[] sources  lbl25 targets  lbl27
 lbl27 (36) : DUP_X1	 Stack:-1	Consumes:[] Produces:[] sources  lbl26 targets  lbl28
 lbl28 (37) : ICONST_2	 Stack:-1	Consumes:[] Produces:[] sources  lbl27 targets  lbl29
 lbl29 (38) : IFEQ	 Stack:-1	Consumes:[] Produces:[] sources  lbl28 targets  lbl30 lbl40
 lbl30 (41) : LSTORE_0	 Stack:-1	Consumes:[] Produces:[] sources  lbl29 targets  lbl31
 lbl31 (42) : DUP_X1	 Stack:-1	Consumes:[] Produces:[] sources  lbl30 targets  lbl32
 lbl32 (43) : ICONST_3	 Stack:-1	Consumes:[] Produces:[] sources  lbl31 targets  lbl33
 lbl33 (44) : IFEQ	 Stack:-1	Consumes:[] Produces:[] sources  lbl32 targets  lbl34 lbl41
 lbl34 (47) : ISUB	 Stack:-1	Consumes:[] Produces:[] sources  lbl33 targets  lbl35
 lbl35 (63) : LSTORE_3	 Stack:-1	Consumes:[] Produces:[] sources  lbl11 lbl34 targets  lbl36
 lbl36 (67) : LDC2_W	 Stack:-1	Consumes:[] Produces:[] sources  lbl15 lbl35 targets  lbl37
 lbl37 (68) : NOP	 Stack:-1	Consumes:[] Produces:[] sources  lbl18 lbl36 targets  lbl38
 lbl38 (69) : FCONST_2	 Stack:-1	Consumes:[] Produces:[] sources  lbl21 lbl37 targets  lbl39
 lbl39 (80) : NOP	 Stack:-1	Consumes:[] Produces:[] sources  lbl25 lbl38 targets  lbl40
 lbl40 (84) : NOP	 Stack:-1	Consumes:[] Produces:[] sources  lbl29 lbl39 targets  lbl41
 lbl41 (99) : ILOAD	 Stack:-1	Consumes:[] Produces:[] sources  lbl33 lbl40 targets 
----[known stack info]------------

 lbl0 (-1) : NOP	 Stack:0	Consumes:[] Produces:[] sources  targets  lbl1
 lbl1 (0) : LSTORE_0	 Stack:0	Consumes:[null ] Produces:[] sources  lbl0 targets  lbl2
 lbl2 (1) : LSTORE_1	 Stack:-1	Consumes:[] Produces:[] sources  lbl1 targets  lbl3
 lbl3 (2) : LSTORE_2	 Stack:-1	Consumes:[] Produces:[] sources  lbl2 targets  lbl4
 lbl4 (3) : LSTORE_3	 Stack:-1	Consumes:[] Produces:[] sources  lbl3 targets  lbl5
 lbl5 (4) : MONITORENTER	 Stack:-1	Consumes:[] Produces:[] sources  lbl4 targets  lbl6
 lbl6 (5) : NOP	 Stack:-1	Consumes:[] Produces:[] sources  lbl5 targets  lbl7
 lbl7 (6) : DSTORE_1	 Stack:-1	Consumes:[] Produces:[] sources  lbl6 targets  lbl8
 lbl8 (7) : LSTORE_0	 Stack:-1	Consumes:[] Produces:[] sources  lbl7 targets  lbl9
 lbl9 (8) : DUP_X1	 Stack:-1	Consumes:[] Produces:[] sources  lbl8 targets  lbl10
 lbl10 (9) : LCONST_0	 Stack:-1	Consumes:[] Produces:[] sources  lbl9 targets  lbl11
 lbl11 (10) : IFEQ	 Stack:-1	Consumes:[] Produces:[] sources  lbl10 targets  lbl12 lbl35
 lbl12 (13) : LSTORE_0	 Stack:-1	Consumes:[] Produces:[] sources  lbl11 targets  lbl13
 lbl13 (14) : DDIV	 Stack:-1	Consumes:[] Produces:[] sources  lbl12 targets  lbl14
 lbl14 (15) : LLOAD_2	 Stack:-1	Consumes:[] Produces:[] sources  lbl13 targets  lbl15
 lbl15 (16) : IFEQ	 Stack:-1	Consumes:[] Produces:[] sources  lbl14 targets  lbl16 lbl36
 lbl16 (19) : LSTORE_0	 Stack:-1	Consumes:[] Produces:[] sources  lbl15 targets  lbl17
 lbl17 (20) : ICONST_1	 Stack:-1	Consumes:[] Produces:[] sources  lbl16 targets  lbl18
 lbl18 (21) : IFEQ	 Stack:-1	Consumes:[] Produces:[] sources  lbl17 targets  lbl19 lbl37
 lbl19 (24) : LSTORE_0	 Stack:-1	Consumes:[] Produces:[] sources  lbl18 targets  lbl20
 lbl20 (25) : ICONST_1	 Stack:-1	Consumes:[] Produces:[] sources  lbl19 targets  lbl21
 lbl21 (26) : IFEQ	 Stack:-1	Consumes:[] Produces:[] sources  lbl20 targets  lbl22 lbl38
 lbl22 (29) : LSTORE_0	 Stack:-1	Consumes:[] Produces:[] sources  lbl21 targets  lbl23
 lbl23 (30) : DUP_X1	 Stack:-1	Consumes:[] Produces:[] sources  lbl22 targets  lbl24
 lbl24 (31) : ICONST_4	 Stack:-1	Consumes:[] Produces:[] sources  lbl23 targets  lbl25
 lbl25 (32) : IFEQ	 Stack:-1	Consumes:[] Produces:[] sources  lbl24 targets  lbl26 lbl39
 lbl26 (35) : LSTORE_0	 Stack:-1	Consumes:[] Produces:[] sources  lbl25 targets  lbl27
 lbl27 (36) : DUP_X1	 Stack:-1	Consumes:[] Produces:[] sources  lbl26 targets  lbl28
 lbl28 (37) : ICONST_2	 Stack:-1	Consumes:[] Produces:[] sources  lbl27 targets  lbl29
 lbl29 (38) : IFEQ	 Stack:-1	Consumes:[] Produces:[] sources  lbl28 targets  lbl30 lbl40
 lbl30 (41) : LSTORE_0	 Stack:-1	Consumes:[] Produces:[] sources  lbl29 targets  lbl31
 lbl31 (42) : DUP_X1	 Stack:-1	Consumes:[] Produces:[] sources  lbl30 targets  lbl32
 lbl32 (43) : ICONST_3	 Stack:-1	Consumes:[] Produces:[] sources  lbl31 targets  lbl33
 lbl33 (44) : IFEQ	 Stack:-1	Consumes:[] Produces:[] sources  lbl32 targets  lbl34 lbl41
 lbl34 (47) : ISUB	 Stack:-1	Consumes:[] Produces:[] sources  lbl33 targets  lbl35
 lbl35 (63) : LSTORE_3	 Stack:-1	Consumes:[] Produces:[] sources  lbl11 lbl34 targets  lbl36
 lbl36 (67) : LDC2_W	 Stack:-1	Consumes:[] Produces:[] sources  lbl15 lbl35 targets  lbl37
 lbl37 (68) : NOP	 Stack:-1	Consumes:[] Produces:[] sources  lbl18 lbl36 targets  lbl38
 lbl38 (69) : FCONST_2	 Stack:-1	Consumes:[] Produces:[] sources  lbl21 lbl37 targets  lbl39
 lbl39 (80) : NOP	 Stack:-1	Consumes:[] Produces:[] sources  lbl25 lbl38 targets  lbl40
 lbl40 (84) : NOP	 Stack:-1	Consumes:[] Produces:[] sources  lbl29 lbl39 targets  lbl41
 lbl41 (99) : ILOAD	 Stack:-1	Consumes:[] Produces:[] sources  lbl33 lbl40 targets 
----[known stack info]------------

 lbl0 (-1) : NOP	 Stack:0	Consumes:[] Produces:[] sources  targets  lbl1
 lbl1 (0) : LSTORE_0	 Stack:0	Consumes:[null ] Produces:[] sources  lbl0 targets  lbl2
 lbl2 (1) : LSTORE_1	 Stack:-1	Consumes:[] Produces:[] sources  lbl1 targets  lbl3
 lbl3 (2) : LSTORE_2	 Stack:-1	Consumes:[] Produces:[] sources  lbl2 targets  lbl4
 lbl4 (3) : LSTORE_3	 Stack:-1	Consumes:[] Produces:[] sources  lbl3 targets  lbl5
 lbl5 (4) : MONITORENTER	 Stack:-1	Consumes:[] Produces:[] sources  lbl4 targets  lbl6
 lbl6 (5) : NOP	 Stack:-1	Consumes:[] Produces:[] sources  lbl5 targets  lbl7
 lbl7 (6) : DSTORE_1	 Stack:-1	Consumes:[] Produces:[] sources  lbl6 targets  lbl8
 lbl8 (7) : LSTORE_0	 Stack:-1	Consumes:[] Produces:[] sources  lbl7 targets  lbl9
 lbl9 (8) : DUP_X1	 Stack:-1	Consumes:[] Produces:[] sources  lbl8 targets  lbl10
 lbl10 (9) : LCONST_0	 Stack:-1	Consumes:[] Produces:[] sources  lbl9 targets  lbl11
 lbl11 (10) : IFEQ	 Stack:-1	Consumes:[] Produces:[] sources  lbl10 targets  lbl12 lbl35
 lbl12 (13) : LSTORE_0	 Stack:-1	Consumes:[] Produces:[] sources  lbl11 targets  lbl13
 lbl13 (14) : DDIV	 Stack:-1	Consumes:[] Produces:[] sources  lbl12 targets  lbl14
 lbl14 (15) : LLOAD_2	 Stack:-1	Consumes:[] Produces:[] sources  lbl13 targets  lbl15
 lbl15 (16) : IFEQ	 Stack:-1	Consumes:[] Produces:[] sources  lbl14 targets  lbl16 lbl36
 lbl16 (19) : LSTORE_0	 Stack:-1	Consumes:[] Produces:[] sources  lbl15 targets  lbl17
 lbl17 (20) : ICONST_1	 Stack:-1	Consumes:[] Produces:[] sources  lbl16 targets  lbl18
 lbl18 (21) : IFEQ	 Stack:-1	Consumes:[] Produces:[] sources  lbl17 targets  lbl19 lbl37
 lbl19 (24) : LSTORE_0	 Stack:-1	Consumes:[] Produces:[] sources  lbl18 targets  lbl20
 lbl20 (25) : ICONST_1	 Stack:-1	Consumes:[] Produces:[] sources  lbl19 targets  lbl21
 lbl21 (26) : IFEQ	 Stack:-1	Consumes:[] Produces:[] sources  lbl20 targets  lbl22 lbl38
 lbl22 (29) : LSTORE_0	 Stack:-1	Consumes:[] Produces:[] sources  lbl21 targets  lbl23
 lbl23 (30) : DUP_X1	 Stack:-1	Consumes:[] Produces:[] sources  lbl22 targets  lbl24
 lbl24 (31) : ICONST_4	 Stack:-1	Consumes:[] Produces:[] sources  lbl23 targets  lbl25
 lbl25 (32) : IFEQ	 Stack:-1	Consumes:[] Produces:[] sources  lbl24 targets  lbl26 lbl39
 lbl26 (35) : LSTORE_0	 Stack:-1	Consumes:[] Produces:[] sources  lbl25 targets  lbl27
 lbl27 (36) : DUP_X1	 Stack:-1	Consumes:[] Produces:[] sources  lbl26 targets  lbl28
 lbl28 (37) : ICONST_2	 Stack:-1	Consumes:[] Produces:[] sources  lbl27 targets  lbl29
 lbl29 (38) : IFEQ	 Stack:-1	Consumes:[] Produces:[] sources  lbl28 targets  lbl30 lbl40
 lbl30 (41) : LSTORE_0	 Stack:-1	Consumes:[] Produces:[] sources  lbl29 targets  lbl31
 lbl31 (42) : DUP_X1	 Stack:-1	Consumes:[] Produces:[] sources  lbl30 targets  lbl32
 lbl32 (43) : ICONST_3	 Stack:-1	Consumes:[] Produces:[] sources  lbl31 targets  lbl33
 lbl33 (44) : IFEQ	 Stack:-1	Consumes:[] Produces:[] sources  lbl32 targets  lbl34 lbl41
 lbl34 (47) : ISUB	 Stack:-1	Consumes:[] Produces:[] sources  lbl33 targets  lbl35
 lbl35 (63) : LSTORE_3	 Stack:-1	Consumes:[] Produces:[] sources  lbl11 lbl34 targets  lbl36
 lbl36 (67) : LDC2_W	 Stack:-1	Consumes:[] Produces:[] sources  lbl15 lbl35 targets  lbl37
 lbl37 (68) : NOP	 Stack:-1	Consumes:[] Produces:[] sources  lbl18 lbl36 targets  lbl38
 lbl38 (69) : FCONST_2	 Stack:-1	Consumes:[] Produces:[] sources  lbl21 lbl37 targets  lbl39
 lbl39 (80) : NOP	 Stack:-1	Consumes:[] Produces:[] sources  lbl25 lbl38 targets  lbl40
 lbl40 (84) : NOP	 Stack:-1	Consumes:[] Produces:[] sources  lbl29 lbl39 targets  lbl41
 lbl41 (99) : ILOAD	 Stack:-1	Consumes:[] Produces:[] sources  lbl33 lbl40 targets 
----[known stack info]------------

 lbl0 (-1) : NOP	 Stack:0	Consumes:[] Produces:[] sources  targets  lbl1
 lbl1 (0) : LSTORE_0	 Stack:0	Consumes:[null ] Produces:[] sources  lbl0 targets  lbl2
 lbl2 (1) : LSTORE_1	 Stack:-1	Consumes:[] Produces:[] sources  lbl1 targets  lbl3
 lbl3 (2) : LSTORE_2	 Stack:-1	Consumes:[] Produces:[] sources  lbl2 targets  lbl4
 lbl4 (3) : LSTORE_3	 Stack:-1	Consumes:[] Produces:[] sources  lbl3 targets  lbl5
 lbl5 (4) : MONITORENTER	 Stack:-1	Consumes:[] Produces:[] sources  lbl4 targets  lbl6
 lbl6 (5) : NOP	 Stack:-1	Consumes:[] Produces:[] sources  lbl5 targets  lbl7
 lbl7 (6) : DSTORE_1	 Stack:-1	Consumes:[] Produces:[] sources  lbl6 targets  lbl8
 lbl8 (7) : LSTORE_0	 Stack:-1	Consumes:[] Produces:[] sources  lbl7 targets  lbl9
 lbl9 (8) : DUP_X1	 Stack:-1	Consumes:[] Produces:[] sources  lbl8 targets  lbl10
 lbl10 (9) : LCONST_0	 Stack:-1	Consumes:[] Produces:[] sources  lbl9 targets  lbl11
 lbl11 (10) : IFEQ	 Stack:-1	Consumes:[] Produces:[] sources  lbl10 targets  lbl12 lbl35
 lbl12 (13) : LSTORE_0	 Stack:-1	Consumes:[] Produces:[] sources  lbl11 targets  lbl13
 lbl13 (14) : DDIV	 Stack:-1	Consumes:[] Produces:[] sources  lbl12 targets  lbl14
 lbl14 (15) : LLOAD_2	 Stack:-1	Consumes:[] Produces:[] sources  lbl13 targets  lbl15
 lbl15 (16) : IFEQ	 Stack:-1	Consumes:[] Produces:[] sources  lbl14 targets  lbl16 lbl36
 lbl16 (19) : LSTORE_0	 Stack:-1	Consumes:[] Produces:[] sources  lbl15 targets  lbl17
 lbl17 (20) : ICONST_1	 Stack:-1	Consumes:[] Produces:[] sources  lbl16 targets  lbl18
 lbl18 (21) : IFEQ	 Stack:-1	Consumes:[] Produces:[] sources  lbl17 targets  lbl19 lbl37
 lbl19 (24) : LSTORE_0	 Stack:-1	Consumes:[] Produces:[] sources  lbl18 targets  lbl20
 lbl20 (25) : ICONST_1	 Stack:-1	Consumes:[] Produces:[] sources  lbl19 targets  lbl21
 lbl21 (26) : IFEQ	 Stack:-1	Consumes:[] Produces:[] sources  lbl20 targets  lbl22 lbl38
 lbl22 (29) : LSTORE_0	 Stack:-1	Consumes:[] Produces:[] sources  lbl21 targets  lbl23
 lbl23 (30) : DUP_X1	 Stack:-1	Consumes:[] Produces:[] sources  lbl22 targets  lbl24
 lbl24 (31) : ICONST_4	 Stack:-1	Consumes:[] Produces:[] sources  lbl23 targets  lbl25
 lbl25 (32) : IFEQ	 Stack:-1	Consumes:[] Produces:[] sources  lbl24 targets  lbl26 lbl39
 lbl26 (35) : LSTORE_0	 Stack:-1	Consumes:[] Produces:[] sources  lbl25 targets  lbl27
 lbl27 (36) : DUP_X1	 Stack:-1	Consumes:[] Produces:[] sources  lbl26 targets  lbl28
 lbl28 (37) : ICONST_2	 Stack:-1	Consumes:[] Produces:[] sources  lbl27 targets  lbl29
 lbl29 (38) : IFEQ	 Stack:-1	Consumes:[] Produces:[] sources  lbl28 targets  lbl30 lbl40
 lbl30 (41) : LSTORE_0	 Stack:-1	Consumes:[] Produces:[] sources  lbl29 targets  lbl31
 lbl31 (42) : DUP_X1	 Stack:-1	Consumes:[] Produces:[] sources  lbl30 targets  lbl32
 lbl32 (43) : ICONST_3	 Stack:-1	Consumes:[] Produces:[] sources  lbl31 targets  lbl33
 lbl33 (44) : IFEQ	 Stack:-1	Consumes:[] Produces:[] sources  lbl32 targets  lbl34 lbl41
 lbl34 (47) : ISUB	 Stack:-1	Consumes:[] Produces:[] sources  lbl33 targets  lbl35
 lbl35 (63) : LSTORE_3	 Stack:-1	Consumes:[] Produces:[] sources  lbl11 lbl34 targets  lbl36
 lbl36 (67) : LDC2_W	 Stack:-1	Consumes:[] Produces:[] sources  lbl15 lbl35 targets  lbl37
 lbl37 (68) : NOP	 Stack:-1	Consumes:[] Produces:[] sources  lbl18 lbl36 targets  lbl38
 lbl38 (69) : FCONST_2	 Stack:-1	Consumes:[] Produces:[] sources  lbl21 lbl37 targets  lbl39
 lbl39 (80) : NOP	 Stack:-1	Consumes:[] Produces:[] sources  lbl25 lbl38 targets  lbl40
 lbl40 (84) : NOP	 Stack:-1	Consumes:[] Produces:[] sources  lbl29 lbl39 targets  lbl41
 lbl41 (99) : ILOAD	 Stack:-1	Consumes:[] Produces:[] sources  lbl33 lbl40 targets 
----[known stack info]------------

 lbl0 (-1) : NOP	 Stack:0	Consumes:[] Produces:[] sources  targets  lbl1
 lbl1 (0) : LSTORE_0	 Stack:0	Consumes:[null ] Produces:[] sources  lbl0 targets  lbl2
 lbl2 (1) : LSTORE_1	 Stack:-1	Consumes:[] Produces:[] sources  lbl1 targets  lbl3
 lbl3 (2) : LSTORE_2	 Stack:-1	Consumes:[] Produces:[] sources  lbl2 targets  lbl4
 lbl4 (3) : LSTORE_3	 Stack:-1	Consumes:[] Produces:[] sources  lbl3 targets  lbl5
 lbl5 (4) : MONITORENTER	 Stack:-1	Consumes:[] Produces:[] sources  lbl4 targets  lbl6
 lbl6 (5) : NOP	 Stack:-1	Consumes:[] Produces:[] sources  lbl5 targets  lbl7
 lbl7 (6) : DSTORE_1	 Stack:-1	Consumes:[] Produces:[] sources  lbl6 targets  lbl8
 lbl8 (7) : LSTORE_0	 Stack:-1	Consumes:[] Produces:[] sources  lbl7 targets  lbl9
 lbl9 (8) : DUP_X1	 Stack:-1	Consumes:[] Produces:[] sources  lbl8 targets  lbl10
 lbl10 (9) : LCONST_0	 Stack:-1	Consumes:[] Produces:[] sources  lbl9 targets  lbl11
 lbl11 (10) : IFEQ	 Stack:-1	Consumes:[] Produces:[] sources  lbl10 targets  lbl12 lbl35
 lbl12 (13) : LSTORE_0	 Stack:-1	Consumes:[] Produces:[] sources  lbl11 targets  lbl13
 lbl13 (14) : DDIV	 Stack:-1	Consumes:[] Produces:[] sources  lbl12 targets  lbl14
 lbl14 (15) : LLOAD_2	 Stack:-1	Consumes:[] Produces:[] sources  lbl13 targets  lbl15
 lbl15 (16) : IFEQ	 Stack:-1	Consumes:[] Produces:[] sources  lbl14 targets  lbl16 lbl36
 lbl16 (19) : LSTORE_0	 Stack:-1	Consumes:[] Produces:[] sources  lbl15 targets  lbl17
 lbl17 (20) : ICONST_1	 Stack:-1	Consumes:[] Produces:[] sources  lbl16 targets  lbl18
 lbl18 (21) : IFEQ	 Stack:-1	Consumes:[] Produces:[] sources  lbl17 targets  lbl19 lbl37
 lbl19 (24) : LSTORE_0	 Stack:-1	Consumes:[] Produces:[] sources  lbl18 targets  lbl20
 lbl20 (25) : ICONST_1	 Stack:-1	Consumes:[] Produces:[] sources  lbl19 targets  lbl21
 lbl21 (26) : IFEQ	 Stack:-1	Consumes:[] Produces:[] sources  lbl20 targets  lbl22 lbl38
 lbl22 (29) : LSTORE_0	 Stack:-1	Consumes:[] Produces:[] sources  lbl21 targets  lbl23
 lbl23 (30) : DUP_X1	 Stack:-1	Consumes:[] Produces:[] sources  lbl22 targets  lbl24
 lbl24 (31) : ICONST_4	 Stack:-1	Consumes:[] Produces:[] sources  lbl23 targets  lbl25
 lbl25 (32) : IFEQ	 Stack:-1	Consumes:[] Produces:[] sources  lbl24 targets  lbl26 lbl39
 lbl26 (35) : LSTORE_0	 Stack:-1	Consumes:[] Produces:[] sources  lbl25 targets  lbl27
 lbl27 (36) : DUP_X1	 Stack:-1	Consumes:[] Produces:[] sources  lbl26 targets  lbl28
 lbl28 (37) : ICONST_2	 Stack:-1	Consumes:[] Produces:[] sources  lbl27 targets  lbl29
 lbl29 (38) : IFEQ	 Stack:-1	Consumes:[] Produces:[] sources  lbl28 targets  lbl30 lbl40
 lbl30 (41) : LSTORE_0	 Stack:-1	Consumes:[] Produces:[] sources  lbl29 targets  lbl31
 lbl31 (42) : DUP_X1	 Stack:-1	Consumes:[] Produces:[] sources  lbl30 targets  lbl32
 lbl32 (43) : ICONST_3	 Stack:-1	Consumes:[] Produces:[] sources  lbl31 targets  lbl33
 lbl33 (44) : IFEQ	 Stack:-1	Consumes:[] Produces:[] sources  lbl32 targets  lbl34 lbl41
 lbl34 (47) : ISUB	 Stack:-1	Consumes:[] Produces:[] sources  lbl33 targets  lbl35
 lbl35 (63) : LSTORE_3	 Stack:-1	Consumes:[] Produces:[] sources  lbl11 lbl34 targets  lbl36
 lbl36 (67) : LDC2_W	 Stack:-1	Consumes:[] Produces:[] sources  lbl15 lbl35 targets  lbl37
 lbl37 (68) : NOP	 Stack:-1	Consumes:[] Produces:[] sources  lbl18 lbl36 targets  lbl38
 lbl38 (69) : FCONST_2	 Stack:-1	Consumes:[] Produces:[] sources  lbl21 lbl37 targets  lbl39
 lbl39 (80) : NOP	 Stack:-1	Consumes:[] Produces:[] sources  lbl25 lbl38 targets  lbl40
 lbl40 (84) : NOP	 Stack:-1	Consumes:[] Produces:[] sources  lbl29 lbl39 targets  lbl41
 lbl41 (99) : ILOAD	 Stack:-1	Consumes:[] Produces:[] sources  lbl33 lbl40 targets 
----[known stack info]------------

 lbl0 (-1) : NOP	 Stack:0	Consumes:[] Produces:[] sources  targets  lbl1
 lbl1 (0) : LSTORE_0	 Stack:0	Consumes:[null ] Produces:[] sources  lbl0 targets  lbl2
 lbl2 (1) : LSTORE_1	 Stack:-1	Consumes:[] Produces:[] sources  lbl1 targets  lbl3
 lbl3 (2) : LSTORE_2	 Stack:-1	Consumes:[] Produces:[] sources  lbl2 targets  lbl4
 lbl4 (3) : LSTORE_3	 Stack:-1	Consumes:[] Produces:[] sources  lbl3 targets  lbl5
 lbl5 (4) : MONITORENTER	 Stack:-1	Consumes:[] Produces:[] sources  lbl4 targets  lbl6
 lbl6 (5) : NOP	 Stack:-1	Consumes:[] Produces:[] sources  lbl5 targets  lbl7
 lbl7 (6) : DSTORE_1	 Stack:-1	Consumes:[] Produces:[] sources  lbl6 targets  lbl8
 lbl8 (7) : LSTORE_0	 Stack:-1	Consumes:[] Produces:[] sources  lbl7 targets  lbl9
 lbl9 (8) : DUP_X1	 Stack:-1	Consumes:[] Produces:[] sources  lbl8 targets  lbl10
 lbl10 (9) : LCONST_0	 Stack:-1	Consumes:[] Produces:[] sources  lbl9 targets  lbl11
 lbl11 (10) : IFEQ	 Stack:-1	Consumes:[] Produces:[] sources  lbl10 targets  lbl12 lbl35
 lbl12 (13) : LSTORE_0	 Stack:-1	Consumes:[] Produces:[] sources  lbl11 targets  lbl13
 lbl13 (14) : DDIV	 Stack:-1	Consumes:[] Produces:[] sources  lbl12 targets  lbl14
 lbl14 (15) : LLOAD_2	 Stack:-1	Consumes:[] Produces:[] sources  lbl13 targets  lbl15
 lbl15 (16) : IFEQ	 Stack:-1	Consumes:[] Produces:[] sources  lbl14 targets  lbl16 lbl36
 lbl16 (19) : LSTORE_0	 Stack:-1	Consumes:[] Produces:[] sources  lbl15 targets  lbl17
 lbl17 (20) : ICONST_1	 Stack:-1	Consumes:[] Produces:[] sources  lbl16 targets  lbl18
 lbl18 (21) : IFEQ	 Stack:-1	Consumes:[] Produces:[] sources  lbl17 targets  lbl19 lbl37
 lbl19 (24) : LSTORE_0	 Stack:-1	Consumes:[] Produces:[] sources  lbl18 targets  lbl20
 lbl20 (25) : ICONST_1	 Stack:-1	Consumes:[] Produces:[] sources  lbl19 targets  lbl21
 lbl21 (26) : IFEQ	 Stack:-1	Consumes:[] Produces:[] sources  lbl20 targets  lbl22 lbl38
 lbl22 (29) : LSTORE_0	 Stack:-1	Consumes:[] Produces:[] sources  lbl21 targets  lbl23
 lbl23 (30) : DUP_X1	 Stack:-1	Consumes:[] Produces:[] sources  lbl22 targets  lbl24
 lbl24 (31) : ICONST_4	 Stack:-1	Consumes:[] Produces:[] sources  lbl23 targets  lbl25
 lbl25 (32) : IFEQ	 Stack:-1	Consumes:[] Produces:[] sources  lbl24 targets  lbl26 lbl39
 lbl26 (35) : LSTORE_0	 Stack:-1	Consumes:[] Produces:[] sources  lbl25 targets  lbl27
 lbl27 (36) : DUP_X1	 Stack:-1	Consumes:[] Produces:[] sources  lbl26 targets  lbl28
 lbl28 (37) : ICONST_2	 Stack:-1	Consumes:[] Produces:[] sources  lbl27 targets  lbl29
 lbl29 (38) : IFEQ	 Stack:-1	Consumes:[] Produces:[] sources  lbl28 targets  lbl30 lbl40
 lbl30 (41) : LSTORE_0	 Stack:-1	Consumes:[] Produces:[] sources  lbl29 targets  lbl31
 lbl31 (42) : DUP_X1	 Stack:-1	Consumes:[] Produces:[] sources  lbl30 targets  lbl32
 lbl32 (43) : ICONST_3	 Stack:-1	Consumes:[] Produces:[] sources  lbl31 targets  lbl33
 lbl33 (44) : IFEQ	 Stack:-1	Consumes:[] Produces:[] sources  lbl32 targets  lbl34 lbl41
 lbl34 (47) : ISUB	 Stack:-1	Consumes:[] Produces:[] sources  lbl33 targets  lbl35
 lbl35 (63) : LSTORE_3	 Stack:-1	Consumes:[] Produces:[] sources  lbl11 lbl34 targets  lbl36
 lbl36 (67) : LDC2_W	 Stack:-1	Consumes:[] Produces:[] sources  lbl15 lbl35 targets  lbl37
 lbl37 (68) : NOP	 Stack:-1	Consumes:[] Produces:[] sources  lbl18 lbl36 targets  lbl38
 lbl38 (69) : FCONST_2	 Stack:-1	Consumes:[] Produces:[] sources  lbl21 lbl37 targets  lbl39
 lbl39 (80) : NOP	 Stack:-1	Consumes:[] Produces:[] sources  lbl25 lbl38 targets  lbl40
 lbl40 (84) : NOP	 Stack:-1	Consumes:[] Produces:[] sources  lbl29 lbl39 targets  lbl41
 lbl41 (99) : ILOAD	 Stack:-1	Consumes:[] Produces:[] sources  lbl33 lbl40 targets 
----[known stack info]------------

 lbl0 (-1) : NOP	 Stack:0	Consumes:[] Produces:[] sources  targets  lbl1
 lbl1 (0) : LSTORE_0	 Stack:0	Consumes:[null ] Produces:[] sources  lbl0 targets  lbl2
 lbl2 (1) : LSTORE_1	 Stack:-1	Consumes:[] Produces:[] sources  lbl1 targets  lbl3
 lbl3 (2) : LSTORE_2	 Stack:-1	Consumes:[] Produces:[] sources  lbl2 targets  lbl4
 lbl4 (3) : LSTORE_3	 Stack:-1	Consumes:[] Produces:[] sources  lbl3 targets  lbl5
 lbl5 (4) : MONITORENTER	 Stack:-1	Consumes:[] Produces:[] sources  lbl4 targets  lbl6
 lbl6 (5) : NOP	 Stack:-1	Consumes:[] Produces:[] sources  lbl5 targets  lbl7
 lbl7 (6) : DSTORE_1	 Stack:-1	Consumes:[] Produces:[] sources  lbl6 targets  lbl8
 lbl8 (7) : LSTORE_0	 Stack:-1	Consumes:[] Produces:[] sources  lbl7 targets  lbl9
 lbl9 (8) : DUP_X1	 Stack:-1	Consumes:[] Produces:[] sources  lbl8 targets  lbl10
 lbl10 (9) : LCONST_0	 Stack:-1	Consumes:[] Produces:[] sources  lbl9 targets  lbl11
 lbl11 (10) : IFEQ	 Stack:-1	Consumes:[] Produces:[] sources  lbl10 targets  lbl12 lbl35
 lbl12 (13) : LSTORE_0	 Stack:-1	Consumes:[] Produces:[] sources  lbl11 targets  lbl13
 lbl13 (14) : DDIV	 Stack:-1	Consumes:[] Produces:[] sources  lbl12 targets  lbl14
 lbl14 (15) : LLOAD_2	 Stack:-1	Consumes:[] Produces:[] sources  lbl13 targets  lbl15
 lbl15 (16) : IFEQ	 Stack:-1	Consumes:[] Produces:[] sources  lbl14 targets  lbl16 lbl36
 lbl16 (19) : LSTORE_0	 Stack:-1	Consumes:[] Produces:[] sources  lbl15 targets  lbl17
 lbl17 (20) : ICONST_1	 Stack:-1	Consumes:[] Produces:[] sources  lbl16 targets  lbl18
 lbl18 (21) : IFEQ	 Stack:-1	Consumes:[] Produces:[] sources  lbl17 targets  lbl19 lbl37
 lbl19 (24) : LSTORE_0	 Stack:-1	Consumes:[] Produces:[] sources  lbl18 targets  lbl20
 lbl20 (25) : ICONST_1	 Stack:-1	Consumes:[] Produces:[] sources  lbl19 targets  lbl21
 lbl21 (26) : IFEQ	 Stack:-1	Consumes:[] Produces:[] sources  lbl20 targets  lbl22 lbl38
 lbl22 (29) : LSTORE_0	 Stack:-1	Consumes:[] Produces:[] sources  lbl21 targets  lbl23
 lbl23 (30) : DUP_X1	 Stack:-1	Consumes:[] Produces:[] sources  lbl22 targets  lbl24
 lbl24 (31) : ICONST_4	 Stack:-1	Consumes:[] Produces:[] sources  lbl23 targets  lbl25
 lbl25 (32) : IFEQ	 Stack:-1	Consumes:[] Produces:[] sources  lbl24 targets  lbl26 lbl39
 lbl26 (35) : LSTORE_0	 Stack:-1	Consumes:[] Produces:[] sources  lbl25 targets  lbl27
 lbl27 (36) : DUP_X1	 Stack:-1	Consumes:[] Produces:[] sources  lbl26 targets  lbl28
 lbl28 (37) : ICONST_2	 Stack:-1	Consumes:[] Produces:[] sources  lbl27 targets  lbl29
 lbl29 (38) : IFEQ	 Stack:-1	Consumes:[] Produces:[] sources  lbl28 targets  lbl30 lbl40
 lbl30 (41) : LSTORE_0	 Stack:-1	Consumes:[] Produces:[] sources  lbl29 targets  lbl31
 lbl31 (42) : DUP_X1	 Stack:-1	Consumes:[] Produces:[] sources  lbl30 targets  lbl32
 lbl32 (43) : ICONST_3	 Stack:-1	Consumes:[] Produces:[] sources  lbl31 targets  lbl33
 lbl33 (44) : IFEQ	 Stack:-1	Consumes:[] Produces:[] sources  lbl32 targets  lbl34 lbl41
 lbl34 (47) : ISUB	 Stack:-1	Consumes:[] Produces:[] sources  lbl33 targets  lbl35
 lbl35 (63) : LSTORE_3	 Stack:-1	Consumes:[] Produces:[] sources  lbl11 lbl34 targets  lbl36
 lbl36 (67) : LDC2_W	 Stack:-1	Consumes:[] Produces:[] sources  lbl15 lbl35 targets  lbl37
 lbl37 (68) : NOP	 Stack:-1	Consumes:[] Produces:[] sources  lbl18 lbl36 targets  lbl38
 lbl38 (69) : FCONST_2	 Stack:-1	Consumes:[] Produces:[] sources  lbl21 lbl37 targets  lbl39
 lbl39 (80) : NOP	 Stack:-1	Consumes:[] Produces:[] sources  lbl25 lbl38 targets  lbl40
 lbl40 (84) : NOP	 Stack:-1	Consumes:[] Produces:[] sources  lbl29 lbl39 targets  lbl41
 lbl41 (99) : ILOAD	 Stack:-1	Consumes:[] Produces:[] sources  lbl33 lbl40 targets 
----[known stack info]------------

 lbl0 (-1) : NOP	 Stack:0	Consumes:[] Produces:[] sources  targets  lbl1
 lbl1 (0) : LSTORE_0	 Stack:0	Consumes:[null ] Produces:[] sources  lbl0 targets  lbl2
 lbl2 (1) : LSTORE_1	 Stack:-1	Consumes:[] Produces:[] sources  lbl1 targets  lbl3
 lbl3 (2) : LSTORE_2	 Stack:-1	Consumes:[] Produces:[] sources  lbl2 targets  lbl4
 lbl4 (3) : LSTORE_3	 Stack:-1	Consumes:[] Produces:[] sources  lbl3 targets  lbl5
 lbl5 (4) : MONITORENTER	 Stack:-1	Consumes:[] Produces:[] sources  lbl4 targets  lbl6
 lbl6 (5) : NOP	 Stack:-1	Consumes:[] Produces:[] sources  lbl5 targets  lbl7
 lbl7 (6) : DSTORE_1	 Stack:-1	Consumes:[] Produces:[] sources  lbl6 targets  lbl8
 lbl8 (7) : LSTORE_0	 Stack:-1	Consumes:[] Produces:[] sources  lbl7 targets  lbl9
 lbl9 (8) : DUP_X1	 Stack:-1	Consumes:[] Produces:[] sources  lbl8 targets  lbl10
 lbl10 (9) : LCONST_0	 Stack:-1	Consumes:[] Produces:[] sources  lbl9 targets  lbl11
 lbl11 (10) : IFEQ	 Stack:-1	Consumes:[] Produces:[] sources  lbl10 targets  lbl12 lbl35
 lbl12 (13) : LSTORE_0	 Stack:-1	Consumes:[] Produces:[] sources  lbl11 targets  lbl13
 lbl13 (14) : DDIV	 Stack:-1	Consumes:[] Produces:[] sources  lbl12 targets  lbl14
 lbl14 (15) : LLOAD_2	 Stack:-1	Consumes:[] Produces:[] sources  lbl13 targets  lbl15
 lbl15 (16) : IFEQ	 Stack:-1	Consumes:[] Produces:[] sources  lbl14 targets  lbl16 lbl36
 lbl16 (19) : LSTORE_0	 Stack:-1	Consumes:[] Produces:[] sources  lbl15 targets  lbl17
 lbl17 (20) : ICONST_1	 Stack:-1	Consumes:[] Produces:[] sources  lbl16 targets  lbl18
 lbl18 (21) : IFEQ	 Stack:-1	Consumes:[] Produces:[] sources  lbl17 targets  lbl19 lbl37
 lbl19 (24) : LSTORE_0	 Stack:-1	Consumes:[] Produces:[] sources  lbl18 targets  lbl20
 lbl20 (25) : ICONST_1	 Stack:-1	Consumes:[] Produces:[] sources  lbl19 targets  lbl21
 lbl21 (26) : IFEQ	 Stack:-1	Consumes:[] Produces:[] sources  lbl20 targets  lbl22 lbl38
 lbl22 (29) : LSTORE_0	 Stack:-1	Consumes:[] Produces:[] sources  lbl21 targets  lbl23
 lbl23 (30) : DUP_X1	 Stack:-1	Consumes:[] Produces:[] sources  lbl22 targets  lbl24
 lbl24 (31) : ICONST_4	 Stack:-1	Consumes:[] Produces:[] sources  lbl23 targets  lbl25
 lbl25 (32) : IFEQ	 Stack:-1	Consumes:[] Produces:[] sources  lbl24 targets  lbl26 lbl39
 lbl26 (35) : LSTORE_0	 Stack:-1	Consumes:[] Produces:[] sources  lbl25 targets  lbl27
 lbl27 (36) : DUP_X1	 Stack:-1	Consumes:[] Produces:[] sources  lbl26 targets  lbl28
 lbl28 (37) : ICONST_2	 Stack:-1	Consumes:[] Produces:[] sources  lbl27 targets  lbl29
 lbl29 (38) : IFEQ	 Stack:-1	Consumes:[] Produces:[] sources  lbl28 targets  lbl30 lbl40
 lbl30 (41) : LSTORE_0	 Stack:-1	Consumes:[] Produces:[] sources  lbl29 targets  lbl31
 lbl31 (42) : DUP_X1	 Stack:-1	Consumes:[] Produces:[] sources  lbl30 targets  lbl32
 lbl32 (43) : ICONST_3	 Stack:-1	Consumes:[] Produces:[] sources  lbl31 targets  lbl33
 lbl33 (44) : IFEQ	 Stack:-1	Consumes:[] Produces:[] sources  lbl32 targets  lbl34 lbl41
 lbl34 (47) : ISUB	 Stack:-1	Consumes:[] Produces:[] sources  lbl33 targets  lbl35
 lbl35 (63) : LSTORE_3	 Stack:-1	Consumes:[] Produces:[] sources  lbl11 lbl34 targets  lbl36
 lbl36 (67) : LDC2_W	 Stack:-1	Consumes:[] Produces:[] sources  lbl15 lbl35 targets  lbl37
 lbl37 (68) : NOP	 Stack:-1	Consumes:[] Produces:[] sources  lbl18 lbl36 targets  lbl38
 lbl38 (69) : FCONST_2	 Stack:-1	Consumes:[] Produces:[] sources  lbl21 lbl37 targets  lbl39
 lbl39 (80) : NOP	 Stack:-1	Consumes:[] Produces:[] sources  lbl25 lbl38 targets  lbl40
 lbl40 (84) : NOP	 Stack:-1	Consumes:[] Produces:[] sources  lbl29 lbl39 targets  lbl41
 lbl41 (99) : ILOAD	 Stack:-1	Consumes:[] Produces:[] sources  lbl33 lbl40 targets 
----[known stack info]------------

 lbl0 (-1) : NOP	 Stack:0	Consumes:[] Produces:[] sources  targets  lbl1
 lbl1 (0) : LSTORE_0	 Stack:0	Consumes:[null ] Produces:[] sources  lbl0 targets  lbl2
 lbl2 (1) : LSTORE_1	 Stack:-1	Consumes:[] Produces:[] sources  lbl1 targets  lbl3
 lbl3 (2) : LSTORE_2	 Stack:-1	Consumes:[] Produces:[] sources  lbl2 targets  lbl4
 lbl4 (3) : LSTORE_3	 Stack:-1	Consumes:[] Produces:[] sources  lbl3 targets  lbl5
 lbl5 (4) : MONITORENTER	 Stack:-1	Consumes:[] Produces:[] sources  lbl4 targets  lbl6
 lbl6 (5) : NOP	 Stack:-1	Consumes:[] Produces:[] sources  lbl5 targets  lbl7
 lbl7 (6) : DSTORE_1	 Stack:-1	Consumes:[] Produces:[] sources  lbl6 targets  lbl8
 lbl8 (7) : LSTORE_0	 Stack:-1	Consumes:[] Produces:[] sources  lbl7 targets  lbl9
 lbl9 (8) : DUP_X1	 Stack:-1	Consumes:[] Produces:[] sources  lbl8 targets  lbl10
 lbl10 (9) : LCONST_0	 Stack:-1	Consumes:[] Produces:[] sources  lbl9 targets  lbl11
 lbl11 (10) : IFEQ	 Stack:-1	Consumes:[] Produces:[] sources  lbl10 targets  lbl12 lbl35
 lbl12 (13) : LSTORE_0	 Stack:-1	Consumes:[] Produces:[] sources  lbl11 targets  lbl13
 lbl13 (14) : DDIV	 Stack:-1	Consumes:[] Produces:[] sources  lbl12 targets  lbl14
 lbl14 (15) : LLOAD_2	 Stack:-1	Consumes:[] Produces:[] sources  lbl13 targets  lbl15
 lbl15 (16) : IFEQ	 Stack:-1	Consumes:[] Produces:[] sources  lbl14 targets  lbl16 lbl36
 lbl16 (19) : LSTORE_0	 Stack:-1	Consumes:[] Produces:[] sources  lbl15 targets  lbl17
 lbl17 (20) : ICONST_1	 Stack:-1	Consumes:[] Produces:[] sources  lbl16 targets  lbl18
 lbl18 (21) : IFEQ	 Stack:-1	Consumes:[] Produces:[] sources  lbl17 targets  lbl19 lbl37
 lbl19 (24) : LSTORE_0	 Stack:-1	Consumes:[] Produces:[] sources  lbl18 targets  lbl20
 lbl20 (25) : ICONST_1	 Stack:-1	Consumes:[] Produces:[] sources  lbl19 targets  lbl21
 lbl21 (26) : IFEQ	 Stack:-1	Consumes:[] Produces:[] sources  lbl20 targets  lbl22 lbl38
 lbl22 (29) : LSTORE_0	 Stack:-1	Consumes:[] Produces:[] sources  lbl21 targets  lbl23
 lbl23 (30) : DUP_X1	 Stack:-1	Consumes:[] Produces:[] sources  lbl22 targets  lbl24
 lbl24 (31) : ICONST_4	 Stack:-1	Consumes:[] Produces:[] sources  lbl23 targets  lbl25
 lbl25 (32) : IFEQ	 Stack:-1	Consumes:[] Produces:[] sources  lbl24 targets  lbl26 lbl39
 lbl26 (35) : LSTORE_0	 Stack:-1	Consumes:[] Produces:[] sources  lbl25 targets  lbl27
 lbl27 (36) : DUP_X1	 Stack:-1	Consumes:[] Produces:[] sources  lbl26 targets  lbl28
 lbl28 (37) : ICONST_2	 Stack:-1	Consumes:[] Produces:[] sources  lbl27 targets  lbl29
 lbl29 (38) : IFEQ	 Stack:-1	Consumes:[] Produces:[] sources  lbl28 targets  lbl30 lbl40
 lbl30 (41) : LSTORE_0	 Stack:-1	Consumes:[] Produces:[] sources  lbl29 targets  lbl31
 lbl31 (42) : DUP_X1	 Stack:-1	Consumes:[] Produces:[] sources  lbl30 targets  lbl32
 lbl32 (43) : ICONST_3	 Stack:-1	Consumes:[] Produces:[] sources  lbl31 targets  lbl33
 lbl33 (44) : IFEQ	 Stack:-1	Consumes:[] Produces:[] sources  lbl32 targets  lbl34 lbl41
 lbl34 (47) : ISUB	 Stack:-1	Consumes:[] Produces:[] sources  lbl33 targets  lbl35
 lbl35 (63) : LSTORE_3	 Stack:-1	Consumes:[] Produces:[] sources  lbl11 lbl34 targets  lbl36
 lbl36 (67) : LDC2_W	 Stack:-1	Consumes:[] Produces:[] sources  lbl15 lbl35 targets  lbl37
 lbl37 (68) : NOP	 Stack:-1	Consumes:[] Produces:[] sources  lbl18 lbl36 targets  lbl38
 lbl38 (69) : FCONST_2	 Stack:-1	Consumes:[] Produces:[] sources  lbl21 lbl37 targets  lbl39
 lbl39 (80) : NOP	 Stack:-1	Consumes:[] Produces:[] sources  lbl25 lbl38 targets  lbl40
 lbl40 (84) : NOP	 Stack:-1	Consumes:[] Produces:[] sources  lbl29 lbl39 targets  lbl41
 lbl41 (99) : ILOAD	 Stack:-1	Consumes:[] Produces:[] sources  lbl33 lbl40 targets 
----[known stack info]------------

 lbl0 (-1) : NOP	 Stack:0	Consumes:[] Produces:[] sources  targets  lbl1
 lbl1 (0) : LSTORE_0	 Stack:0	Consumes:[null ] Produces:[] sources  lbl0 targets  lbl2
 lbl2 (1) : LSTORE_1	 Stack:-1	Consumes:[] Produces:[] sources  lbl1 targets  lbl3
 lbl3 (2) : LSTORE_2	 Stack:-1	Consumes:[] Produces:[] sources  lbl2 targets  lbl4
 lbl4 (3) : LSTORE_3	 Stack:-1	Consumes:[] Produces:[] sources  lbl3 targets  lbl5
 lbl5 (4) : MONITORENTER	 Stack:-1	Consumes:[] Produces:[] sources  lbl4 targets  lbl6
 lbl6 (5) : NOP	 Stack:-1	Consumes:[] Produces:[] sources  lbl5 targets  lbl7
 lbl7 (6) : DSTORE_1	 Stack:-1	Consumes:[] Produces:[] sources  lbl6 targets  lbl8
 lbl8 (7) : LSTORE_0	 Stack:-1	Consumes:[] Produces:[] sources  lbl7 targets  lbl9
 lbl9 (8) : DUP_X1	 Stack:-1	Consumes:[] Produces:[] sources  lbl8 targets  lbl10
 lbl10 (9) : LCONST_0	 Stack:-1	Consumes:[] Produces:[] sources  lbl9 targets  lbl11
 lbl11 (10) : IFEQ	 Stack:-1	Consumes:[] Produces:[] sources  lbl10 targets  lbl12 lbl35
 lbl12 (13) : LSTORE_0	 Stack:-1	Consumes:[] Produces:[] sources  lbl11 targets  lbl13
 lbl13 (14) : DDIV	 Stack:-1	Consumes:[] Produces:[] sources  lbl12 targets  lbl14
 lbl14 (15) : LLOAD_2	 Stack:-1	Consumes:[] Produces:[] sources  lbl13 targets  lbl15
 lbl15 (16) : IFEQ	 Stack:-1	Consumes:[] Produces:[] sources  lbl14 targets  lbl16 lbl36
 lbl16 (19) : LSTORE_0	 Stack:-1	Consumes:[] Produces:[] sources  lbl15 targets  lbl17
 lbl17 (20) : ICONST_1	 Stack:-1	Consumes:[] Produces:[] sources  lbl16 targets  lbl18
 lbl18 (21) : IFEQ	 Stack:-1	Consumes:[] Produces:[] sources  lbl17 targets  lbl19 lbl37
 lbl19 (24) : LSTORE_0	 Stack:-1	Consumes:[] Produces:[] sources  lbl18 targets  lbl20
 lbl20 (25) : ICONST_1	 Stack:-1	Consumes:[] Produces:[] sources  lbl19 targets  lbl21
 lbl21 (26) : IFEQ	 Stack:-1	Consumes:[] Produces:[] sources  lbl20 targets  lbl22 lbl38
 lbl22 (29) : LSTORE_0	 Stack:-1	Consumes:[] Produces:[] sources  lbl21 targets  lbl23
 lbl23 (30) : DUP_X1	 Stack:-1	Consumes:[] Produces:[] sources  lbl22 targets  lbl24
 lbl24 (31) : ICONST_4	 Stack:-1	Consumes:[] Produces:[] sources  lbl23 targets  lbl25
 lbl25 (32) : IFEQ	 Stack:-1	Consumes:[] Produces:[] sources  lbl24 targets  lbl26 lbl39
 lbl26 (35) : LSTORE_0	 Stack:-1	Consumes:[] Produces:[] sources  lbl25 targets  lbl27
 lbl27 (36) : DUP_X1	 Stack:-1	Consumes:[] Produces:[] sources  lbl26 targets  lbl28
 lbl28 (37) : ICONST_2	 Stack:-1	Consumes:[] Produces:[] sources  lbl27 targets  lbl29
 lbl29 (38) : IFEQ	 Stack:-1	Consumes:[] Produces:[] sources  lbl28 targets  lbl30 lbl40
 lbl30 (41) : LSTORE_0	 Stack:-1	Consumes:[] Produces:[] sources  lbl29 targets  lbl31
 lbl31 (42) : DUP_X1	 Stack:-1	Consumes:[] Produces:[] sources  lbl30 targets  lbl32
 lbl32 (43) : ICONST_3	 Stack:-1	Consumes:[] Produces:[] sources  lbl31 targets  lbl33
 lbl33 (44) : IFEQ	 Stack:-1	Consumes:[] Produces:[] sources  lbl32 targets  lbl34 lbl41
 lbl34 (47) : ISUB	 Stack:-1	Consumes:[] Produces:[] sources  lbl33 targets  lbl35
 lbl35 (63) : LSTORE_3	 Stack:-1	Consumes:[] Produces:[] sources  lbl11 lbl34 targets  lbl36
 lbl36 (67) : LDC2_W	 Stack:-1	Consumes:[] Produces:[] sources  lbl15 lbl35 targets  lbl37
 lbl37 (68) : NOP	 Stack:-1	Consumes:[] Produces:[] sources  lbl18 lbl36 targets  lbl38
 lbl38 (69) : FCONST_2	 Stack:-1	Consumes:[] Produces:[] sources  lbl21 lbl37 targets  lbl39
 lbl39 (80) : NOP	 Stack:-1	Consumes:[] Produces:[] sources  lbl25 lbl38 targets  lbl40
 lbl40 (84) : NOP	 Stack:-1	Consumes:[] Produces:[] sources  lbl29 lbl39 targets  lbl41
 lbl41 (99) : ILOAD	 Stack:-1	Consumes:[] Produces:[] sources  lbl33 lbl40 targets 
----[known stack info]------------

 lbl0 (-1) : NOP	 Stack:0	Consumes:[] Produces:[] sources  targets  lbl1
 lbl1 (0) : LSTORE_0	 Stack:0	Consumes:[null ] Produces:[] sources  lbl0 targets  lbl2
 lbl2 (1) : MONITORENTER	 Stack:-1	Consumes:[] Produces:[] sources  lbl1 targets  lbl3
 lbl3 (2) : NOP	 Stack:-1	Consumes:[] Produces:[] sources  lbl2 targets  lbl4
 lbl4 (3) : DLOAD_0	 Stack:-1	Consumes:[] Produces:[] sources  lbl3 targets  lbl5
 lbl5 (4) : ISUB	 Stack:-1	Consumes:[] Produces:[] sources  lbl4 targets 
----[known stack info]------------

 lbl0 (-1) : NOP	 Stack:0	Consumes:[] Produces:[] sources  targets  lbl1
 lbl1 (0) : LSTORE_0	 Stack:0	Consumes:[null ] Produces:[] sources  lbl0 targets  lbl2
 lbl2 (1) : MONITORENTER	 Stack:-1	Consumes:[] Produces:[] sources  lbl1 targets  lbl3
 lbl3 (2) : NOP	 Stack:-1	Consumes:[] Produces:[] sources  lbl2 targets  lbl4
 lbl4 (3) : DLOAD_0	 Stack:-1	Consumes:[] Produces:[] sources  lbl3 targets  lbl5
 lbl5 (4) : ISUB	 Stack:-1	Consumes:[] Produces:[] sources  lbl4 targets 
----[known stack info]------------

 lbl0 (-1) : NOP	 Stack:0	Consumes:[] Produces:[] sources  targets  lbl1
 lbl1 (0) : LSTORE_0	 Stack:0	Consumes:[null ] Produces:[] sources  lbl0 targets  lbl2
 lbl2 (1) : MONITORENTER	 Stack:-1	Consumes:[] Produces:[] sources  lbl1 targets  lbl3
 lbl3 (2) : NOP	 Stack:-1	Consumes:[] Produces:[] sources  lbl2 targets  lbl4
 lbl4 (3) : DLOAD_0	 Stack:-1	Consumes:[] Produces:[] sources  lbl3 targets  lbl5
 lbl5 (4) : ISUB	 Stack:-1	Consumes:[] Produces:[] sources  lbl4 targets 
----[known stack info]------------

 lbl0 (-1) : NOP	 Stack:0	Consumes:[] Produces:[] sources  targets  lbl1
 lbl1 (0) : LSTORE_0	 Stack:0	Consumes:[null ] Produces:[] sources  lbl0 targets  lbl2
 lbl2 (1) : MONITORENTER	 Stack:-1	Consumes:[] Produces:[] sources  lbl1 targets  lbl3
 lbl3 (2) : NOP	 Stack:-1	Consumes:[] Produces:[] sources  lbl2 targets  lbl4
 lbl4 (3) : DLOAD_0	 Stack:-1	Consumes:[] Produces:[] sources  lbl3 targets  lbl5
 lbl5 (4) : ISUB	 Stack:-1	Consumes:[] Produces:[] sources  lbl4 targets 
----[known stack info]------------

 lbl0 (-1) : NOP	 Stack:0	Consumes:[] Produces:[] sources  targets  lbl1
 lbl1 (0) : LSTORE_0	 Stack:0	Consumes:[null ] Produces:[] sources  lbl0 targets  lbl2
 lbl2 (1) : MONITORENTER	 Stack:-1	Consumes:[] Produces:[] sources  lbl1 targets  lbl3
 lbl3 (2) : NOP	 Stack:-1	Consumes:[] Produces:[] sources  lbl2 targets  lbl4
 lbl4 (3) : DLOAD_0	 Stack:-1	Consumes:[] Produces:[] sources  lbl3 targets  lbl5
 lbl5 (4) : ISUB	 Stack:-1	Consumes:[] Produces:[] sources  lbl4 targets 
----[known stack info]------------

 lbl0 (-1) : NOP	 Stack:0	Consumes:[] Produces:[] sources  targets  lbl1
 lbl1 (0) : LSTORE_0	 Stack:0	Consumes:[null ] Produces:[] sources  lbl0 targets  lbl2
 lbl2 (1) : MONITORENTER	 Stack:-1	Consumes:[] Produces:[] sources  lbl1 targets  lbl3
 lbl3 (2) : NOP	 Stack:-1	Consumes:[] Produces:[] sources  lbl2 targets  lbl4
 lbl4 (3) : DLOAD_0	 Stack:-1	Consumes:[] Produces:[] sources  lbl3 targets  lbl5
 lbl5 (4) : ISUB	 Stack:-1	Consumes:[] Produces:[] sources  lbl4 targets 
----[known stack info]------------

 lbl0 (-1) : NOP	 Stack:0	Consumes:[] Produces:[] sources  targets  lbl1
 lbl1 (0) : LSTORE_0	 Stack:0	Consumes:[null ] Produces:[] sources  lbl0 targets  lbl2
 lbl2 (1) : MONITORENTER	 Stack:-1	Consumes:[] Produces:[] sources  lbl1 targets  lbl3
 lbl3 (2) : NOP	 Stack:-1	Consumes:[] Produces:[] sources  lbl2 targets  lbl4
 lbl4 (3) : DLOAD_0	 Stack:-1	Consumes:[] Produces:[] sources  lbl3 targets  lbl5
 lbl5 (4) : ISUB	 Stack:-1	Consumes:[] Produces:[] sources  lbl4 targets 
----[known stack info]------------

 lbl0 (-1) : NOP	 Stack:0	Consumes:[] Produces:[] sources  targets  lbl1
 lbl1 (0) : LSTORE_0	 Stack:0	Consumes:[null ] Produces:[] sources  lbl0 targets  lbl2
 lbl2 (1) : MONITORENTER	 Stack:-1	Consumes:[] Produces:[] sources  lbl1 targets  lbl3
 lbl3 (2) : NOP	 Stack:-1	Consumes:[] Produces:[] sources  lbl2 targets  lbl4
 lbl4 (3) : DLOAD_0	 Stack:-1	Consumes:[] Produces:[] sources  lbl3 targets  lbl5
 lbl5 (4) : ISUB	 Stack:-1	Consumes:[] Produces:[] sources  lbl4 targets 
----[known stack info]------------

 lbl0 (-1) : NOP	 Stack:0	Consumes:[] Produces:[] sources  targets  lbl1
 lbl1 (0) : LSTORE_0	 Stack:0	Consumes:[null ] Produces:[] sources  lbl0 targets  lbl2
 lbl2 (1) : MONITORENTER	 Stack:-1	Consumes:[] Produces:[] sources  lbl1 targets  lbl3
 lbl3 (2) : NOP	 Stack:-1	Consumes:[] Produces:[] sources  lbl2 targets  lbl4
 lbl4 (3) : DLOAD_0	 Stack:-1	Consumes:[] Produces:[] sources  lbl3 targets  lbl5
 lbl5 (4) : ISUB	 Stack:-1	Consumes:[] Produces:[] sources  lbl4 targets 
----[known stack info]------------

 lbl0 (-1) : NOP	 Stack:0	Consumes:[] Produces:[] sources  targets  lbl1
 lbl1 (0) : LSTORE_0	 Stack:0	Consumes:[null ] Produces:[] sources  lbl0 targets  lbl2
 lbl2 (1) : MONITORENTER	 Stack:-1	Consumes:[] Produces:[] sources  lbl1 targets  lbl3
 lbl3 (2) : NOP	 Stack:-1	Consumes:[] Produces:[] sources  lbl2 targets  lbl4
 lbl4 (3) : DLOAD_0	 Stack:-1	Consumes:[] Produces:[] sources  lbl3 targets  lbl5
 lbl5 (4) : ISUB	 Stack:-1	Consumes:[] Produces:[] sources  lbl4 targets 
----[known stack info]------------

 lbl0 (-1) : NOP	 Stack:0	Consumes:[] Produces:[] sources  targets  lbl1
 lbl1 (0) : DUP_X1	 Stack:-1	Consumes:[] Produces:[] sources  lbl0 targets  lbl2
 lbl2 (1) : BIPUSH	 Stack:-1	Consumes:[] Produces:[] sources  lbl1 targets 
----[known stack info]------------

 lbl0 (-1) : NOP	 Stack:0	Consumes:[] Produces:[] sources  targets  lbl1
 lbl1 (0) : DUP_X1	 Stack:-1	Consumes:[] Produces:[] sources  lbl0 targets  lbl2
 lbl2 (1) : BIPUSH	 Stack:-1	Consumes:[] Produces:[] sources  lbl1 targets 
----[known stack info]------------

 lbl0 (-1) : NOP	 Stack:0	Consumes:[] Produces:[] sources  targets  lbl1
 lbl1 (0) : DUP_X1	 Stack:-1	Consumes:[] Produces:[] sources  lbl0 targets  lbl2
 lbl2 (1) : BIPUSH	 Stack:-1	Consumes:[] Produces:[] sources  lbl1 targets 
----[known stack info]------------

 lbl0 (-1) : NOP	 Stack:0	Consumes:[] Produces:[] sources  targets  lbl1
 lbl1 (0) : DUP_X1	 Stack:-1	Consumes:[] Produces:[] sources  lbl0 targets  lbl2
 lbl2 (1) : BIPUSH	 Stack:-1	Consumes:[] Produces:[] sources  lbl1 targets 
----[known stack info]------------

 lbl0 (-1) : NOP	 Stack:0	Consumes:[] Produces:[] sources  targets  lbl1
 lbl1 (0) : DUP_X1	 Stack:-1	Consumes:[] Produces:[] sources  lbl0 targets  lbl2
 lbl2 (1) : BIPUSH	 Stack:-1	Consumes:[] Produces:[] sources  lbl1 targets 
----[known stack info]------------

 lbl0 (-1) : NOP	 Stack:0	Consumes:[] Produces:[] sources  targets  lbl1
 lbl1 (0) : DUP_X1	 Stack:-1	Consumes:[] Produces:[] sources  lbl0 targets  lbl2
 lbl2 (1) : BIPUSH	 Stack:-1	Consumes:[] Produces:[] sources  lbl1 targets 
----[known stack info]------------

 lbl0 (-1) : NOP	 Stack:0	Consumes:[] Produces:[] sources  targets  lbl1
 lbl1 (0) : DUP_X1	 Stack:-1	Consumes:[] Produces:[] sources  lbl0 targets  lbl2
 lbl2 (1) : BIPUSH	 Stack:-1	Consumes:[] Produces:[] sources  lbl1 targets 
----[known stack info]------------

 lbl0 (-1) : NOP	 Stack:0	Consumes:[] Produces:[] sources  targets  lbl1
 lbl1 (0) : DUP_X1	 Stack:-1	Consumes:[] Produces:[] sources  lbl0 targets  lbl2
 lbl2 (1) : BIPUSH	 Stack:-1	Consumes:[] Produces:[] sources  lbl1 targets 
----[known stack info]------------

 lbl0 (-1) : NOP	 Stack:0	Consumes:[] Produces:[] sources  targets  lbl1
 lbl1 (0) : DUP_X1	 Stack:-1	Consumes:[] Produces:[] sources  lbl0 targets  lbl2
 lbl2 (1) : BIPUSH	 Stack:-1	Consumes:[] Produces:[] sources  lbl1 targets 
----[known stack info]------------

 lbl0 (-1) : NOP	 Stack:0	Consumes:[] Produces:[] sources  targets  lbl1
 lbl1 (0) : DUP_X1	 Stack:-1	Consumes:[] Produces:[] sources  lbl0 targets  lbl2
 lbl2 (1) : BIPUSH	 Stack:-1	Consumes:[] Produces:[] sources  lbl1 targets 
----[known stack info]------------

 lbl0 (-1) : NOP	 Stack:0	Consumes:[] Produces:[] sources  targets  lbl1
 lbl1 (0) : DUP_X1	 Stack:-1	Consumes:[] Produces:[] sources  lbl0 targets  lbl2
 lbl2 (1) : LCONST_1	 Stack:-1	Consumes:[] Produces:[] sources  lbl1 targets  lbl3
 lbl3 (2) : AASTORE	 Stack:-1	Consumes:[] Produces:[] sources  lbl2 targets 
----[known stack info]------------

 lbl0 (-1) : NOP	 Stack:0	Consumes:[] Produces:[] sources  targets  lbl1
 lbl1 (0) : DUP_X1	 Stack:-1	Consumes:[] Produces:[] sources  lbl0 targets  lbl2
 lbl2 (1) : LCONST_1	 Stack:-1	Consumes:[] Produces:[] sources  lbl1 targets  lbl3
 lbl3 (2) : AASTORE	 Stack:-1	Consumes:[] Produces:[] sources  lbl2 targets 
----[known stack info]------------

 lbl0 (-1) : NOP	 Stack:0	Consumes:[] Produces:[] sources  targets  lbl1
 lbl1 (0) : DUP_X1	 Stack:-1	Consumes:[] Produces:[] sources  lbl0 targets  lbl2
 lbl2 (1) : LCONST_1	 Stack:-1	Consumes:[] Produces:[] sources  lbl1 targets  lbl3
 lbl3 (2) : AASTORE	 Stack:-1	Consumes:[] Produces:[] sources  lbl2 targets 
----[known stack info]------------

 lbl0 (-1) : NOP	 Stack:0	Consumes:[] Produces:[] sources  targets  lbl1
 lbl1 (0) : DUP_X1	 Stack:-1	Consumes:[] Produces:[] sources  lbl0 targets  lbl2
 lbl2 (1) : LCONST_1	 Stack:-1	Consumes:[] Produces:[] sources  lbl1 targets  lbl3
 lbl3 (2) : AASTORE	 Stack:-1	Consumes:[] Produces:[] sources  lbl2 targets 
----[known stack info]------------

 lbl0 (-1) : NOP	 Stack:0	Consumes:[] Produces:[] sources  targets  lbl1
 lbl1 (0) : DUP_X1	 Stack:-1	Consumes:[] Produces:[] sources  lbl0 targets  lbl2
 lbl2 (1) : LCONST_1	 Stack:-1	Consumes:[] Produces:[] sources  lbl1 targets  lbl3
 lbl3 (2) : AASTORE	 Stack:-1	Consumes:[] Produces:[] sources  lbl2 targets 
----[known stack info]------------

 lbl0 (-1) : NOP	 Stack:0	Consumes:[] Produces:[] sources  targets  lbl1
 lbl1 (0) : DUP_X1	 Stack:-1	Consumes:[] Produces:[] sources  lbl0 targets  lbl2
 lbl2 (1) : LCONST_1	 Stack:-1	Consumes:[] Produces:[] sources  lbl1 targets  lbl3
 lbl3 (2) : AASTORE	 Stack:-1	Consumes:[] Produces:[] sources  lbl2 targets 
----[known stack info]------------

 lbl0 (-1) : NOP	 Stack:0	Consumes:[] Produces:[] sources  targets  lbl1
 lbl1 (0) : DUP_X1	 Stack:-1	Consumes:[] Produces:[] sources  lbl0 targets  lbl2
 lbl2 (1) : LCONST_1	 Stack:-1	Consumes:[] Produces:[] sources  lbl1 targets  lbl3
 lbl3 (2) : AASTORE	 Stack:-1	Consumes:[] Produces:[] sources  lbl2 targets 
----[known stack info]------------

 lbl0 (-1) : NOP	 Stack:0	Consumes:[] Produces:[] sources  targets  lbl1
 lbl1 (0) : DUP_X1	 Stack:-1	Consumes:[] Produces:[] sources  lbl0 targets  lbl2
 lbl2 (1) : LCONST_1	 Stack:-1	Consumes:[] Produces:[] sources  lbl1 targets  lbl3
 lbl3 (2) : AASTORE	 Stack:-1	Consumes:[] Produces:[] sources  lbl2 targets 
----[known stack info]------------

 lbl0 (-1) : NOP	 Stack:0	Consumes:[] Produces:[] sources  targets  lbl1
 lbl1 (0) : DUP_X1	 Stack:-1	Consumes:[] Produces:[] sources  lbl0 targets  lbl2
 lbl2 (1) : LCONST_1	 Stack:-1	Consumes:[] Produces:[] sources  lbl1 targets  lbl3
 lbl3 (2) : AASTORE	 Stack:-1	Consumes:[] Produces:[] sources  lbl2 targets 
----[known stack info]------------

 lbl0 (-1) : NOP	 Stack:0	Consumes:[] Produces:[] sources  targets  lbl1
 lbl1 (0) : DUP_X1	 Stack:-1	Consumes:[] Produces:[] sources  lbl0 targets  lbl2
 lbl2 (1) : LCONST_1	 Stack:-1	Consumes:[] Produces:[] sources  lbl1 targets  lbl3
 lbl3 (2) : AASTORE	 Stack:-1	Consumes:[] Produces:[] sources  lbl2 targets 
----[known stack info]------------

 lbl0 (-1) : NOP	 Stack:0	Consumes:[] Produces:[] sources  targets  lbl1
 lbl1 (0) : LSTORE_1	 Stack:0	Consumes:[null ] Produces:[] sources  lbl0 targets  lbl2
 lbl2 (1) : DSUB	 Stack:-1	Consumes:[] Produces:[] sources  lbl1 targets  lbl3
 lbl3 (2) : NOP	 Stack:-1	Consumes:[] Produces:[] sources  lbl2 targets  lbl4
 lbl4 (3) : LCONST_1	 Stack:-1	Consumes:[] Produces:[] sources  lbl3 targets  lbl5
 lbl5 (4) : LSTORE_1	 Stack:-1	Consumes:[] Produces:[] sources  lbl4 targets  lbl6
 lbl6 (5) : IF_ICMPLE	 Stack:-1	Consumes:[] Produces:[] sources  lbl5 targets  lbl7 lbl9
 lbl7 (8) : IALOAD	 Stack:-1	Consumes:[] Produces:[] sources  lbl6 targets  lbl8
 lbl8 (9) : NOP	 Stack:-1	Consumes:[] Produces:[] sources  lbl7 targets  lbl9
 lbl9 (10) : ICONST_4	 Stack:-1	Consumes:[] Produces:[] sources  lbl6 lbl8 targets  lbl10
 lbl10 (11) : ICONST_1	 Stack:-1	Consumes:[] Produces:[] sources  lbl9 targets  lbl11
 lbl11 (12) : IF_ACMPNE	 Stack:-1	Consumes:[] Produces:[] sources  lbl10 targets  lbl12 lbl13
 lbl12 (15) : ICONST_0	 Stack:-1	Consumes:[] Produces:[] sources  lbl11 targets  lbl13
 lbl13 (16) : I2S	 Stack:-1	Consumes:[] Produces:[] sources  lbl11 lbl12 targets 
----[known stack info]------------

 lbl0 (-1) : NOP	 Stack:0	Consumes:[] Produces:[] sources  targets  lbl1
 lbl1 (0) : LSTORE_1	 Stack:0	Consumes:[null ] Produces:[] sources  lbl0 targets  lbl2
 lbl2 (1) : DSUB	 Stack:-1	Consumes:[] Produces:[] sources  lbl1 targets  lbl3
 lbl3 (2) : NOP	 Stack:-1	Consumes:[] Produces:[] sources  lbl2 targets  lbl4
 lbl4 (3) : LCONST_1	 Stack:-1	Consumes:[] Produces:[] sources  lbl3 targets  lbl5
 lbl5 (4) : LSTORE_1	 Stack:-1	Consumes:[] Produces:[] sources  lbl4 targets  lbl6
 lbl6 (5) : IF_ICMPLE	 Stack:-1	Consumes:[] Produces:[] sources  lbl5 targets  lbl7 lbl9
 lbl7 (8) : IALOAD	 Stack:-1	Consumes:[] Produces:[] sources  lbl6 targets  lbl8
 lbl8 (9) : NOP	 Stack:-1	Consumes:[] Produces:[] sources  lbl7 targets  lbl9
 lbl9 (10) : ICONST_4	 Stack:-1	Consumes:[] Produces:[] sources  lbl6 lbl8 targets  lbl10
 lbl10 (11) : ICONST_1	 Stack:-1	Consumes:[] Produces:[] sources  lbl9 targets  lbl11
 lbl11 (12) : IF_ACMPNE	 Stack:-1	Consumes:[] Produces:[] sources  lbl10 targets  lbl12 lbl13
 lbl12 (15) : ICONST_0	 Stack:-1	Consumes:[] Produces:[] sources  lbl11 targets  lbl13
 lbl13 (16) : I2S	 Stack:-1	Consumes:[] Produces:[] sources  lbl11 lbl12 targets 
----[known stack info]------------

 lbl0 (-1) : NOP	 Stack:0	Consumes:[] Produces:[] sources  targets  lbl1
 lbl1 (0) : LSTORE_1	 Stack:0	Consumes:[null ] Produces:[] sources  lbl0 targets  lbl2
 lbl2 (1) : DSUB	 Stack:-1	Consumes:[] Produces:[] sources  lbl1 targets  lbl3
 lbl3 (2) : NOP	 Stack:-1	Consumes:[] Produces:[] sources  lbl2 targets  lbl4
 lbl4 (3) : LCONST_1	 Stack:-1	Consumes:[] Produces:[] sources  lbl3 targets  lbl5
 lbl5 (4) : LSTORE_1	 Stack:-1	Consumes:[] Produces:[] sources  lbl4 targets  lbl6
 lbl6 (5) : IF_ICMPLE	 Stack:-1	Consumes:[] Produces:[] sources  lbl5 targets  lbl7 lbl9
 lbl7 (8) : IALOAD	 Stack:-1	Consumes:[] Produces:[] sources  lbl6 targets  lbl8
 lbl8 (9) : NOP	 Stack:-1	Consumes:[] Produces:[] sources  lbl7 targets  lbl9
 lbl9 (10) : ICONST_4	 Stack:-1	Consumes:[] Produces:[] sources  lbl6 lbl8 targets  lbl10
 lbl10 (11) : ICONST_1	 Stack:-1	Consumes:[] Produces:[] sources  lbl9 targets  lbl11
 lbl11 (12) : IF_ACMPNE	 Stack:-1	Consumes:[] Produces:[] sources  lbl10 targets  lbl12 lbl13
 lbl12 (15) : ICONST_0	 Stack:-1	Consumes:[] Produces:[] sources  lbl11 targets  lbl13
 lbl13 (16) : I2S	 Stack:-1	Consumes:[] Produces:[] sources  lbl11 lbl12 targets 
----[known stack info]------------

 lbl0 (-1) : NOP	 Stack:0	Consumes:[] Produces:[] sources  targets  lbl1
 lbl1 (0) : LSTORE_1	 Stack:0	Consumes:[null ] Produces:[] sources  lbl0 targets  lbl2
 lbl2 (1) : DSUB	 Stack:-1	Consumes:[] Produces:[] sources  lbl1 targets  lbl3
 lbl3 (2) : NOP	 Stack:-1	Consumes:[] Produces:[] sources  lbl2 targets  lbl4
 lbl4 (3) : LCONST_1	 Stack:-1	Consumes:[] Produces:[] sources  lbl3 targets  lbl5
 lbl5 (4) : LSTORE_1	 Stack:-1	Consumes:[] Produces:[] sources  lbl4 targets  lbl6
 lbl6 (5) : IF_ICMPLE	 Stack:-1	Consumes:[] Produces:[] sources  lbl5 targets  lbl7 lbl9
 lbl7 (8) : IALOAD	 Stack:-1	Consumes:[] Produces:[] sources  lbl6 targets  lbl8
 lbl8 (9) : NOP	 Stack:-1	Consumes:[] Produces:[] sources  lbl7 targets  lbl9
 lbl9 (10) : ICONST_4	 Stack:-1	Consumes:[] Produces:[] sources  lbl6 lbl8 targets  lbl10
 lbl10 (11) : ICONST_1	 Stack:-1	Consumes:[] Produces:[] sources  lbl9 targets  lbl11
 lbl11 (12) : IF_ACMPNE	 Stack:-1	Consumes:[] Produces:[] sources  lbl10 targets  lbl12 lbl13
 lbl12 (15) : ICONST_0	 Stack:-1	Consumes:[] Produces:[] sources  lbl11 targets  lbl13
 lbl13 (16) : I2S	 Stack:-1	Consumes:[] Produces:[] sources  lbl11 lbl12 targets 
----[known stack info]------------

 lbl0 (-1) : NOP	 Stack:0	Consumes:[] Produces:[] sources  targets  lbl1
 lbl1 (0) : LSTORE_1	 Stack:0	Consumes:[null ] Produces:[] sources  lbl0 targets  lbl2
 lbl2 (1) : DSUB	 Stack:-1	Consumes:[] Produces:[] sources  lbl1 targets  lbl3
 lbl3 (2) : NOP	 Stack:-1	Consumes:[] Produces:[] sources  lbl2 targets  lbl4
 lbl4 (3) : LCONST_1	 Stack:-1	Consumes:[] Produces:[] sources  lbl3 targets  lbl5
 lbl5 (4) : LSTORE_1	 Stack:-1	Consumes:[] Produces:[] sources  lbl4 targets  lbl6
 lbl6 (5) : IF_ICMPLE	 Stack:-1	Consumes:[] Produces:[] sources  lbl5 targets  lbl7 lbl9
 lbl7 (8) : IALOAD	 Stack:-1	Consumes:[] Produces:[] sources  lbl6 targets  lbl8
 lbl8 (9) : NOP	 Stack:-1	Consumes:[] Produces:[] sources  lbl7 targets  lbl9
 lbl9 (10) : ICONST_4	 Stack:-1	Consumes:[] Produces:[] sources  lbl6 lbl8 targets  lbl10
 lbl10 (11) : ICONST_1	 Stack:-1	Consumes:[] Produces:[] sources  lbl9 targets  lbl11
 lbl11 (12) : IF_ACMPNE	 Stack:-1	Consumes:[] Produces:[] sources  lbl10 targets  lbl12 lbl13
 lbl12 (15) : ICONST_0	 Stack:-1	Consumes:[] Produces:[] sources  lbl11 targets  lbl13
 lbl13 (16) : I2S	 Stack:-1	Consumes:[] Produces:[] sources  lbl11 lbl12 targets 
----[known stack info]------------

 lbl0 (-1) : NOP	 Stack:0	Consumes:[] Produces:[] sources  targets  lbl1
 lbl1 (0) : LSTORE_1	 Stack:0	Consumes:[null ] Produces:[] sources  lbl0 targets  lbl2
 lbl2 (1) : DSUB	 Stack:-1	Consumes:[] Produces:[] sources  lbl1 targets  lbl3
 lbl3 (2) : NOP	 Stack:-1	Consumes:[] Produces:[] sources  lbl2 targets  lbl4
 lbl4 (3) : LCONST_1	 Stack:-1	Consumes:[] Produces:[] sources  lbl3 targets  lbl5
 lbl5 (4) : LSTORE_1	 Stack:-1	Consumes:[] Produces:[] sources  lbl4 targets  lbl6
 lbl6 (5) : IF_ICMPLE	 Stack:-1	Consumes:[] Produces:[] sources  lbl5 targets  lbl7 lbl9
 lbl7 (8) : IALOAD	 Stack:-1	Consumes:[] Produces:[] sources  lbl6 targets  lbl8
 lbl8 (9) : NOP	 Stack:-1	Consumes:[] Produces:[] sources  lbl7 targets  lbl9
 lbl9 (10) : ICONST_4	 Stack:-1	Consumes:[] Produces:[] sources  lbl6 lbl8 targets  lbl10
 lbl10 (11) : ICONST_1	 Stack:-1	Consumes:[] Produces:[] sources  lbl9 targets  lbl11
 lbl11 (12) : IF_ACMPNE	 Stack:-1	Consumes:[] Produces:[] sources  lbl10 targets  lbl12 lbl13
 lbl12 (15) : ICONST_0	 Stack:-1	Consumes:[] Produces:[] sources  lbl11 targets  lbl13
 lbl13 (16) : I2S	 Stack:-1	Consumes:[] Produces:[] sources  lbl11 lbl12 targets 
----[known stack info]------------

 lbl0 (-1) : NOP	 Stack:0	Consumes:[] Produces:[] sources  targets  lbl1
 lbl1 (0) : LSTORE_1	 Stack:0	Consumes:[null ] Produces:[] sources  lbl0 targets  lbl2
 lbl2 (1) : DSUB	 Stack:-1	Consumes:[] Produces:[] sources  lbl1 targets  lbl3
 lbl3 (2) : NOP	 Stack:-1	Consumes:[] Produces:[] sources  lbl2 targets  lbl4
 lbl4 (3) : LCONST_1	 Stack:-1	Consumes:[] Produces:[] sources  lbl3 targets  lbl5
 lbl5 (4) : LSTORE_1	 Stack:-1	Consumes:[] Produces:[] sources  lbl4 targets  lbl6
 lbl6 (5) : IF_ICMPLE	 Stack:-1	Consumes:[] Produces:[] sources  lbl5 targets  lbl7 lbl9
 lbl7 (8) : IALOAD	 Stack:-1	Consumes:[] Produces:[] sources  lbl6 targets  lbl8
 lbl8 (9) : NOP	 Stack:-1	Consumes:[] Produces:[] sources  lbl7 targets  lbl9
 lbl9 (10) : ICONST_4	 Stack:-1	Consumes:[] Produces:[] sources  lbl6 lbl8 targets  lbl10
 lbl10 (11) : ICONST_1	 Stack:-1	Consumes:[] Produces:[] sources  lbl9 targets  lbl11
 lbl11 (12) : IF_ACMPNE	 Stack:-1	Consumes:[] Produces:[] sources  lbl10 targets  lbl12 lbl13
 lbl12 (15) : ICONST_0	 Stack:-1	Consumes:[] Produces:[] sources  lbl11 targets  lbl13
 lbl13 (16) : I2S	 Stack:-1	Consumes:[] Produces:[] sources  lbl11 lbl12 targets 
----[known stack info]------------

 lbl0 (-1) : NOP	 Stack:0	Consumes:[] Produces:[] sources  targets  lbl1
 lbl1 (0) : LSTORE_1	 Stack:0	Consumes:[null ] Produces:[] sources  lbl0 targets  lbl2
 lbl2 (1) : DSUB	 Stack:-1	Consumes:[] Produces:[] sources  lbl1 targets  lbl3
 lbl3 (2) : NOP	 Stack:-1	Consumes:[] Produces:[] sources  lbl2 targets  lbl4
 lbl4 (3) : LCONST_1	 Stack:-1	Consumes:[] Produces:[] sources  lbl3 targets  lbl5
 lbl5 (4) : LSTORE_1	 Stack:-1	Consumes:[] Produces:[] sources  lbl4 targets  lbl6
 lbl6 (5) : IF_ICMPLE	 Stack:-1	Consumes:[] Produces:[] sources  lbl5 targets  lbl7 lbl9
 lbl7 (8) : IALOAD	 Stack:-1	Consumes:[] Produces:[] sources  lbl6 targets  lbl8
 lbl8 (9) : NOP	 Stack:-1	Consumes:[] Produces:[] sources  lbl7 targets  lbl9
 lbl9 (10) : ICONST_4	 Stack:-1	Consumes:[] Produces:[] sources  lbl6 lbl8 targets  lbl10
 lbl10 (11) : ICONST_1	 Stack:-1	Consumes:[] Produces:[] sources  lbl9 targets  lbl11
 lbl11 (12) : IF_ACMPNE	 Stack:-1	Consumes:[] Produces:[] sources  lbl10 targets  lbl12 lbl13
 lbl12 (15) : ICONST_0	 Stack:-1	Consumes:[] Produces:[] sources  lbl11 targets  lbl13
 lbl13 (16) : I2S	 Stack:-1	Consumes:[] Produces:[] sources  lbl11 lbl12 targets 
----[known stack info]------------

 lbl0 (-1) : NOP	 Stack:0	Consumes:[] Produces:[] sources  targets  lbl1
 lbl1 (0) : LSTORE_1	 Stack:0	Consumes:[null ] Produces:[] sources  lbl0 targets  lbl2
 lbl2 (1) : DSUB	 Stack:-1	Consumes:[] Produces:[] sources  lbl1 targets  lbl3
 lbl3 (2) : NOP	 Stack:-1	Consumes:[] Produces:[] sources  lbl2 targets  lbl4
 lbl4 (3) : LCONST_1	 Stack:-1	Consumes:[] Produces:[] sources  lbl3 targets  lbl5
 lbl5 (4) : LSTORE_1	 Stack:-1	Consumes:[] Produces:[] sources  lbl4 targets  lbl6
 lbl6 (5) : IF_ICMPLE	 Stack:-1	Consumes:[] Produces:[] sources  lbl5 targets  lbl7 lbl9
 lbl7 (8) : IALOAD	 Stack:-1	Consumes:[] Produces:[] sources  lbl6 targets  lbl8
 lbl8 (9) : NOP	 Stack:-1	Consumes:[] Produces:[] sources  lbl7 targets  lbl9
 lbl9 (10) : ICONST_4	 Stack:-1	Consumes:[] Produces:[] sources  lbl6 lbl8 targets  lbl10
 lbl10 (11) : ICONST_1	 Stack:-1	Consumes:[] Produces:[] sources  lbl9 targets  lbl11
 lbl11 (12) : IF_ACMPNE	 Stack:-1	Consumes:[] Produces:[] sources  lbl10 targets  lbl12 lbl13
 lbl12 (15) : ICONST_0	 Stack:-1	Consumes:[] Produces:[] sources  lbl11 targets  lbl13
 lbl13 (16) : I2S	 Stack:-1	Consumes:[] Produces:[] sources  lbl11 lbl12 targets 
----[known stack info]------------

 lbl0 (-1) : NOP	 Stack:0	Consumes:[] Produces:[] sources  targets  lbl1
 lbl1 (0) : LSTORE_1	 Stack:0	Consumes:[null ] Produces:[] sources  lbl0 targets  lbl2
 lbl2 (1) : DSUB	 Stack:-1	Consumes:[] Produces:[] sources  lbl1 targets  lbl3
 lbl3 (2) : NOP	 Stack:-1	Consumes:[] Produces:[] sources  lbl2 targets  lbl4
 lbl4 (3) : LCONST_1	 Stack:-1	Consumes:[] Produces:[] sources  lbl3 targets  lbl5
 lbl5 (4) : LSTORE_1	 Stack:-1	Consumes:[] Produces:[] sources  lbl4 targets  lbl6
 lbl6 (5) : IF_ICMPLE	 Stack:-1	Consumes:[] Produces:[] sources  lbl5 targets  lbl7 lbl9
 lbl7 (8) : IALOAD	 Stack:-1	Consumes:[] Produces:[] sources  lbl6 targets  lbl8
 lbl8 (9) : NOP	 Stack:-1	Consumes:[] Produces:[] sources  lbl7 targets  lbl9
 lbl9 (10) : ICONST_4	 Stack:-1	Consumes:[] Produces:[] sources  lbl6 lbl8 targets  lbl10
 lbl10 (11) : ICONST_1	 Stack:-1	Consumes:[] Produces:[] sources  lbl9 targets  lbl11
 lbl11 (12) : IF_ACMPNE	 Stack:-1	Consumes:[] Produces:[] sources  lbl10 targets  lbl12 lbl13
 lbl12 (15) : ICONST_0	 Stack:-1	Consumes:[] Produces:[] sources  lbl11 targets  lbl13
 lbl13 (16) : I2S	 Stack:-1	Consumes:[] Produces:[] sources  lbl11 lbl12 targets 
----[known stack info]------------

 lbl0 (-1) : NOP	 Stack:0	Consumes:[] Produces:[] sources  targets  lbl1
 lbl1 (0) : LSTORE_0	 Stack:0	Consumes:[null ] Produces:[] sources  lbl0 targets  lbl2
 lbl2 (1) : LSTORE_1	 Stack:-1	Consumes:[] Produces:[] sources  lbl1 targets  lbl3
 lbl3 (2) : IFEQ	 Stack:-1	Consumes:[] Produces:[] sources  lbl2 targets  lbl4 lbl7
 lbl4 (5) : LSTORE_0	 Stack:-1	Consumes:[] Produces:[] sources  lbl3 targets  lbl5
 lbl5 (6) : LSTORE_2	 Stack:-1	Consumes:[] Produces:[] sources  lbl4 targets  lbl6
 lbl6 (7) : IFEQ	 Stack:-1	Consumes:[] Produces:[] sources  lbl5 targets  lbl7 lbl11
 lbl7 (10) : LSTORE_0	 Stack:-1	Consumes:[] Produces:[] sources  lbl3 lbl6 targets  lbl8
 lbl8 (11) : MONITORENTER	 Stack:-1	Consumes:[] Produces:[] sources  lbl7 targets  lbl9
 lbl9 (12) : NOP	 Stack:-1	Consumes:[] Produces:[] sources  lbl8 targets  lbl10
 lbl10 (13) : LCONST_0	 Stack:-1	Consumes:[] Produces:[] sources  lbl9 targets  lbl11
 lbl11 (14) : ISUB	 Stack:-1	Consumes:[] Produces:[] sources  lbl6 lbl10 targets 
----[known stack info]------------

 lbl0 (-1) : NOP	 Stack:0	Consumes:[] Produces:[] sources  targets  lbl1
 lbl1 (0) : LSTORE_0	 Stack:0	Consumes:[null ] Produces:[] sources  lbl0 targets  lbl2
 lbl2 (1) : LSTORE_1	 Stack:-1	Consumes:[] Produces:[] sources  lbl1 targets  lbl3
 lbl3 (2) : IFEQ	 Stack:-1	Consumes:[] Produces:[] sources  lbl2 targets  lbl4 lbl7
 lbl4 (5) : LSTORE_0	 Stack:-1	Consumes:[] Produces:[] sources  lbl3 targets  lbl5
 lbl5 (6) : LSTORE_2	 Stack:-1	Consumes:[] Produces:[] sources  lbl4 targets  lbl6
 lbl6 (7) : IFEQ	 Stack:-1	Consumes:[] Produces:[] sources  lbl5 targets  lbl7 lbl11
 lbl7 (10) : LSTORE_0	 Stack:-1	Consumes:[] Produces:[] sources  lbl3 lbl6 targets  lbl8
 lbl8 (11) : MONITORENTER	 Stack:-1	Consumes:[] Produces:[] sources  lbl7 targets  lbl9
 lbl9 (12) : NOP	 Stack:-1	Consumes:[] Produces:[] sources  lbl8 targets  lbl10
 lbl10 (13) : LCONST_0	 Stack:-1	Consumes:[] Produces:[] sources  lbl9 targets  lbl11
 lbl11 (14) : ISUB	 Stack:-1	Consumes:[] Produces:[] sources  lbl6 lbl10 targets 
----[known stack info]------------

 lbl0 (-1) : NOP	 Stack:0	Consumes:[] Produces:[] sources  targets  lbl1
 lbl1 (0) : LSTORE_0	 Stack:0	Consumes:[null ] Produces:[] sources  lbl0 targets  lbl2
 lbl2 (1) : LSTORE_1	 Stack:-1	Consumes:[] Produces:[] sources  lbl1 targets  lbl3
 lbl3 (2) : IFEQ	 Stack:-1	Consumes:[] Produces:[] sources  lbl2 targets  lbl4 lbl7
 lbl4 (5) : LSTORE_0	 Stack:-1	Consumes:[] Produces:[] sources  lbl3 targets  lbl5
 lbl5 (6) : LSTORE_2	 Stack:-1	Consumes:[] Produces:[] sources  lbl4 targets  lbl6
 lbl6 (7) : IFEQ	 Stack:-1	Consumes:[] Produces:[] sources  lbl5 targets  lbl7 lbl11
 lbl7 (10) : LSTORE_0	 Stack:-1	Consumes:[] Produces:[] sources  lbl3 lbl6 targets  lbl8
 lbl8 (11) : MONITORENTER	 Stack:-1	Consumes:[] Produces:[] sources  lbl7 targets  lbl9
 lbl9 (12) : NOP	 Stack:-1	Consumes:[] Produces:[] sources  lbl8 targets  lbl10
 lbl10 (13) : LCONST_0	 Stack:-1	Consumes:[] Produces:[] sources  lbl9 targets  lbl11
 lbl11 (14) : ISUB	 Stack:-1	Consumes:[] Produces:[] sources  lbl6 lbl10 targets 
----[known stack info]------------

 lbl0 (-1) : NOP	 Stack:0	Consumes:[] Produces:[] sources  targets  lbl1
 lbl1 (0) : LSTORE_0	 Stack:0	Consumes:[null ] Produces:[] sources  lbl0 targets  lbl2
 lbl2 (1) : LSTORE_1	 Stack:-1	Consumes:[] Produces:[] sources  lbl1 targets  lbl3
 lbl3 (2) : IFEQ	 Stack:-1	Consumes:[] Produces:[] sources  lbl2 targets  lbl4 lbl7
 lbl4 (5) : LSTORE_0	 Stack:-1	Consumes:[] Produces:[] sources  lbl3 targets  lbl5
 lbl5 (6) : LSTORE_2	 Stack:-1	Consumes:[] Produces:[] sources  lbl4 targets  lbl6
 lbl6 (7) : IFEQ	 Stack:-1	Consumes:[] Produces:[] sources  lbl5 targets  lbl7 lbl11
 lbl7 (10) : LSTORE_0	 Stack:-1	Consumes:[] Produces:[] sources  lbl3 lbl6 targets  lbl8
 lbl8 (11) : MONITORENTER	 Stack:-1	Consumes:[] Produces:[] sources  lbl7 targets  lbl9
 lbl9 (12) : NOP	 Stack:-1	Consumes:[] Produces:[] sources  lbl8 targets  lbl10
 lbl10 (13) : LCONST_0	 Stack:-1	Consumes:[] Produces:[] sources  lbl9 targets  lbl11
 lbl11 (14) : ISUB	 Stack:-1	Consumes:[] Produces:[] sources  lbl6 lbl10 targets 
----[known stack info]------------

 lbl0 (-1) : NOP	 Stack:0	Consumes:[] Produces:[] sources  targets  lbl1
 lbl1 (0) : LSTORE_0	 Stack:0	Consumes:[null ] Produces:[] sources  lbl0 targets  lbl2
 lbl2 (1) : LSTORE_1	 Stack:-1	Consumes:[] Produces:[] sources  lbl1 targets  lbl3
 lbl3 (2) : IFEQ	 Stack:-1	Consumes:[] Produces:[] sources  lbl2 targets  lbl4 lbl7
 lbl4 (5) : LSTORE_0	 Stack:-1	Consumes:[] Produces:[] sources  lbl3 targets  lbl5
 lbl5 (6) : LSTORE_2	 Stack:-1	Consumes:[] Produces:[] sources  lbl4 targets  lbl6
 lbl6 (7) : IFEQ	 Stack:-1	Consumes:[] Produces:[] sources  lbl5 targets  lbl7 lbl11
 lbl7 (10) : LSTORE_0	 Stack:-1	Consumes:[] Produces:[] sources  lbl3 lbl6 targets  lbl8
 lbl8 (11) : MONITORENTER	 Stack:-1	Consumes:[] Produces:[] sources  lbl7 targets  lbl9
 lbl9 (12) : NOP	 Stack:-1	Consumes:[] Produces:[] sources  lbl8 targets  lbl10
 lbl10 (13) : LCONST_0	 Stack:-1	Consumes:[] Produces:[] sources  lbl9 targets  lbl11
 lbl11 (14) : ISUB	 Stack:-1	Consumes:[] Produces:[] sources  lbl6 lbl10 targets 
----[known stack info]------------

 lbl0 (-1) : NOP	 Stack:0	Consumes:[] Produces:[] sources  targets  lbl1
 lbl1 (0) : LSTORE_0	 Stack:0	Consumes:[null ] Produces:[] sources  lbl0 targets  lbl2
 lbl2 (1) : LSTORE_1	 Stack:-1	Consumes:[] Produces:[] sources  lbl1 targets  lbl3
 lbl3 (2) : IFEQ	 Stack:-1	Consumes:[] Produces:[] sources  lbl2 targets  lbl4 lbl7
 lbl4 (5) : LSTORE_0	 Stack:-1	Consumes:[] Produces:[] sources  lbl3 targets  lbl5
 lbl5 (6) : LSTORE_2	 Stack:-1	Consumes:[] Produces:[] sources  lbl4 targets  lbl6
 lbl6 (7) : IFEQ	 Stack:-1	Consumes:[] Produces:[] sources  lbl5 targets  lbl7 lbl11
 lbl7 (10) : LSTORE_0	 Stack:-1	Consumes:[] Produces:[] sources  lbl3 lbl6 targets  lbl8
 lbl8 (11) : MONITORENTER	 Stack:-1	Consumes:[] Produces:[] sources  lbl7 targets  lbl9
 lbl9 (12) : NOP	 Stack:-1	Consumes:[] Produces:[] sources  lbl8 targets  lbl10
 lbl10 (13) : LCONST_0	 Stack:-1	Consumes:[] Produces:[] sources  lbl9 targets  lbl11
 lbl11 (14) : ISUB	 Stack:-1	Consumes:[] Produces:[] sources  lbl6 lbl10 targets 
----[known stack info]------------

 lbl0 (-1) : NOP	 Stack:0	Consumes:[] Produces:[] sources  targets  lbl1
 lbl1 (0) : LSTORE_0	 Stack:0	Consumes:[null ] Produces:[] sources  lbl0 targets  lbl2
 lbl2 (1) : LSTORE_1	 Stack:-1	Consumes:[] Produces:[] sources  lbl1 targets  lbl3
 lbl3 (2) : IFEQ	 Stack:-1	Consumes:[] Produces:[] sources  lbl2 targets  lbl4 lbl7
 lbl4 (5) : LSTORE_0	 Stack:-1	Consumes:[] Produces:[] sources  lbl3 targets  lbl5
 lbl5 (6) : LSTORE_2	 Stack:-1	Consumes:[] Produces:[] sources  lbl4 targets  lbl6
 lbl6 (7) : IFEQ	 Stack:-1	Consumes:[] Produces:[] sources  lbl5 targets  lbl7 lbl11
 lbl7 (10) : LSTORE_0	 Stack:-1	Consumes:[] Produces:[] sources  lbl3 lbl6 targets  lbl8
 lbl8 (11) : MONITORENTER	 Stack:-1	Consumes:[] Produces:[] sources  lbl7 targets  lbl9
 lbl9 (12) : NOP	 Stack:-1	Consumes:[] Produces:[] sources  lbl8 targets  lbl10
 lbl10 (13) : LCONST_0	 Stack:-1	Consumes:[] Produces:[] sources  lbl9 targets  lbl11
 lbl11 (14) : ISUB	 Stack:-1	Consumes:[] Produces:[] sources  lbl6 lbl10 targets 
----[known stack info]------------

 lbl0 (-1) : NOP	 Stack:0	Consumes:[] Produces:[] sources  targets  lbl1
 lbl1 (0) : LSTORE_0	 Stack:0	Consumes:[null ] Produces:[] sources  lbl0 targets  lbl2
 lbl2 (1) : LSTORE_1	 Stack:-1	Consumes:[] Produces:[] sources  lbl1 targets  lbl3
 lbl3 (2) : IFEQ	 Stack:-1	Consumes:[] Produces:[] sources  lbl2 targets  lbl4 lbl7
 lbl4 (5) : LSTORE_0	 Stack:-1	Consumes:[] Produces:[] sources  lbl3 targets  lbl5
 lbl5 (6) : LSTORE_2	 Stack:-1	Consumes:[] Produces:[] sources  lbl4 targets  lbl6
 lbl6 (7) : IFEQ	 Stack:-1	Consumes:[] Produces:[] sources  lbl5 targets  lbl7 lbl11
 lbl7 (10) : LSTORE_0	 Stack:-1	Consumes:[] Produces:[] sources  lbl3 lbl6 targets  lbl8
 lbl8 (11) : MONITORENTER	 Stack:-1	Consumes:[] Produces:[] sources  lbl7 targets  lbl9
 lbl9 (12) : NOP	 Stack:-1	Consumes:[] Produces:[] sources  lbl8 targets  lbl10
 lbl10 (13) : LCONST_0	 Stack:-1	Consumes:[] Produces:[] sources  lbl9 targets  lbl11
 lbl11 (14) : ISUB	 Stack:-1	Consumes:[] Produces:[] sources  lbl6 lbl10 targets 
----[known stack info]------------

 lbl0 (-1) : NOP	 Stack:0	Consumes:[] Produces:[] sources  targets  lbl1
 lbl1 (0) : LSTORE_0	 Stack:0	Consumes:[null ] Produces:[] sources  lbl0 targets  lbl2
 lbl2 (1) : LSTORE_1	 Stack:-1	Consumes:[] Produces:[] sources  lbl1 targets  lbl3
 lbl3 (2) : IFEQ	 Stack:-1	Consumes:[] Produces:[] sources  lbl2 targets  lbl4 lbl7
 lbl4 (5) : LSTORE_0	 Stack:-1	Consumes:[] Produces:[] sources  lbl3 targets  lbl5
 lbl5 (6) : LSTORE_2	 Stack:-1	Consumes:[] Produces:[] sources  lbl4 targets  lbl6
 lbl6 (7) : IFEQ	 Stack:-1	Consumes:[] Produces:[] sources  lbl5 targets  lbl7 lbl11
 lbl7 (10) : LSTORE_0	 Stack:-1	Consumes:[] Produces:[] sources  lbl3 lbl6 targets  lbl8
 lbl8 (11) : MONITORENTER	 Stack:-1	Consumes:[] Produces:[] sources  lbl7 targets  lbl9
 lbl9 (12) : NOP	 Stack:-1	Consumes:[] Produces:[] sources  lbl8 targets  lbl10
 lbl10 (13) : LCONST_0	 Stack:-1	Consumes:[] Produces:[] sources  lbl9 targets  lbl11
 lbl11 (14) : ISUB	 Stack:-1	Consumes:[] Produces:[] sources  lbl6 lbl10 targets 
----[known stack info]------------

 lbl0 (-1) : NOP	 Stack:0	Consumes:[] Produces:[] sources  targets  lbl1
 lbl1 (0) : LSTORE_0	 Stack:0	Consumes:[null ] Produces:[] sources  lbl0 targets  lbl2
 lbl2 (1) : LSTORE_1	 Stack:-1	Consumes:[] Produces:[] sources  lbl1 targets  lbl3
 lbl3 (2) : IFEQ	 Stack:-1	Consumes:[] Produces:[] sources  lbl2 targets  lbl4 lbl7
 lbl4 (5) : LSTORE_0	 Stack:-1	Consumes:[] Produces:[] sources  lbl3 targets  lbl5
 lbl5 (6) : LSTORE_2	 Stack:-1	Consumes:[] Produces:[] sources  lbl4 targets  lbl6
 lbl6 (7) : IFEQ	 Stack:-1	Consumes:[] Produces:[] sources  lbl5 targets  lbl7 lbl11
 lbl7 (10) : LSTORE_0	 Stack:-1	Consumes:[] Produces:[] sources  lbl3 lbl6 targets  lbl8
 lbl8 (11) : MONITORENTER	 Stack:-1	Consumes:[] Produces:[] sources  lbl7 targets  lbl9
 lbl9 (12) : NOP	 Stack:-1	Consumes:[] Produces:[] sources  lbl8 targets  lbl10
 lbl10 (13) : LCONST_0	 Stack:-1	Consumes:[] Produces:[] sources  lbl9 targets  lbl11
 lbl11 (14) : ISUB	 Stack:-1	Consumes:[] Produces:[] sources  lbl6 lbl10 targets 
----[known stack info]------------

 lbl0 (-1) : NOP	 Stack:0	Consumes:[] Produces:[] sources  targets  lbl1
 lbl1 (0) : LSTORE_0	 Stack:0	Consumes:[null ] Produces:[] sources  lbl0 targets  lbl2
 lbl2 (1) : LSTORE_1	 Stack:-1	Consumes:[] Produces:[] sources  lbl1 targets  lbl3
 lbl3 (2) : ISTORE	 Stack:-1	Consumes:[] Produces:[] sources  lbl2 targets  lbl4
 lbl4 (4) : ICONST_1	 Stack:-1	Consumes:[] Produces:[] sources  lbl3 targets  lbl5
 lbl5 (5) : DLOAD_2	 Stack:-1	Consumes:[] Produces:[] sources  lbl4 targets  lbl6
 lbl6 (6) : FLOAD_3	 Stack:-1	Consumes:[] Produces:[] sources  lbl5 targets  lbl7
 lbl7 (7) : RETURN	 Stack:-1	Consumes:[] Produces:[] sources  lbl6 targets 
 lbl8 (8) : NOP	 Stack:-1	Consumes:[] Produces:[] sources  targets  lbl9
 lbl9 (9) : FCONST_2	 Stack:-1	Consumes:[] Produces:[] sources  lbl8 targets  lbl10
 lbl10 (10) : I2S	 Stack:-1	Consumes:[] Produces:[] sources  lbl9 targets 
----[known stack info]------------

 lbl0 (-1) : NOP	 Stack:0	Consumes:[] Produces:[] sources  targets  lbl1
 lbl1 (0) : LSTORE_0	 Stack:0	Consumes:[null ] Produces:[] sources  lbl0 targets  lbl2
 lbl2 (1) : LSTORE_1	 Stack:-1	Consumes:[] Produces:[] sources  lbl1 targets  lbl3
 lbl3 (2) : ISTORE	 Stack:-1	Consumes:[] Produces:[] sources  lbl2 targets  lbl4
 lbl4 (4) : ICONST_1	 Stack:-1	Consumes:[] Produces:[] sources  lbl3 targets  lbl5
 lbl5 (5) : DLOAD_2	 Stack:-1	Consumes:[] Produces:[] sources  lbl4 targets  lbl6
 lbl6 (6) : FLOAD_3	 Stack:-1	Consumes:[] Produces:[] sources  lbl5 targets  lbl7
 lbl7 (7) : RETURN	 Stack:-1	Consumes:[] Produces:[] sources  lbl6 targets 
 lbl8 (8) : NOP	 Stack:-1	Consumes:[] Produces:[] sources  targets  lbl9
 lbl9 (9) : FCONST_2	 Stack:-1	Consumes:[] Produces:[] sources  lbl8 targets  lbl10
 lbl10 (10) : I2S	 Stack:-1	Consumes:[] Produces:[] sources  lbl9 targets 
----[known stack info]------------

 lbl0 (-1) : NOP	 Stack:0	Consumes:[] Produces:[] sources  targets  lbl1
 lbl1 (0) : LSTORE_0	 Stack:0	Consumes:[null ] Produces:[] sources  lbl0 targets  lbl2
 lbl2 (1) : LSTORE_1	 Stack:-1	Consumes:[] Produces:[] sources  lbl1 targets  lbl3
 lbl3 (2) : ISTORE	 Stack:-1	Consumes:[] Produces:[] sources  lbl2 targets  lbl4
 lbl4 (4) : ICONST_1	 Stack:-1	Consumes:[] Produces:[] sources  lbl3 targets  lbl5
 lbl5 (5) : DLOAD_2	 Stack:-1	Consumes:[] Produces:[] sources  lbl4 targets  lbl6
 lbl6 (6) : FLOAD_3	 Stack:-1	Consumes:[] Produces:[] sources  lbl5 targets  lbl7
 lbl7 (7) : RETURN	 Stack:-1	Consumes:[] Produces:[] sources  lbl6 targets 
 lbl8 (8) : NOP	 Stack:-1	Consumes:[] Produces:[] sources  targets  lbl9
 lbl9 (9) : FCONST_2	 Stack:-1	Consumes:[] Produces:[] sources  lbl8 targets  lbl10
 lbl10 (10) : I2S	 Stack:-1	Consumes:[] Produces:[] sources  lbl9 targets 
----[known stack info]------------

 lbl0 (-1) : NOP	 Stack:0	Consumes:[] Produces:[] sources  targets  lbl1
 lbl1 (0) : LSTORE_0	 Stack:0	Consumes:[null ] Produces:[] sources  lbl0 targets  lbl2
 lbl2 (1) : LSTORE_1	 Stack:-1	Consumes:[] Produces:[] sources  lbl1 targets  lbl3
 lbl3 (2) : ISTORE	 Stack:-1	Consumes:[] Produces:[] sources  lbl2 targets  lbl4
 lbl4 (4) : ICONST_1	 Stack:-1	Consumes:[] Produces:[] sources  lbl3 targets  lbl5
 lbl5 (5) : DLOAD_2	 Stack:-1	Consumes:[] Produces:[] sources  lbl4 targets  lbl6
 lbl6 (6) : FLOAD_3	 Stack:-1	Consumes:[] Produces:[] sources  lbl5 targets  lbl7
 lbl7 (7) : RETURN	 Stack:-1	Consumes:[] Produces:[] sources  lbl6 targets 
 lbl8 (8) : NOP	 Stack:-1	Consumes:[] Produces:[] sources  targets  lbl9
 lbl9 (9) : FCONST_2	 Stack:-1	Consumes:[] Produces:[] sources  lbl8 targets  lbl10
 lbl10 (10) : I2S	 Stack:-1	Consumes:[] Produces:[] sources  lbl9 targets 
----[known stack info]------------

 lbl0 (-1) : NOP	 Stack:0	Consumes:[] Produces:[] sources  targets  lbl1
 lbl1 (0) : LSTORE_0	 Stack:0	Consumes:[null ] Produces:[] sources  lbl0 targets  lbl2
 lbl2 (1) : LSTORE_1	 Stack:-1	Consumes:[] Produces:[] sources  lbl1 targets  lbl3
 lbl3 (2) : ISTORE	 Stack:-1	Consumes:[] Produces:[] sources  lbl2 targets  lbl4
 lbl4 (4) : ICONST_1	 Stack:-1	Consumes:[] Produces:[] sources  lbl3 targets  lbl5
 lbl5 (5) : DLOAD_2	 Stack:-1	Consumes:[] Produces:[] sources  lbl4 targets  lbl6
 lbl6 (6) : FLOAD_3	 Stack:-1	Consumes:[] Produces:[] sources  lbl5 targets  lbl7
 lbl7 (7) : RETURN	 Stack:-1	Consumes:[] Produces:[] sources  lbl6 targets 
 lbl8 (8) : NOP	 Stack:-1	Consumes:[] Produces:[] sources  targets  lbl9
 lbl9 (9) : FCONST_2	 Stack:-1	Consumes:[] Produces:[] sources  lbl8 targets  lbl10
 lbl10 (10) : I2S	 Stack:-1	Consumes:[] Produces:[] sources  lbl9 targets 
----[known stack info]------------

 lbl0 (-1) : NOP	 Stack:0	Consumes:[] Produces:[] sources  targets  lbl1
 lbl1 (0) : LSTORE_0	 Stack:0	Consumes:[null ] Produces:[] sources  lbl0 targets  lbl2
 lbl2 (1) : LSTORE_1	 Stack:-1	Consumes:[] Produces:[] sources  lbl1 targets  lbl3
 lbl3 (2) : ISTORE	 Stack:-1	Consumes:[] Produces:[] sources  lbl2 targets  lbl4
 lbl4 (4) : ICONST_1	 Stack:-1	Consumes:[] Produces:[] sources  lbl3 targets  lbl5
 lbl5 (5) : DLOAD_2	 Stack:-1	Consumes:[] Produces:[] sources  lbl4 targets  lbl6
 lbl6 (6) : FLOAD_3	 Stack:-1	Consumes:[] Produces:[] sources  lbl5 targets  lbl7
 lbl7 (7) : RETURN	 Stack:-1	Consumes:[] Produces:[] sources  lbl6 targets 
 lbl8 (8) : NOP	 Stack:-1	Consumes:[] Produces:[] sources  targets  lbl9
 lbl9 (9) : FCONST_2	 Stack:-1	Consumes:[] Produces:[] sources  lbl8 targets  lbl10
 lbl10 (10) : I2S	 Stack:-1	Consumes:[] Produces:[] sources  lbl9 targets 
----[known stack info]------------

 lbl0 (-1) : NOP	 Stack:0	Consumes:[] Produces:[] sources  targets  lbl1
 lbl1 (0) : LSTORE_0	 Stack:0	Consumes:[null ] Produces:[] sources  lbl0 targets  lbl2
 lbl2 (1) : LSTORE_1	 Stack:-1	Consumes:[] Produces:[] sources  lbl1 targets  lbl3
 lbl3 (2) : ISTORE	 Stack:-1	Consumes:[] Produces:[] sources  lbl2 targets  lbl4
 lbl4 (4) : ICONST_1	 Stack:-1	Consumes:[] Produces:[] sources  lbl3 targets  lbl5
 lbl5 (5) : DLOAD_2	 Stack:-1	Consumes:[] Produces:[] sources  lbl4 targets  lbl6
 lbl6 (6) : FLOAD_3	 Stack:-1	Consumes:[] Produces:[] sources  lbl5 targets  lbl7
 lbl7 (7) : RETURN	 Stack:-1	Consumes:[] Produces:[] sources  lbl6 targets 
 lbl8 (8) : NOP	 Stack:-1	Consumes:[] Produces:[] sources  targets  lbl9
 lbl9 (9) : FCONST_2	 Stack:-1	Consumes:[] Produces:[] sources  lbl8 targets  lbl10
 lbl10 (10) : I2S	 Stack:-1	Consumes:[] Produces:[] sources  lbl9 targets 
----[known stack info]------------

 lbl0 (-1) : NOP	 Stack:0	Consumes:[] Produces:[] sources  targets  lbl1
 lbl1 (0) : LSTORE_0	 Stack:0	Consumes:[null ] Produces:[] sources  lbl0 targets  lbl2
 lbl2 (1) : LSTORE_1	 Stack:-1	Consumes:[] Produces:[] sources  lbl1 targets  lbl3
 lbl3 (2) : ISTORE	 Stack:-1	Consumes:[] Produces:[] sources  lbl2 targets  lbl4
 lbl4 (4) : ICONST_1	 Stack:-1	Consumes:[] Produces:[] sources  lbl3 targets  lbl5
 lbl5 (5) : DLOAD_2	 Stack:-1	Consumes:[] Produces:[] sources  lbl4 targets  lbl6
 lbl6 (6) : FLOAD_3	 Stack:-1	Consumes:[] Produces:[] sources  lbl5 targets  lbl7
 lbl7 (7) : RETURN	 Stack:-1	Consumes:[] Produces:[] sources  lbl6 targets 
 lbl8 (8) : NOP	 Stack:-1	Consumes:[] Produces:[] sources  targets  lbl9
 lbl9 (9) : FCONST_2	 Stack:-1	Consumes:[] Produces:[] sources  lbl8 targets  lbl10
 lbl10 (10) : I2S	 Stack:-1	Consumes:[] Produces:[] sources  lbl9 targets 
----[known stack info]------------

 lbl0 (-1) : NOP	 Stack:0	Consumes:[] Produces:[] sources  targets  lbl1
 lbl1 (0) : LSTORE_0	 Stack:0	Consumes:[null ] Produces:[] sources  lbl0 targets  lbl2
 lbl2 (1) : LSTORE_1	 Stack:-1	Consumes:[] Produces:[] sources  lbl1 targets  lbl3
 lbl3 (2) : ISTORE	 Stack:-1	Consumes:[] Produces:[] sources  lbl2 targets  lbl4
 lbl4 (4) : ICONST_1	 Stack:-1	Consumes:[] Produces:[] sources  lbl3 targets  lbl5
 lbl5 (5) : DLOAD_2	 Stack:-1	Consumes:[] Produces:[] sources  lbl4 targets  lbl6
 lbl6 (6) : FLOAD_3	 Stack:-1	Consumes:[] Produces:[] sources  lbl5 targets  lbl7
 lbl7 (7) : RETURN	 Stack:-1	Consumes:[] Produces:[] sources  lbl6 targets 
 lbl8 (8) : NOP	 Stack:-1	Consumes:[] Produces:[] sources  targets  lbl9
 lbl9 (9) : FCONST_2	 Stack:-1	Consumes:[] Produces:[] sources  lbl8 targets  lbl10
 lbl10 (10) : I2S	 Stack:-1	Consumes:[] Produces:[] sources  lbl9 targets 
----[known stack info]------------

 lbl0 (-1) : NOP	 Stack:0	Consumes:[] Produces:[] sources  targets  lbl1
 lbl1 (0) : LSTORE_0	 Stack:0	Consumes:[null ] Produces:[] sources  lbl0 targets  lbl2
 lbl2 (1) : LSTORE_1	 Stack:-1	Consumes:[] Produces:[] sources  lbl1 targets  lbl3
 lbl3 (2) : ISTORE	 Stack:-1	Consumes:[] Produces:[] sources  lbl2 targets  lbl4
 lbl4 (4) : ICONST_1	 Stack:-1	Consumes:[] Produces:[] sources  lbl3 targets  lbl5
 lbl5 (5) : DLOAD_2	 Stack:-1	Consumes:[] Produces:[] sources  lbl4 targets  lbl6
 lbl6 (6) : FLOAD_3	 Stack:-1	Consumes:[] Produces:[] sources  lbl5 targets  lbl7
 lbl7 (7) : RETURN	 Stack:-1	Consumes:[] Produces:[] sources  lbl6 targets 
 lbl8 (8) : NOP	 Stack:-1	Consumes:[] Produces:[] sources  targets  lbl9
 lbl9 (9) : FCONST_2	 Stack:-1	Consumes:[] Produces:[] sources  lbl8 targets  lbl10
 lbl10 (10) : I2S	 Stack:-1	Consumes:[] Produces:[] sources  lbl9 targets 
----[known stack info]------------

 lbl0 (-1) : NOP	 Stack:0	Consumes:[] Produces:[] sources  targets  lbl1
 lbl1 (0) : LSTORE_0	 Stack:0	Consumes:[null ] Produces:[] sources  lbl0 targets  lbl2
 lbl2 (1) : LSTORE_1	 Stack:-1	Consumes:[] Produces:[] sources  lbl1 targets  lbl3
 lbl3 (2) : ISTORE	 Stack:-1	Consumes:[] Produces:[] sources  lbl2 targets  lbl4
 lbl4 (4) : ICONST_1	 Stack:-1	Consumes:[] Produces:[] sources  lbl3 targets  lbl5
 lbl5 (5) : RETURN	 Stack:-1	Consumes:[] Produces:[] sources  lbl4 targets 
 lbl6 (6) : NOP	 Stack:-1	Consumes:[] Produces:[] sources  targets  lbl7
 lbl7 (7) : FCONST_1	 Stack:-1	Consumes:[] Produces:[] sources  lbl6 targets  lbl8
 lbl8 (8) : AASTORE	 Stack:-1	Consumes:[] Produces:[] sources  lbl7 targets 
----[known stack info]------------

 lbl0 (-1) : NOP	 Stack:0	Consumes:[] Produces:[] sources  targets  lbl1
 lbl1 (0) : LSTORE_0	 Stack:0	Consumes:[null ] Produces:[] sources  lbl0 targets  lbl2
 lbl2 (1) : LSTORE_1	 Stack:-1	Consumes:[] Produces:[] sources  lbl1 targets  lbl3
 lbl3 (2) : ISTORE	 Stack:-1	Consumes:[] Produces:[] sources  lbl2 targets  lbl4
 lbl4 (4) : ICONST_1	 Stack:-1	Consumes:[] Produces:[] sources  lbl3 targets  lbl5
 lbl5 (5) : RETURN	 Stack:-1	Consumes:[] Produces:[] sources  lbl4 targets 
 lbl6 (6) : NOP	 Stack:-1	Consumes:[] Produces:[] sources  targets  lbl7
 lbl7 (7) : FCONST_1	 Stack:-1	Consumes:[] Produces:[] sources  lbl6 targets  lbl8
 lbl8 (8) : AASTORE	 Stack:-1	Consumes:[] Produces:[] sources  lbl7 targets 
----[known stack info]------------

 lbl0 (-1) : NOP	 Stack:0	Consumes:[] Produces:[] sources  targets  lbl1
 lbl1 (0) : LSTORE_0	 Stack:0	Consumes:[null ] Produces:[] sources  lbl0 targets  lbl2
 lbl2 (1) : LSTORE_1	 Stack:-1	Consumes:[] Produces:[] sources  lbl1 targets  lbl3
 lbl3 (2) : ISTORE	 Stack:-1	Consumes:[] Produces:[] sources  lbl2 targets  lbl4
 lbl4 (4) : ICONST_1	 Stack:-1	Consumes:[] Produces:[] sources  lbl3 targets  lbl5
 lbl5 (5) : RETURN	 Stack:-1	Consumes:[] Produces:[] sources  lbl4 targets 
 lbl6 (6) : NOP	 Stack:-1	Consumes:[] Produces:[] sources  targets  lbl7
 lbl7 (7) : FCONST_1	 Stack:-1	Consumes:[] Produces:[] sources  lbl6 targets  lbl8
 lbl8 (8) : AASTORE	 Stack:-1	Consumes:[] Produces:[] sources  lbl7 targets 
----[known stack info]------------

 lbl0 (-1) : NOP	 Stack:0	Consumes:[] Produces:[] sources  targets  lbl1
 lbl1 (0) : LSTORE_0	 Stack:0	Consumes:[null ] Produces:[] sources  lbl0 targets  lbl2
 lbl2 (1) : LSTORE_1	 Stack:-1	Consumes:[] Produces:[] sources  lbl1 targets  lbl3
 lbl3 (2) : ISTORE	 Stack:-1	Consumes:[] Produces:[] sources  lbl2 targets  lbl4
 lbl4 (4) : ICONST_1	 Stack:-1	Consumes:[] Produces:[] sources  lbl3 targets  lbl5
 lbl5 (5) : RETURN	 Stack:-1	Consumes:[] Produces:[] sources  lbl4 targets 
 lbl6 (6) : NOP	 Stack:-1	Consumes:[] Produces:[] sources  targets  lbl7
 lbl7 (7) : FCONST_1	 Stack:-1	Consumes:[] Produces:[] sources  lbl6 targets  lbl8
 lbl8 (8) : AASTORE	 Stack:-1	Consumes:[] Produces:[] sources  lbl7 targets 
----[known stack info]------------

 lbl0 (-1) : NOP	 Stack:0	Consumes:[] Produces:[] sources  targets  lbl1
 lbl1 (0) : LSTORE_0	 Stack:0	Consumes:[null ] Produces:[] sources  lbl0 targets  lbl2
 lbl2 (1) : LSTORE_1	 Stack:-1	Consumes:[] Produces:[] sources  lbl1 targets  lbl3
 lbl3 (2) : ISTORE	 Stack:-1	Consumes:[] Produces:[] sources  lbl2 targets  lbl4
 lbl4 (4) : ICONST_1	 Stack:-1	Consumes:[] Produces:[] sources  lbl3 targets  lbl5
 lbl5 (5) : RETURN	 Stack:-1	Consumes:[] Produces:[] sources  lbl4 targets 
 lbl6 (6) : NOP	 Stack:-1	Consumes:[] Produces:[] sources  targets  lbl7
 lbl7 (7) : FCONST_1	 Stack:-1	Consumes:[] Produces:[] sources  lbl6 targets  lbl8
 lbl8 (8) : AASTORE	 Stack:-1	Consumes:[] Produces:[] sources  lbl7 targets 
----[known stack info]------------

 lbl0 (-1) : NOP	 Stack:0	Consumes:[] Produces:[] sources  targets  lbl1
 lbl1 (0) : LSTORE_0	 Stack:0	Consumes:[null ] Produces:[] sources  lbl0 targets  lbl2
 lbl2 (1) : LSTORE_1	 Stack:-1	Consumes:[] Produces:[] sources  lbl1 targets  lbl3
 lbl3 (2) : ISTORE	 Stack:-1	Consumes:[] Produces:[] sources  lbl2 targets  lbl4
 lbl4 (4) : ICONST_1	 Stack:-1	Consumes:[] Produces:[] sources  lbl3 targets  lbl5
 lbl5 (5) : RETURN	 Stack:-1	Consumes:[] Produces:[] sources  lbl4 targets 
 lbl6 (6) : NOP	 Stack:-1	Consumes:[] Produces:[] sources  targets  lbl7
 lbl7 (7) : FCONST_1	 Stack:-1	Consumes:[] Produces:[] sources  lbl6 targets  lbl8
 lbl8 (8) : AASTORE	 Stack:-1	Consumes:[] Produces:[] sources  lbl7 targets 
----[known stack info]------------

 lbl0 (-1) : NOP	 Stack:0	Consumes:[] Produces:[] sources  targets  lbl1
 lbl1 (0) : LSTORE_0	 Stack:0	Consumes:[null ] Produces:[] sources  lbl0 targets  lbl2
 lbl2 (1) : LSTORE_1	 Stack:-1	Consumes:[] Produces:[] sources  lbl1 targets  lbl3
 lbl3 (2) : ISTORE	 Stack:-1	Consumes:[] Produces:[] sources  lbl2 targets  lbl4
 lbl4 (4) : ICONST_1	 Stack:-1	Consumes:[] Produces:[] sources  lbl3 targets  lbl5
 lbl5 (5) : RETURN	 Stack:-1	Consumes:[] Produces:[] sources  lbl4 targets 
 lbl6 (6) : NOP	 Stack:-1	Consumes:[] Produces:[] sources  targets  lbl7
 lbl7 (7) : FCONST_1	 Stack:-1	Consumes:[] Produces:[] sources  lbl6 targets  lbl8
 lbl8 (8) : AASTORE	 Stack:-1	Consumes:[] Produces:[] sources  lbl7 targets 
----[known stack info]------------

 lbl0 (-1) : NOP	 Stack:0	Consumes:[] Produces:[] sources  targets  lbl1
 lbl1 (0) : LSTORE_0	 Stack:0	Consumes:[null ] Produces:[] sources  lbl0 targets  lbl2
 lbl2 (1) : LSTORE_1	 Stack:-1	Consumes:[] Produces:[] sources  lbl1 targets  lbl3
 lbl3 (2) : ISTORE	 Stack:-1	Consumes:[] Produces:[] sources  lbl2 targets  lbl4
 lbl4 (4) : ICONST_1	 Stack:-1	Consumes:[] Produces:[] sources  lbl3 targets  lbl5
 lbl5 (5) : RETURN	 Stack:-1	Consumes:[] Produces:[] sources  lbl4 targets 
 lbl6 (6) : NOP	 Stack:-1	Consumes:[] Produces:[] sources  targets  lbl7
 lbl7 (7) : FCONST_1	 Stack:-1	Consumes:[] Produces:[] sources  lbl6 targets  lbl8
 lbl8 (8) : AASTORE	 Stack:-1	Consumes:[] Produces:[] sources  lbl7 targets 
----[known stack info]------------

 lbl0 (-1) : NOP	 Stack:0	Consumes:[] Produces:[] sources  targets  lbl1
 lbl1 (0) : LSTORE_0	 Stack:0	Consumes:[null ] Produces:[] sources  lbl0 targets  lbl2
 lbl2 (1) : LSTORE_1	 Stack:-1	Consumes:[] Produces:[] sources  lbl1 targets  lbl3
 lbl3 (2) : ISTORE	 Stack:-1	Consumes:[] Produces:[] sources  lbl2 targets  lbl4
 lbl4 (4) : ICONST_1	 Stack:-1	Consumes:[] Produces:[] sources  lbl3 targets  lbl5
 lbl5 (5) : RETURN	 Stack:-1	Consumes:[] Produces:[] sources  lbl4 targets 
 lbl6 (6) : NOP	 Stack:-1	Consumes:[] Produces:[] sources  targets  lbl7
 lbl7 (7) : FCONST_1	 Stack:-1	Consumes:[] Produces:[] sources  lbl6 targets  lbl8
 lbl8 (8) : AASTORE	 Stack:-1	Consumes:[] Produces:[] sources  lbl7 targets 
----[known stack info]------------

 lbl0 (-1) : NOP	 Stack:0	Consumes:[] Produces:[] sources  targets  lbl1
 lbl1 (0) : LSTORE_0	 Stack:0	Consumes:[null ] Produces:[] sources  lbl0 targets  lbl2
 lbl2 (1) : LSTORE_1	 Stack:-1	Consumes:[] Produces:[] sources  lbl1 targets  lbl3
 lbl3 (2) : ISTORE	 Stack:-1	Consumes:[] Produces:[] sources  lbl2 targets  lbl4
 lbl4 (4) : ICONST_1	 Stack:-1	Consumes:[] Produces:[] sources  lbl3 targets  lbl5
 lbl5 (5) : RETURN	 Stack:-1	Consumes:[] Produces:[] sources  lbl4 targets 
 lbl6 (6) : NOP	 Stack:-1	Consumes:[] Produces:[] sources  targets  lbl7
 lbl7 (7) : FCONST_1	 Stack:-1	Consumes:[] Produces:[] sources  lbl6 targets  lbl8
 lbl8 (8) : AASTORE	 Stack:-1	Consumes:[] Produces:[] sources  lbl7 targets 
----[known stack info]------------

 lbl0 (-1) : NOP	 Stack:0	Consumes:[] Produces:[] sources  targets  lbl1
 lbl1 (0) : LSTORE_0	 Stack:0	Consumes:[null ] Produces:[] sources  lbl0 targets  lbl2
 lbl2 (1) : LSTORE_1	 Stack:-1	Consumes:[] Produces:[] sources  lbl1 targets  lbl3
 lbl3 (2) : FLOAD_3	 Stack:-1	Consumes:[] Produces:[] sources  lbl2 targets  lbl4
 lbl4 (3) : MONITORENTER	 Stack:-1	Consumes:[] Produces:[] sources  lbl3 targets  lbl5
 lbl5 (4) : NOP	 Stack:-1	Consumes:[] Produces:[] sources  lbl4 targets  lbl6
 lbl6 (5) : LCONST_0	 Stack:-1	Consumes:[] Produces:[] sources  lbl5 targets  lbl7
 lbl7 (6) : LSTORE_0	 Stack:-1	Consumes:[] Produces:[] sources  lbl6 targets  lbl8
 lbl8 (7) : LSTORE_2	 Stack:-1	Consumes:[] Produces:[] sources  lbl7 targets  lbl9
 lbl9 (8) : RETURN	 Stack:-1	Consumes:[] Produces:[] sources  lbl8 targets 
 lbl10 (9) : NOP	 Stack:-1	Consumes:[] Produces:[] sources  targets  lbl11
 lbl11 (10) : DCONST_1	 Stack:-1	Consumes:[] Produces:[] sources  lbl10 targets  lbl12
 lbl12 (11) : ISUB	 Stack:-1	Consumes:[] Produces:[] sources  lbl11 targets 
----[known stack info]------------

 lbl0 (-1) : NOP	 Stack:0	Consumes:[] Produces:[] sources  targets  lbl1
 lbl1 (0) : LSTORE_0	 Stack:0	Consumes:[null ] Produces:[] sources  lbl0 targets  lbl2
 lbl2 (1) : LSTORE_1	 Stack:-1	Consumes:[] Produces:[] sources  lbl1 targets  lbl3
 lbl3 (2) : FLOAD_3	 Stack:-1	Consumes:[] Produces:[] sources  lbl2 targets  lbl4
 lbl4 (3) : MONITORENTER	 Stack:-1	Consumes:[] Produces:[] sources  lbl3 targets  lbl5
 lbl5 (4) : NOP	 Stack:-1	Consumes:[] Produces:[] sources  lbl4 targets  lbl6
 lbl6 (5) : LCONST_0	 Stack:-1	Consumes:[] Produces:[] sources  lbl5 targets  lbl7
 lbl7 (6) : LSTORE_0	 Stack:-1	Consumes:[] Produces:[] sources  lbl6 targets  lbl8
 lbl8 (7) : LSTORE_2	 Stack:-1	Consumes:[] Produces:[] sources  lbl7 targets  lbl9
 lbl9 (8) : RETURN	 Stack:-1	Consumes:[] Produces:[] sources  lbl8 targets 
 lbl10 (9) : NOP	 Stack:-1	Consumes:[] Produces:[] sources  targets  lbl11
 lbl11 (10) : DCONST_1	 Stack:-1	Consumes:[] Produces:[] sources  lbl10 targets  lbl12
 lbl12 (11) : ISUB	 Stack:-1	Consumes:[] Produces:[] sources  lbl11 targets 
----[known stack info]------------

 lbl0 (-1) : NOP	 Stack:0	Consumes:[] Produces:[] sources  targets  lbl1
 lbl1 (0) : LSTORE_0	 Stack:0	Consumes:[null ] Produces:[] sources  lbl0 targets  lbl2
 lbl2 (1) : LSTORE_1	 Stack:-1	Consumes:[] Produces:[] sources  lbl1 targets  lbl3
 lbl3 (2) : FLOAD_3	 Stack:-1	Consumes:[] Produces:[] sources  lbl2 targets  lbl4
 lbl4 (3) : MONITORENTER	 Stack:-1	Consumes:[] Produces:[] sources  lbl3 targets  lbl5
 lbl5 (4) : NOP	 Stack:-1	Consumes:[] Produces:[] sources  lbl4 targets  lbl6
 lbl6 (5) : LCONST_0	 Stack:-1	Consumes:[] Produces:[] sources  lbl5 targets  lbl7
 lbl7 (6) : LSTORE_0	 Stack:-1	Consumes:[] Produces:[] sources  lbl6 targets  lbl8
 lbl8 (7) : LSTORE_2	 Stack:-1	Consumes:[] Produces:[] sources  lbl7 targets  lbl9
 lbl9 (8) : RETURN	 Stack:-1	Consumes:[] Produces:[] sources  lbl8 targets 
 lbl10 (9) : NOP	 Stack:-1	Consumes:[] Produces:[] sources  targets  lbl11
 lbl11 (10) : DCONST_1	 Stack:-1	Consumes:[] Produces:[] sources  lbl10 targets  lbl12
 lbl12 (11) : ISUB	 Stack:-1	Consumes:[] Produces:[] sources  lbl11 targets 
----[known stack info]------------

 lbl0 (-1) : NOP	 Stack:0	Consumes:[] Produces:[] sources  targets  lbl1
 lbl1 (0) : LSTORE_0	 Stack:0	Consumes:[null ] Produces:[] sources  lbl0 targets  lbl2
 lbl2 (1) : LSTORE_1	 Stack:-1	Consumes:[] Produces:[] sources  lbl1 targets  lbl3
 lbl3 (2) : FLOAD_3	 Stack:-1	Consumes:[] Produces:[] sources  lbl2 targets  lbl4
 lbl4 (3) : MONITORENTER	 Stack:-1	Consumes:[] Produces:[] sources  lbl3 targets  lbl5
 lbl5 (4) : NOP	 Stack:-1	Consumes:[] Produces:[] sources  lbl4 targets  lbl6
 lbl6 (5) : LCONST_0	 Stack:-1	Consumes:[] Produces:[] sources  lbl5 targets  lbl7
 lbl7 (6) : LSTORE_0	 Stack:-1	Consumes:[] Produces:[] sources  lbl6 targets  lbl8
 lbl8 (7) : LSTORE_2	 Stack:-1	Consumes:[] Produces:[] sources  lbl7 targets  lbl9
 lbl9 (8) : RETURN	 Stack:-1	Consumes:[] Produces:[] sources  lbl8 targets 
 lbl10 (9) : NOP	 Stack:-1	Consumes:[] Produces:[] sources  targets  lbl11
 lbl11 (10) : DCONST_1	 Stack:-1	Consumes:[] Produces:[] sources  lbl10 targets  lbl12
 lbl12 (11) : ISUB	 Stack:-1	Consumes:[] Produces:[] sources  lbl11 targets 
----[known stack info]------------

 lbl0 (-1) : NOP	 Stack:0	Consumes:[] Produces:[] sources  targets  lbl1
 lbl1 (0) : LSTORE_0	 Stack:0	Consumes:[null ] Produces:[] sources  lbl0 targets  lbl2
 lbl2 (1) : LSTORE_1	 Stack:-1	Consumes:[] Produces:[] sources  lbl1 targets  lbl3
 lbl3 (2) : FLOAD_3	 Stack:-1	Consumes:[] Produces:[] sources  lbl2 targets  lbl4
 lbl4 (3) : MONITORENTER	 Stack:-1	Consumes:[] Produces:[] sources  lbl3 targets  lbl5
 lbl5 (4) : NOP	 Stack:-1	Consumes:[] Produces:[] sources  lbl4 targets  lbl6
 lbl6 (5) : LCONST_0	 Stack:-1	Consumes:[] Produces:[] sources  lbl5 targets  lbl7
 lbl7 (6) : LSTORE_0	 Stack:-1	Consumes:[] Produces:[] sources  lbl6 targets  lbl8
 lbl8 (7) : LSTORE_2	 Stack:-1	Consumes:[] Produces:[] sources  lbl7 targets  lbl9
 lbl9 (8) : RETURN	 Stack:-1	Consumes:[] Produces:[] sources  lbl8 targets 
 lbl10 (9) : NOP	 Stack:-1	Consumes:[] Produces:[] sources  targets  lbl11
 lbl11 (10) : DCONST_1	 Stack:-1	Consumes:[] Produces:[] sources  lbl10 targets  lbl12
 lbl12 (11) : ISUB	 Stack:-1	Consumes:[] Produces:[] sources  lbl11 targets 
----[known stack info]------------

 lbl0 (-1) : NOP	 Stack:0	Consumes:[] Produces:[] sources  targets  lbl1
 lbl1 (0) : LSTORE_0	 Stack:0	Consumes:[null ] Produces:[] sources  lbl0 targets  lbl2
 lbl2 (1) : LSTORE_1	 Stack:-1	Consumes:[] Produces:[] sources  lbl1 targets  lbl3
 lbl3 (2) : FLOAD_3	 Stack:-1	Consumes:[] Produces:[] sources  lbl2 targets  lbl4
 lbl4 (3) : MONITORENTER	 Stack:-1	Consumes:[] Produces:[] sources  lbl3 targets  lbl5
 lbl5 (4) : NOP	 Stack:-1	Consumes:[] Produces:[] sources  lbl4 targets  lbl6
 lbl6 (5) : LCONST_0	 Stack:-1	Consumes:[] Produces:[] sources  lbl5 targets  lbl7
 lbl7 (6) : LSTORE_0	 Stack:-1	Consumes:[] Produces:[] sources  lbl6 targets  lbl8
 lbl8 (7) : LSTORE_2	 Stack:-1	Consumes:[] Produces:[] sources  lbl7 targets  lbl9
 lbl9 (8) : RETURN	 Stack:-1	Consumes:[] Produces:[] sources  lbl8 targets 
 lbl10 (9) : NOP	 Stack:-1	Consumes:[] Produces:[] sources  targets  lbl11
 lbl11 (10) : DCONST_1	 Stack:-1	Consumes:[] Produces:[] sources  lbl10 targets  lbl12
 lbl12 (11) : ISUB	 Stack:-1	Consumes:[] Produces:[] sources  lbl11 targets 
----[known stack info]------------

 lbl0 (-1) : NOP	 Stack:0	Consumes:[] Produces:[] sources  targets  lbl1
 lbl1 (0) : LSTORE_0	 Stack:0	Consumes:[null ] Produces:[] sources  lbl0 targets  lbl2
 lbl2 (1) : LSTORE_1	 Stack:-1	Consumes:[] Produces:[] sources  lbl1 targets  lbl3
 lbl3 (2) : FLOAD_3	 Stack:-1	Consumes:[] Produces:[] sources  lbl2 targets  lbl4
 lbl4 (3) : MONITORENTER	 Stack:-1	Consumes:[] Produces:[] sources  lbl3 targets  lbl5
 lbl5 (4) : NOP	 Stack:-1	Consumes:[] Produces:[] sources  lbl4 targets  lbl6
 lbl6 (5) : LCONST_0	 Stack:-1	Consumes:[] Produces:[] sources  lbl5 targets  lbl7
 lbl7 (6) : LSTORE_0	 Stack:-1	Consumes:[] Produces:[] sources  lbl6 targets  lbl8
 lbl8 (7) : LSTORE_2	 Stack:-1	Consumes:[] Produces:[] sources  lbl7 targets  lbl9
 lbl9 (8) : RETURN	 Stack:-1	Consumes:[] Produces:[] sources  lbl8 targets 
 lbl10 (9) : NOP	 Stack:-1	Consumes:[] Produces:[] sources  targets  lbl11
 lbl11 (10) : DCONST_1	 Stack:-1	Consumes:[] Produces:[] sources  lbl10 targets  lbl12
 lbl12 (11) : ISUB	 Stack:-1	Consumes:[] Produces:[] sources  lbl11 targets 
----[known stack info]------------

 lbl0 (-1) : NOP	 Stack:0	Consumes:[] Produces:[] sources  targets  lbl1
 lbl1 (0) : LSTORE_0	 Stack:0	Consumes:[null ] Produces:[] sources  lbl0 targets  lbl2
 lbl2 (1) : LSTORE_1	 Stack:-1	Consumes:[] Produces:[] sources  lbl1 targets  lbl3
 lbl3 (2) : FLOAD_3	 Stack:-1	Consumes:[] Produces:[] sources  lbl2 targets  lbl4
 lbl4 (3) : MONITORENTER	 Stack:-1	Consumes:[] Produces:[] sources  lbl3 targets  lbl5
 lbl5 (4) : NOP	 Stack:-1	Consumes:[] Produces:[] sources  lbl4 targets  lbl6
 lbl6 (5) : LCONST_0	 Stack:-1	Consumes:[] Produces:[] sources  lbl5 targets  lbl7
 lbl7 (6) : LSTORE_0	 Stack:-1	Consumes:[] Produces:[] sources  lbl6 targets  lbl8
 lbl8 (7) : LSTORE_2	 Stack:-1	Consumes:[] Produces:[] sources  lbl7 targets  lbl9
 lbl9 (8) : RETURN	 Stack:-1	Consumes:[] Produces:[] sources  lbl8 targets 
 lbl10 (9) : NOP	 Stack:-1	Consumes:[] Produces:[] sources  targets  lbl11
 lbl11 (10) : DCONST_1	 Stack:-1	Consumes:[] Produces:[] sources  lbl10 targets  lbl12
 lbl12 (11) : ISUB	 Stack:-1	Consumes:[] Produces:[] sources  lbl11 targets 
----[known stack info]------------

 lbl0 (-1) : NOP	 Stack:0	Consumes:[] Produces:[] sources  targets  lbl1
 lbl1 (0) : LSTORE_0	 Stack:0	Consumes:[null ] Produces:[] sources  lbl0 targets  lbl2
 lbl2 (1) : LSTORE_1	 Stack:-1	Consumes:[] Produces:[] sources  lbl1 targets  lbl3
 lbl3 (2) : FLOAD_3	 Stack:-1	Consumes:[] Produces:[] sources  lbl2 targets  lbl4
 lbl4 (3) : MONITORENTER	 Stack:-1	Consumes:[] Produces:[] sources  lbl3 targets  lbl5
 lbl5 (4) : NOP	 Stack:-1	Consumes:[] Produces:[] sources  lbl4 targets  lbl6
 lbl6 (5) : LCONST_0	 Stack:-1	Consumes:[] Produces:[] sources  lbl5 targets  lbl7
 lbl7 (6) : LSTORE_0	 Stack:-1	Consumes:[] Produces:[] sources  lbl6 targets  lbl8
 lbl8 (7) : LSTORE_2	 Stack:-1	Consumes:[] Produces:[] sources  lbl7 targets  lbl9
 lbl9 (8) : RETURN	 Stack:-1	Consumes:[] Produces:[] sources  lbl8 targets 
 lbl10 (9) : NOP	 Stack:-1	Consumes:[] Produces:[] sources  targets  lbl11
 lbl11 (10) : DCONST_1	 Stack:-1	Consumes:[] Produces:[] sources  lbl10 targets  lbl12
 lbl12 (11) : ISUB	 Stack:-1	Consumes:[] Produces:[] sources  lbl11 targets 
----[known stack info]------------

 lbl0 (-1) : NOP	 Stack:0	Consumes:[] Produces:[] sources  targets  lbl1
 lbl1 (0) : LSTORE_0	 Stack:0	Consumes:[null ] Produces:[] sources  lbl0 targets  lbl2
 lbl2 (1) : LSTORE_1	 Stack:-1	Consumes:[] Produces:[] sources  lbl1 targets  lbl3
 lbl3 (2) : FLOAD_3	 Stack:-1	Consumes:[] Produces:[] sources  lbl2 targets  lbl4
 lbl4 (3) : MONITORENTER	 Stack:-1	Consumes:[] Produces:[] sources  lbl3 targets  lbl5
 lbl5 (4) : NOP	 Stack:-1	Consumes:[] Produces:[] sources  lbl4 targets  lbl6
 lbl6 (5) : LCONST_0	 Stack:-1	Consumes:[] Produces:[] sources  lbl5 targets  lbl7
 lbl7 (6) : LSTORE_0	 Stack:-1	Consumes:[] Produces:[] sources  lbl6 targets  lbl8
 lbl8 (7) : LSTORE_2	 Stack:-1	Consumes:[] Produces:[] sources  lbl7 targets  lbl9
 lbl9 (8) : RETURN	 Stack:-1	Consumes:[] Produces:[] sources  lbl8 targets 
 lbl10 (9) : NOP	 Stack:-1	Consumes:[] Produces:[] sources  targets  lbl11
 lbl11 (10) : DCONST_1	 Stack:-1	Consumes:[] Produces:[] sources  lbl10 targets  lbl12
 lbl12 (11) : ISUB	 Stack:-1	Consumes:[] Produces:[] sources  lbl11 targets 
----[known stack info]------------

 lbl0 (-1) : NOP	 Stack:0	Consumes:[] Produces:[] sources  targets  lbl1
 lbl1 (0) : DLOAD_2	 Stack:0	Consumes:[] Produces:[2 ] sources  lbl0 targets  lbl2
 lbl2 (1) : LDC2_W	 Stack:-1	Consumes:[] Produces:[] sources  lbl1 targets  lbl3
 lbl3 (4) : LSTORE_1	 Stack:-1	Consumes:[] Produces:[] sources  lbl2 targets  lbl4
 lbl4 (5) : RETURN	 Stack:-1	Consumes:[] Produces:[] sources  lbl3 targets 
 lbl5 (6) : NOP	 Stack:-1	Consumes:[] Produces:[] sources  targets  lbl6
 lbl6 (7) : LCONST_1	 Stack:-1	Consumes:[] Produces:[] sources  lbl5 targets  lbl7
 lbl7 (8) : IALOAD	 Stack:-1	Consumes:[] Produces:[] sources  lbl6 targets  lbl8
 lbl8 (9) : NOP	 Stack:-1	Consumes:[] Produces:[] sources  lbl7 targets  lbl9
 lbl9 (10) : FCONST_1	 Stack:-1	Consumes:[] Produces:[] sources  lbl8 targets  lbl10
 lbl10 (11) : LSTORE_0	 Stack:-1	Consumes:[] Produces:[] sources  lbl9 targets  lbl11
 lbl11 (12) : LADD	 Stack:-1	Consumes:[] Produces:[] sources  lbl10 targets  lbl12
 lbl12 (13) : NOP	 Stack:-1	Consumes:[] Produces:[] sources  lbl11 targets  lbl13
 lbl13 (14) : ICONST_4	 Stack:-1	Consumes:[] Produces:[] sources  lbl12 targets  lbl14
 lbl14 (15) : RETURN	 Stack:-1	Consumes:[] Produces:[] sources  lbl13 targets 
 lbl15 (16) : NOP	 Stack:-1	Consumes:[] Produces:[] sources  targets  lbl16
 lbl16 (17) : DCONST_0	 Stack:-1	Consumes:[] Produces:[] sources  lbl15 targets  lbl17
 lbl17 (18) : ICONST_1	 Stack:-1	Consumes:[] Produces:[] sources  lbl16 targets  lbl18
 lbl18 (19) : I2S	 Stack:-1	Consumes:[] Produces:[] sources  lbl17 targets  lbl19
 lbl19 (20) : DASTORE	 Stack:-1	Consumes:[] Produces:[] sources  lbl18 targets  lbl20
 lbl20 (21) : I2S	 Stack:-1	Consumes:[] Produces:[] sources  lbl19 targets 
----[known stack info]------------

 lbl0 (-1) : NOP	 Stack:0	Consumes:[] Produces:[] sources  targets  lbl1
 lbl1 (0) : DLOAD_2	 Stack:0	Consumes:[] Produces:[3 ] sources  lbl0 targets  lbl2
 lbl2 (1) : LDC2_W	 Stack:-1	Consumes:[] Produces:[] sources  lbl1 targets  lbl3
 lbl3 (4) : LSTORE_1	 Stack:-1	Consumes:[] Produces:[] sources  lbl2 targets  lbl4
 lbl4 (5) : RETURN	 Stack:-1	Consumes:[] Produces:[] sources  lbl3 targets 
 lbl5 (6) : NOP	 Stack:-1	Consumes:[] Produces:[] sources  targets  lbl6
 lbl6 (7) : LCONST_1	 Stack:-1	Consumes:[] Produces:[] sources  lbl5 targets  lbl7
 lbl7 (8) : IALOAD	 Stack:-1	Consumes:[] Produces:[] sources  lbl6 targets  lbl8
 lbl8 (9) : NOP	 Stack:-1	Consumes:[] Produces:[] sources  lbl7 targets  lbl9
 lbl9 (10) : FCONST_1	 Stack:-1	Consumes:[] Produces:[] sources  lbl8 targets  lbl10
 lbl10 (11) : LSTORE_0	 Stack:-1	Consumes:[] Produces:[] sources  lbl9 targets  lbl11
 lbl11 (12) : LADD	 Stack:-1	Consumes:[] Produces:[] sources  lbl10 targets  lbl12
 lbl12 (13) : NOP	 Stack:-1	Consumes:[] Produces:[] sources  lbl11 targets  lbl13
 lbl13 (14) : ICONST_4	 Stack:-1	Consumes:[] Produces:[] sources  lbl12 targets  lbl14
 lbl14 (15) : RETURN	 Stack:-1	Consumes:[] Produces:[] sources  lbl13 targets 
 lbl15 (16) : NOP	 Stack:-1	Consumes:[] Produces:[] sources  targets  lbl16
 lbl16 (17) : DCONST_0	 Stack:-1	Consumes:[] Produces:[] sources  lbl15 targets  lbl17
 lbl17 (18) : ICONST_1	 Stack:-1	Consumes:[] Produces:[] sources  lbl16 targets  lbl18
 lbl18 (19) : I2S	 Stack:-1	Consumes:[] Produces:[] sources  lbl17 targets  lbl19
 lbl19 (20) : DASTORE	 Stack:-1	Consumes:[] Produces:[] sources  lbl18 targets  lbl20
 lbl20 (21) : I2S	 Stack:-1	Consumes:[] Produces:[] sources  lbl19 targets 
----[known stack info]------------

 lbl0 (-1) : NOP	 Stack:0	Consumes:[] Produces:[] sources  targets  lbl1
 lbl1 (0) : DLOAD_2	 Stack:0	Consumes:[] Produces:[4 ] sources  lbl0 targets  lbl2
 lbl2 (1) : LDC2_W	 Stack:-1	Consumes:[] Produces:[] sources  lbl1 targets  lbl3
 lbl3 (4) : LSTORE_1	 Stack:-1	Consumes:[] Produces:[] sources  lbl2 targets  lbl4
 lbl4 (5) : RETURN	 Stack:-1	Consumes:[] Produces:[] sources  lbl3 targets 
 lbl5 (6) : NOP	 Stack:-1	Consumes:[] Produces:[] sources  targets  lbl6
 lbl6 (7) : LCONST_1	 Stack:-1	Consumes:[] Produces:[] sources  lbl5 targets  lbl7
 lbl7 (8) : IALOAD	 Stack:-1	Consumes:[] Produces:[] sources  lbl6 targets  lbl8
 lbl8 (9) : NOP	 Stack:-1	Consumes:[] Produces:[] sources  lbl7 targets  lbl9
 lbl9 (10) : FCONST_1	 Stack:-1	Consumes:[] Produces:[] sources  lbl8 targets  lbl10
 lbl10 (11) : LSTORE_0	 Stack:-1	Consumes:[] Produces:[] sources  lbl9 targets  lbl11
 lbl11 (12) : LADD	 Stack:-1	Consumes:[] Produces:[] sources  lbl10 targets  lbl12
 lbl12 (13) : NOP	 Stack:-1	Consumes:[] Produces:[] sources  lbl11 targets  lbl13
 lbl13 (14) : ICONST_4	 Stack:-1	Consumes:[] Produces:[] sources  lbl12 targets  lbl14
 lbl14 (15) : RETURN	 Stack:-1	Consumes:[] Produces:[] sources  lbl13 targets 
 lbl15 (16) : NOP	 Stack:-1	Consumes:[] Produces:[] sources  targets  lbl16
 lbl16 (17) : DCONST_0	 Stack:-1	Consumes:[] Produces:[] sources  lbl15 targets  lbl17
 lbl17 (18) : ICONST_1	 Stack:-1	Consumes:[] Produces:[] sources  lbl16 targets  lbl18
 lbl18 (19) : I2S	 Stack:-1	Consumes:[] Produces:[] sources  lbl17 targets  lbl19
 lbl19 (20) : DASTORE	 Stack:-1	Consumes:[] Produces:[] sources  lbl18 targets  lbl20
 lbl20 (21) : I2S	 Stack:-1	Consumes:[] Produces:[] sources  lbl19 targets 
----[known stack info]------------

 lbl0 (-1) : NOP	 Stack:0	Consumes:[] Produces:[] sources  targets  lbl1
 lbl1 (0) : DLOAD_2	 Stack:0	Consumes:[] Produces:[5 ] sources  lbl0 targets  lbl2
 lbl2 (1) : LDC2_W	 Stack:-1	Consumes:[] Produces:[] sources  lbl1 targets  lbl3
 lbl3 (4) : LSTORE_1	 Stack:-1	Consumes:[] Produces:[] sources  lbl2 targets  lbl4
 lbl4 (5) : RETURN	 Stack:-1	Consumes:[] Produces:[] sources  lbl3 targets 
 lbl5 (6) : NOP	 Stack:-1	Consumes:[] Produces:[] sources  targets  lbl6
 lbl6 (7) : LCONST_1	 Stack:-1	Consumes:[] Produces:[] sources  lbl5 targets  lbl7
 lbl7 (8) : IALOAD	 Stack:-1	Consumes:[] Produces:[] sources  lbl6 targets  lbl8
 lbl8 (9) : NOP	 Stack:-1	Consumes:[] Produces:[] sources  lbl7 targets  lbl9
 lbl9 (10) : FCONST_1	 Stack:-1	Consumes:[] Produces:[] sources  lbl8 targets  lbl10
 lbl10 (11) : LSTORE_0	 Stack:-1	Consumes:[] Produces:[] sources  lbl9 targets  lbl11
 lbl11 (12) : LADD	 Stack:-1	Consumes:[] Produces:[] sources  lbl10 targets  lbl12
 lbl12 (13) : NOP	 Stack:-1	Consumes:[] Produces:[] sources  lbl11 targets  lbl13
 lbl13 (14) : ICONST_4	 Stack:-1	Consumes:[] Produces:[] sources  lbl12 targets  lbl14
 lbl14 (15) : RETURN	 Stack:-1	Consumes:[] Produces:[] sources  lbl13 targets 
 lbl15 (16) : NOP	 Stack:-1	Consumes:[] Produces:[] sources  targets  lbl16
 lbl16 (17) : DCONST_0	 Stack:-1	Consumes:[] Produces:[] sources  lbl15 targets  lbl17
 lbl17 (18) : ICONST_1	 Stack:-1	Consumes:[] Produces:[] sources  lbl16 targets  lbl18
 lbl18 (19) : I2S	 Stack:-1	Consumes:[] Produces:[] sources  lbl17 targets  lbl19
 lbl19 (20) : DASTORE	 Stack:-1	Consumes:[] Produces:[] sources  lbl18 targets  lbl20
 lbl20 (21) : I2S	 Stack:-1	Consumes:[] Produces:[] sources  lbl19 targets 
----[known stack info]------------

 lbl0 (-1) : NOP	 Stack:0	Consumes:[] Produces:[] sources  targets  lbl1
 lbl1 (0) : DLOAD_2	 Stack:0	Consumes:[] Produces:[6 ] sources  lbl0 targets  lbl2
 lbl2 (1) : LDC2_W	 Stack:-1	Consumes:[] Produces:[] sources  lbl1 targets  lbl3
 lbl3 (4) : LSTORE_1	 Stack:-1	Consumes:[] Produces:[] sources  lbl2 targets  lbl4
 lbl4 (5) : RETURN	 Stack:-1	Consumes:[] Produces:[] sources  lbl3 targets 
 lbl5 (6) : NOP	 Stack:-1	Consumes:[] Produces:[] sources  targets  lbl6
 lbl6 (7) : LCONST_1	 Stack:-1	Consumes:[] Produces:[] sources  lbl5 targets  lbl7
 lbl7 (8) : IALOAD	 Stack:-1	Consumes:[] Produces:[] sources  lbl6 targets  lbl8
 lbl8 (9) : NOP	 Stack:-1	Consumes:[] Produces:[] sources  lbl7 targets  lbl9
 lbl9 (10) : FCONST_1	 Stack:-1	Consumes:[] Produces:[] sources  lbl8 targets  lbl10
 lbl10 (11) : LSTORE_0	 Stack:-1	Consumes:[] Produces:[] sources  lbl9 targets  lbl11
 lbl11 (12) : LADD	 Stack:-1	Consumes:[] Produces:[] sources  lbl10 targets  lbl12
 lbl12 (13) : NOP	 Stack:-1	Consumes:[] Produces:[] sources  lbl11 targets  lbl13
 lbl13 (14) : ICONST_4	 Stack:-1	Consumes:[] Produces:[] sources  lbl12 targets  lbl14
 lbl14 (15) : RETURN	 Stack:-1	Consumes:[] Produces:[] sources  lbl13 targets 
 lbl15 (16) : NOP	 Stack:-1	Consumes:[] Produces:[] sources  targets  lbl16
 lbl16 (17) : DCONST_0	 Stack:-1	Consumes:[] Produces:[] sources  lbl15 targets  lbl17
 lbl17 (18) : ICONST_1	 Stack:-1	Consumes:[] Produces:[] sources  lbl16 targets  lbl18
 lbl18 (19) : I2S	 Stack:-1	Consumes:[] Produces:[] sources  lbl17 targets  lbl19
 lbl19 (20) : DASTORE	 Stack:-1	Consumes:[] Produces:[] sources  lbl18 targets  lbl20
 lbl20 (21) : I2S	 Stack:-1	Consumes:[] Produces:[] sources  lbl19 targets 
----[known stack info]------------

 lbl0 (-1) : NOP	 Stack:0	Consumes:[] Produces:[] sources  targets  lbl1
 lbl1 (0) : DLOAD_2	 Stack:0	Consumes:[] Produces:[7 ] sources  lbl0 targets  lbl2
 lbl2 (1) : LDC2_W	 Stack:-1	Consumes:[] Produces:[] sources  lbl1 targets  lbl3
 lbl3 (4) : LSTORE_1	 Stack:-1	Consumes:[] Produces:[] sources  lbl2 targets  lbl4
 lbl4 (5) : RETURN	 Stack:-1	Consumes:[] Produces:[] sources  lbl3 targets 
 lbl5 (6) : NOP	 Stack:-1	Consumes:[] Produces:[] sources  targets  lbl6
 lbl6 (7) : LCONST_1	 Stack:-1	Consumes:[] Produces:[] sources  lbl5 targets  lbl7
 lbl7 (8) : IALOAD	 Stack:-1	Consumes:[] Produces:[] sources  lbl6 targets  lbl8
 lbl8 (9) : NOP	 Stack:-1	Consumes:[] Produces:[] sources  lbl7 targets  lbl9
 lbl9 (10) : FCONST_1	 Stack:-1	Consumes:[] Produces:[] sources  lbl8 targets  lbl10
 lbl10 (11) : LSTORE_0	 Stack:-1	Consumes:[] Produces:[] sources  lbl9 targets  lbl11
 lbl11 (12) : LADD	 Stack:-1	Consumes:[] Produces:[] sources  lbl10 targets  lbl12
 lbl12 (13) : NOP	 Stack:-1	Consumes:[] Produces:[] sources  lbl11 targets  lbl13
 lbl13 (14) : ICONST_4	 Stack:-1	Consumes:[] Produces:[] sources  lbl12 targets  lbl14
 lbl14 (15) : RETURN	 Stack:-1	Consumes:[] Produces:[] sources  lbl13 targets 
 lbl15 (16) : NOP	 Stack:-1	Consumes:[] Produces:[] sources  targets  lbl16
 lbl16 (17) : DCONST_0	 Stack:-1	Consumes:[] Produces:[] sources  lbl15 targets  lbl17
 lbl17 (18) : ICONST_1	 Stack:-1	Consumes:[] Produces:[] sources  lbl16 targets  lbl18
 lbl18 (19) : I2S	 Stack:-1	Consumes:[] Produces:[] sources  lbl17 targets  lbl19
 lbl19 (20) : DASTORE	 Stack:-1	Consumes:[] Produces:[] sources  lbl18 targets  lbl20
 lbl20 (21) : I2S	 Stack:-1	Consumes:[] Produces:[] sources  lbl19 targets 
----[known stack info]------------

 lbl0 (-1) : NOP	 Stack:0	Consumes:[] Produces:[] sources  targets  lbl1
 lbl1 (0) : DLOAD_2	 Stack:0	Consumes:[] Produces:[8 ] sources  lbl0 targets  lbl2
 lbl2 (1) : LDC2_W	 Stack:-1	Consumes:[] Produces:[] sources  lbl1 targets  lbl3
 lbl3 (4) : LSTORE_1	 Stack:-1	Consumes:[] Produces:[] sources  lbl2 targets  lbl4
 lbl4 (5) : RETURN	 Stack:-1	Consumes:[] Produces:[] sources  lbl3 targets 
 lbl5 (6) : NOP	 Stack:-1	Consumes:[] Produces:[] sources  targets  lbl6
 lbl6 (7) : LCONST_1	 Stack:-1	Consumes:[] Produces:[] sources  lbl5 targets  lbl7
 lbl7 (8) : IALOAD	 Stack:-1	Consumes:[] Produces:[] sources  lbl6 targets  lbl8
 lbl8 (9) : NOP	 Stack:-1	Consumes:[] Produces:[] sources  lbl7 targets  lbl9
 lbl9 (10) : FCONST_1	 Stack:-1	Consumes:[] Produces:[] sources  lbl8 targets  lbl10
 lbl10 (11) : LSTORE_0	 Stack:-1	Consumes:[] Produces:[] sources  lbl9 targets  lbl11
 lbl11 (12) : LADD	 Stack:-1	Consumes:[] Produces:[] sources  lbl10 targets  lbl12
 lbl12 (13) : NOP	 Stack:-1	Consumes:[] Produces:[] sources  lbl11 targets  lbl13
 lbl13 (14) : ICONST_4	 Stack:-1	Consumes:[] Produces:[] sources  lbl12 targets  lbl14
 lbl14 (15) : RETURN	 Stack:-1	Consumes:[] Produces:[] sources  lbl13 targets 
 lbl15 (16) : NOP	 Stack:-1	Consumes:[] Produces:[] sources  targets  lbl16
 lbl16 (17) : DCONST_0	 Stack:-1	Consumes:[] Produces:[] sources  lbl15 targets  lbl17
 lbl17 (18) : ICONST_1	 Stack:-1	Consumes:[] Produces:[] sources  lbl16 targets  lbl18
 lbl18 (19) : I2S	 Stack:-1	Consumes:[] Produces:[] sources  lbl17 targets  lbl19
 lbl19 (20) : DASTORE	 Stack:-1	Consumes:[] Produces:[] sources  lbl18 targets  lbl20
 lbl20 (21) : I2S	 Stack:-1	Consumes:[] Produces:[] sources  lbl19 targets 
----[known stack info]------------

 lbl0 (-1) : NOP	 Stack:0	Consumes:[] Produces:[] sources  targets  lbl1
 lbl1 (0) : DLOAD_2	 Stack:0	Consumes:[] Produces:[9 ] sources  lbl0 targets  lbl2
 lbl2 (1) : LDC2_W	 Stack:-1	Consumes:[] Produces:[] sources  lbl1 targets  lbl3
 lbl3 (4) : LSTORE_1	 Stack:-1	Consumes:[] Produces:[] sources  lbl2 targets  lbl4
 lbl4 (5) : RETURN	 Stack:-1	Consumes:[] Produces:[] sources  lbl3 targets 
 lbl5 (6) : NOP	 Stack:-1	Consumes:[] Produces:[] sources  targets  lbl6
 lbl6 (7) : LCONST_1	 Stack:-1	Consumes:[] Produces:[] sources  lbl5 targets  lbl7
 lbl7 (8) : IALOAD	 Stack:-1	Consumes:[] Produces:[] sources  lbl6 targets  lbl8
 lbl8 (9) : NOP	 Stack:-1	Consumes:[] Produces:[] sources  lbl7 targets  lbl9
 lbl9 (10) : FCONST_1	 Stack:-1	Consumes:[] Produces:[] sources  lbl8 targets  lbl10
 lbl10 (11) : LSTORE_0	 Stack:-1	Consumes:[] Produces:[] sources  lbl9 targets  lbl11
 lbl11 (12) : LADD	 Stack:-1	Consumes:[] Produces:[] sources  lbl10 targets  lbl12
 lbl12 (13) : NOP	 Stack:-1	Consumes:[] Produces:[] sources  lbl11 targets  lbl13
 lbl13 (14) : ICONST_4	 Stack:-1	Consumes:[] Produces:[] sources  lbl12 targets  lbl14
 lbl14 (15) : RETURN	 Stack:-1	Consumes:[] Produces:[] sources  lbl13 targets 
 lbl15 (16) : NOP	 Stack:-1	Consumes:[] Produces:[] sources  targets  lbl16
 lbl16 (17) : DCONST_0	 Stack:-1	Consumes:[] Produces:[] sources  lbl15 targets  lbl17
 lbl17 (18) : ICONST_1	 Stack:-1	Consumes:[] Produces:[] sources  lbl16 targets  lbl18
 lbl18 (19) : I2S	 Stack:-1	Consumes:[] Produces:[] sources  lbl17 targets  lbl19
 lbl19 (20) : DASTORE	 Stack:-1	Consumes:[] Produces:[] sources  lbl18 targets  lbl20
 lbl20 (21) : I2S	 Stack:-1	Consumes:[] Produces:[] sources  lbl19 targets 
----[known stack info]------------

 lbl0 (-1) : NOP	 Stack:0	Consumes:[] Produces:[] sources  targets  lbl1
 lbl1 (0) : DLOAD_2	 Stack:0	Consumes:[] Produces:[10 ] sources  lbl0 targets  lbl2
 lbl2 (1) : LDC2_W	 Stack:-1	Consumes:[] Produces:[] sources  lbl1 targets  lbl3
 lbl3 (4) : LSTORE_1	 Stack:-1	Consumes:[] Produces:[] sources  lbl2 targets  lbl4
 lbl4 (5) : RETURN	 Stack:-1	Consumes:[] Produces:[] sources  lbl3 targets 
 lbl5 (6) : NOP	 Stack:-1	Consumes:[] Produces:[] sources  targets  lbl6
 lbl6 (7) : LCONST_1	 Stack:-1	Consumes:[] Produces:[] sources  lbl5 targets  lbl7
 lbl7 (8) : IALOAD	 Stack:-1	Consumes:[] Produces:[] sources  lbl6 targets  lbl8
 lbl8 (9) : NOP	 Stack:-1	Consumes:[] Produces:[] sources  lbl7 targets  lbl9
 lbl9 (10) : FCONST_1	 Stack:-1	Consumes:[] Produces:[] sources  lbl8 targets  lbl10
 lbl10 (11) : LSTORE_0	 Stack:-1	Consumes:[] Produces:[] sources  lbl9 targets  lbl11
 lbl11 (12) : LADD	 Stack:-1	Consumes:[] Produces:[] sources  lbl10 targets  lbl12
 lbl12 (13) : NOP	 Stack:-1	Consumes:[] Produces:[] sources  lbl11 targets  lbl13
 lbl13 (14) : ICONST_4	 Stack:-1	Consumes:[] Produces:[] sources  lbl12 targets  lbl14
 lbl14 (15) : RETURN	 Stack:-1	Consumes:[] Produces:[] sources  lbl13 targets 
 lbl15 (16) : NOP	 Stack:-1	Consumes:[] Produces:[] sources  targets  lbl16
 lbl16 (17) : DCONST_0	 Stack:-1	Consumes:[] Produces:[] sources  lbl15 targets  lbl17
 lbl17 (18) : ICONST_1	 Stack:-1	Consumes:[] Produces:[] sources  lbl16 targets  lbl18
 lbl18 (19) : I2S	 Stack:-1	Consumes:[] Produces:[] sources  lbl17 targets  lbl19
 lbl19 (20) : DASTORE	 Stack:-1	Consumes:[] Produces:[] sources  lbl18 targets  lbl20
 lbl20 (21) : I2S	 Stack:-1	Consumes:[] Produces:[] sources  lbl19 targets 
----[known stack info]------------

 lbl0 (-1) : NOP	 Stack:0	Consumes:[] Produces:[] sources  targets  lbl1
 lbl1 (0) : DLOAD_2	 Stack:0	Consumes:[] Produces:[11 ] sources  lbl0 targets  lbl2
 lbl2 (1) : LDC2_W	 Stack:-1	Consumes:[] Produces:[] sources  lbl1 targets  lbl3
 lbl3 (4) : LSTORE_1	 Stack:-1	Consumes:[] Produces:[] sources  lbl2 targets  lbl4
 lbl4 (5) : RETURN	 Stack:-1	Consumes:[] Produces:[] sources  lbl3 targets 
 lbl5 (6) : NOP	 Stack:-1	Consumes:[] Produces:[] sources  targets  lbl6
 lbl6 (7) : LCONST_1	 Stack:-1	Consumes:[] Produces:[] sources  lbl5 targets  lbl7
 lbl7 (8) : IALOAD	 Stack:-1	Consumes:[] Produces:[] sources  lbl6 targets  lbl8
 lbl8 (9) : NOP	 Stack:-1	Consumes:[] Produces:[] sources  lbl7 targets  lbl9
 lbl9 (10) : FCONST_1	 Stack:-1	Consumes:[] Produces:[] sources  lbl8 targets  lbl10
 lbl10 (11) : LSTORE_0	 Stack:-1	Consumes:[] Produces:[] sources  lbl9 targets  lbl11
 lbl11 (12) : LADD	 Stack:-1	Consumes:[] Produces:[] sources  lbl10 targets  lbl12
 lbl12 (13) : NOP	 Stack:-1	Consumes:[] Produces:[] sources  lbl11 targets  lbl13
 lbl13 (14) : ICONST_4	 Stack:-1	Consumes:[] Produces:[] sources  lbl12 targets  lbl14
 lbl14 (15) : RETURN	 Stack:-1	Consumes:[] Produces:[] sources  lbl13 targets 
 lbl15 (16) : NOP	 Stack:-1	Consumes:[] Produces:[] sources  targets  lbl16
 lbl16 (17) : DCONST_0	 Stack:-1	Consumes:[] Produces:[] sources  lbl15 targets  lbl17
 lbl17 (18) : ICONST_1	 Stack:-1	Consumes:[] Produces:[] sources  lbl16 targets  lbl18
 lbl18 (19) : I2S	 Stack:-1	Consumes:[] Produces:[] sources  lbl17 targets  lbl19
 lbl19 (20) : DASTORE	 Stack:-1	Consumes:[] Produces:[] sources  lbl18 targets  lbl20
 lbl20 (21) : I2S	 Stack:-1	Consumes:[] Produces:[] sources  lbl19 targets 
----[known stack info]------------

 lbl0 (-1) : NOP	 Stack:0	Consumes:[] Produces:[] sources  targets  lbl1
 lbl1 (0) : LADD	 Stack:0	Consumes:[null ] Produces:[] sources  lbl0 targets  lbl2
 lbl2 (1) : NOP	 Stack:-1	Consumes:[] Produces:[] sources  lbl1 targets  lbl3
 lbl3 (2) : ICONST_5	 Stack:-1	Consumes:[] Produces:[] sources  lbl2 targets  lbl4
 lbl4 (3) : AASTORE	 Stack:-1	Consumes:[] Produces:[] sources  lbl3 targets 
----[known stack info]------------

 lbl0 (-1) : NOP	 Stack:0	Consumes:[] Produces:[] sources  targets  lbl1
 lbl1 (0) : LADD	 Stack:0	Consumes:[null ] Produces:[] sources  lbl0 targets  lbl2
 lbl2 (1) : NOP	 Stack:-1	Consumes:[] Produces:[] sources  lbl1 targets  lbl3
 lbl3 (2) : ICONST_5	 Stack:-1	Consumes:[] Produces:[] sources  lbl2 targets  lbl4
 lbl4 (3) : AASTORE	 Stack:-1	Consumes:[] Produces:[] sources  lbl3 targets 
----[known stack info]------------

 lbl0 (-1) : NOP	 Stack:0	Consumes:[] Produces:[] sources  targets  lbl1
 lbl1 (0) : LADD	 Stack:0	Consumes:[null ] Produces:[] sources  lbl0 targets  lbl2
 lbl2 (1) : NOP	 Stack:-1	Consumes:[] Produces:[] sources  lbl1 targets  lbl3
 lbl3 (2) : ICONST_5	 Stack:-1	Consumes:[] Produces:[] sources  lbl2 targets  lbl4
 lbl4 (3) : AASTORE	 Stack:-1	Consumes:[] Produces:[] sources  lbl3 targets 
----[known stack info]------------

 lbl0 (-1) : NOP	 Stack:0	Consumes:[] Produces:[] sources  targets  lbl1
 lbl1 (0) : LADD	 Stack:0	Consumes:[null ] Produces:[] sources  lbl0 targets  lbl2
 lbl2 (1) : NOP	 Stack:-1	Consumes:[] Produces:[] sources  lbl1 targets  lbl3
 lbl3 (2) : ICONST_5	 Stack:-1	Consumes:[] Produces:[] sources  lbl2 targets  lbl4
 lbl4 (3) : AASTORE	 Stack:-1	Consumes:[] Produces:[] sources  lbl3 targets 
----[known stack info]------------

 lbl0 (-1) : NOP	 Stack:0	Consumes:[] Produces:[] sources  targets  lbl1
 lbl1 (0) : LADD	 Stack:0	Consumes:[null ] Produces:[] sources  lbl0 targets  lbl2
 lbl2 (1) : NOP	 Stack:-1	Consumes:[] Produces:[] sources  lbl1 targets  lbl3
 lbl3 (2) : ICONST_5	 Stack:-1	Consumes:[] Produces:[] sources  lbl2 targets  lbl4
 lbl4 (3) : AASTORE	 Stack:-1	Consumes:[] Produces:[] sources  lbl3 targets 
----[known stack info]------------

 lbl0 (-1) : NOP	 Stack:0	Consumes:[] Produces:[] sources  targets  lbl1
 lbl1 (0) : LADD	 Stack:0	Consumes:[null ] Produces:[] sources  lbl0 targets  lbl2
 lbl2 (1) : NOP	 Stack:-1	Consumes:[] Produces:[] sources  lbl1 targets  lbl3
 lbl3 (2) : ICONST_5	 Stack:-1	Consumes:[] Produces:[] sources  lbl2 targets  lbl4
 lbl4 (3) : AASTORE	 Stack:-1	Consumes:[] Produces:[] sources  lbl3 targets 
----[known stack info]------------

 lbl0 (-1) : NOP	 Stack:0	Consumes:[] Produces:[] sources  targets  lbl1
 lbl1 (0) : LADD	 Stack:0	Consumes:[null ] Produces:[] sources  lbl0 targets  lbl2
 lbl2 (1) : NOP	 Stack:-1	Consumes:[] Produces:[] sources  lbl1 targets  lbl3
 lbl3 (2) : ICONST_5	 Stack:-1	Consumes:[] Produces:[] sources  lbl2 targets  lbl4
 lbl4 (3) : AASTORE	 Stack:-1	Consumes:[] Produces:[] sources  lbl3 targets 
----[known stack info]------------

 lbl0 (-1) : NOP	 Stack:0	Consumes:[] Produces:[] sources  targets  lbl1
 lbl1 (0) : LADD	 Stack:0	Consumes:[null ] Produces:[] sources  lbl0 targets  lbl2
 lbl2 (1) : NOP	 Stack:-1	Consumes:[] Produces:[] sources  lbl1 targets  lbl3
 lbl3 (2) : ICONST_5	 Stack:-1	Consumes:[] Produces:[] sources  lbl2 targets  lbl4
 lbl4 (3) : AASTORE	 Stack:-1	Consumes:[] Produces:[] sources  lbl3 targets 
----[known stack info]------------

 lbl0 (-1) : NOP	 Stack:0	Consumes:[] Produces:[] sources  targets  lbl1
 lbl1 (0) : LADD	 Stack:0	Consumes:[null ] Produces:[] sources  lbl0 targets  lbl2
 lbl2 (1) : NOP	 Stack:-1	Consumes:[] Produces:[] sources  lbl1 targets  lbl3
 lbl3 (2) : ICONST_5	 Stack:-1	Consumes:[] Produces:[] sources  lbl2 targets  lbl4
 lbl4 (3) : AASTORE	 Stack:-1	Consumes:[] Produces:[] sources  lbl3 targets 
----[known stack info]------------

 lbl0 (-1) : NOP	 Stack:0	Consumes:[] Produces:[] sources  targets  lbl1
 lbl1 (0) : LADD	 Stack:0	Consumes:[null ] Produces:[] sources  lbl0 targets  lbl2
 lbl2 (1) : NOP	 Stack:-1	Consumes:[] Produces:[] sources  lbl1 targets  lbl3
 lbl3 (2) : ICONST_5	 Stack:-1	Consumes:[] Produces:[] sources  lbl2 targets  lbl4
 lbl4 (3) : AASTORE	 Stack:-1	Consumes:[] Produces:[] sources  lbl3 targets 
----[known stack info]------------

 lbl0 (-1) : NOP	 Stack:0	Consumes:[] Produces:[] sources  targets  lbl1
 lbl1 (0) : DADD	 Stack:0	Consumes:[null ] Produces:[] sources  lbl0 targets  lbl2
 lbl2 (1) : NOP	 Stack:-1	Consumes:[] Produces:[] sources  lbl1 targets  lbl3
 lbl3 (2) : ICONST_2	 Stack:-1	Consumes:[] Produces:[] sources  lbl2 targets  lbl4
 lbl4 (3) : IDIV	 Stack:-1	Consumes:[] Produces:[] sources  lbl3 targets  lbl5
 lbl5 (4) : DUP_X1	 Stack:-1	Consumes:[] Produces:[] sources  lbl4 targets  lbl6
 lbl6 (5) : ICONST_M1	 Stack:-1	Consumes:[] Produces:[] sources  lbl5 targets  lbl7
 lbl7 (6) : MONITORENTER	 Stack:-1	Consumes:[] Produces:[] sources  lbl6 targets  lbl8
 lbl8 (7) : NOP	 Stack:-1	Consumes:[] Produces:[] sources  lbl7 targets  lbl9
 lbl9 (8) : FCONST_0	 Stack:-1	Consumes:[] Produces:[] sources  lbl8 targets  lbl10
 lbl10 (9) : CASTORE	 Stack:-1	Consumes:[] Produces:[] sources  lbl9 targets  lbl11
 lbl11 (10) : NOP	 Stack:-1	Consumes:[] Produces:[] sources  lbl10 targets  lbl12
 lbl12 (11) : ICONST_4	 Stack:-1	Consumes:[] Produces:[] sources  lbl11 targets  lbl13
 lbl13 (12) : DADD	 Stack:-1	Consumes:[] Produces:[] sources  lbl12 targets  lbl14
 lbl14 (13) : NOP	 Stack:-1	Consumes:[] Produces:[] sources  lbl13 targets  lbl15
 lbl15 (14) : ICONST_2	 Stack:-1	Consumes:[] Produces:[] sources  lbl14 targets  lbl16
 lbl16 (15) : IDIV	 Stack:-1	Consumes:[] Produces:[] sources  lbl15 targets  lbl17
 lbl17 (16) : DUP_X1	 Stack:-1	Consumes:[] Produces:[] sources  lbl16 targets  lbl18
 lbl18 (17) : ACONST_NULL	 Stack:-1	Consumes:[] Produces:[] sources  lbl17 targets  lbl19
 lbl19 (18) : MONITORENTER	 Stack:-1	Consumes:[] Produces:[] sources  lbl18 targets  lbl20
 lbl20 (19) : NOP	 Stack:-1	Consumes:[] Produces:[] sources  lbl19 targets  lbl21
 lbl21 (20) : FCONST_0	 Stack:-1	Consumes:[] Produces:[] sources  lbl20 targets  lbl22
 lbl22 (21) : CASTORE	 Stack:-1	Consumes:[] Produces:[] sources  lbl21 targets  lbl23
 lbl23 (22) : NOP	 Stack:-1	Consumes:[] Produces:[] sources  lbl22 targets  lbl24
 lbl24 (23) : ICONST_5	 Stack:-1	Consumes:[] Produces:[] sources  lbl23 targets  lbl25
 lbl25 (24) : ISUB	 Stack:-1	Consumes:[] Produces:[] sources  lbl24 targets 
----[known stack info]------------

 lbl0 (-1) : NOP	 Stack:0	Consumes:[] Produces:[] sources  targets  lbl1
 lbl1 (0) : DADD	 Stack:0	Consumes:[null ] Produces:[] sources  lbl0 targets  lbl2
 lbl2 (1) : NOP	 Stack:-1	Consumes:[] Produces:[] sources  lbl1 targets  lbl3
 lbl3 (2) : ICONST_2	 Stack:-1	Consumes:[] Produces:[] sources  lbl2 targets  lbl4
 lbl4 (3) : IDIV	 Stack:-1	Consumes:[] Produces:[] sources  lbl3 targets  lbl5
 lbl5 (4) : DUP_X1	 Stack:-1	Consumes:[] Produces:[] sources  lbl4 targets  lbl6
 lbl6 (5) : ICONST_M1	 Stack:-1	Consumes:[] Produces:[] sources  lbl5 targets  lbl7
 lbl7 (6) : MONITORENTER	 Stack:-1	Consumes:[] Produces:[] sources  lbl6 targets  lbl8
 lbl8 (7) : NOP	 Stack:-1	Consumes:[] Produces:[] sources  lbl7 targets  lbl9
 lbl9 (8) : FCONST_0	 Stack:-1	Consumes:[] Produces:[] sources  lbl8 targets  lbl10
 lbl10 (9) : CASTORE	 Stack:-1	Consumes:[] Produces:[] sources  lbl9 targets  lbl11
 lbl11 (10) : NOP	 Stack:-1	Consumes:[] Produces:[] sources  lbl10 targets  lbl12
 lbl12 (11) : ICONST_4	 Stack:-1	Consumes:[] Produces:[] sources  lbl11 targets  lbl13
 lbl13 (12) : DADD	 Stack:-1	Consumes:[] Produces:[] sources  lbl12 targets  lbl14
 lbl14 (13) : NOP	 Stack:-1	Consumes:[] Produces:[] sources  lbl13 targets  lbl15
 lbl15 (14) : ICONST_2	 Stack:-1	Consumes:[] Produces:[] sources  lbl14 targets  lbl16
 lbl16 (15) : IDIV	 Stack:-1	Consumes:[] Produces:[] sources  lbl15 targets  lbl17
 lbl17 (16) : DUP_X1	 Stack:-1	Consumes:[] Produces:[] sources  lbl16 targets  lbl18
 lbl18 (17) : ACONST_NULL	 Stack:-1	Consumes:[] Produces:[] sources  lbl17 targets  lbl19
 lbl19 (18) : MONITORENTER	 Stack:-1	Consumes:[] Produces:[] sources  lbl18 targets  lbl20
 lbl20 (19) : NOP	 Stack:-1	Consumes:[] Produces:[] sources  lbl19 targets  lbl21
 lbl21 (20) : FCONST_0	 Stack:-1	Consumes:[] Produces:[] sources  lbl20 targets  lbl22
 lbl22 (21) : CASTORE	 Stack:-1	Consumes:[] Produces:[] sources  lbl21 targets  lbl23
 lbl23 (22) : NOP	 Stack:-1	Consumes:[] Produces:[] sources  lbl22 targets  lbl24
 lbl24 (23) : ICONST_5	 Stack:-1	Consumes:[] Produces:[] sources  lbl23 targets  lbl25
 lbl25 (24) : ISUB	 Stack:-1	Consumes:[] Produces:[] sources  lbl24 targets 
----[known stack info]------------

 lbl0 (-1) : NOP	 Stack:0	Consumes:[] Produces:[] sources  targets  lbl1
 lbl1 (0) : DADD	 Stack:0	Consumes:[null ] Produces:[] sources  lbl0 targets  lbl2
 lbl2 (1) : NOP	 Stack:-1	Consumes:[] Produces:[] sources  lbl1 targets  lbl3
 lbl3 (2) : ICONST_2	 Stack:-1	Consumes:[] Produces:[] sources  lbl2 targets  lbl4
 lbl4 (3) : IDIV	 Stack:-1	Consumes:[] Produces:[] sources  lbl3 targets  lbl5
 lbl5 (4) : DUP_X1	 Stack:-1	Consumes:[] Produces:[] sources  lbl4 targets  lbl6
 lbl6 (5) : ICONST_M1	 Stack:-1	Consumes:[] Produces:[] sources  lbl5 targets  lbl7
 lbl7 (6) : MONITORENTER	 Stack:-1	Consumes:[] Produces:[] sources  lbl6 targets  lbl8
 lbl8 (7) : NOP	 Stack:-1	Consumes:[] Produces:[] sources  lbl7 targets  lbl9
 lbl9 (8) : FCONST_0	 Stack:-1	Consumes:[] Produces:[] sources  lbl8 targets  lbl10
 lbl10 (9) : CASTORE	 Stack:-1	Consumes:[] Produces:[] sources  lbl9 targets  lbl11
 lbl11 (10) : NOP	 Stack:-1	Consumes:[] Produces:[] sources  lbl10 targets  lbl12
 lbl12 (11) : ICONST_4	 Stack:-1	Consumes:[] Produces:[] sources  lbl11 targets  lbl13
 lbl13 (12) : DADD	 Stack:-1	Consumes:[] Produces:[] sources  lbl12 targets  lbl14
 lbl14 (13) : NOP	 Stack:-1	Consumes:[] Produces:[] sources  lbl13 targets  lbl15
 lbl15 (14) : ICONST_2	 Stack:-1	Consumes:[] Produces:[] sources  lbl14 targets  lbl16
 lbl16 (15) : IDIV	 Stack:-1	Consumes:[] Produces:[] sources  lbl15 targets  lbl17
 lbl17 (16) : DUP_X1	 Stack:-1	Consumes:[] Produces:[] sources  lbl16 targets  lbl18
 lbl18 (17) : ACONST_NULL	 Stack:-1	Consumes:[] Produces:[] sources  lbl17 targets  lbl19
 lbl19 (18) : MONITORENTER	 Stack:-1	Consumes:[] Produces:[] sources  lbl18 targets  lbl20
 lbl20 (19) : NOP	 Stack:-1	Consumes:[] Produces:[] sources  lbl19 targets  lbl21
 lbl21 (20) : FCONST_0	 Stack:-1	Consumes:[] Produces:[] sources  lbl20 targets  lbl22
 lbl22 (21) : CASTORE	 Stack:-1	Consumes:[] Produces:[] sources  lbl21 targets  lbl23
 lbl23 (22) : NOP	 Stack:-1	Consumes:[] Produces:[] sources  lbl22 targets  lbl24
 lbl24 (23) : ICONST_5	 Stack:-1	Consumes:[] Produces:[] sources  lbl23 targets  lbl25
 lbl25 (24) : ISUB	 Stack:-1	Consumes:[] Produces:[] sources  lbl24 targets 
----[known stack info]------------

 lbl0 (-1) : NOP	 Stack:0	Consumes:[] Produces:[] sources  targets  lbl1
 lbl1 (0) : DADD	 Stack:0	Consumes:[null ] Produces:[] sources  lbl0 targets  lbl2
 lbl2 (1) : NOP	 Stack:-1	Consumes:[] Produces:[] sources  lbl1 targets  lbl3
 lbl3 (2) : ICONST_2	 Stack:-1	Consumes:[] Produces:[] sources  lbl2 targets  lbl4
 lbl4 (3) : IDIV	 Stack:-1	Consumes:[] Produces:[] sources  lbl3 targets  lbl5
 lbl5 (4) : DUP_X1	 Stack:-1	Consumes:[] Produces:[] sources  lbl4 targets  lbl6
 lbl6 (5) : ICONST_M1	 Stack:-1	Consumes:[] Produces:[] sources  lbl5 targets  lbl7
 lbl7 (6) : MONITORENTER	 Stack:-1	Consumes:[] Produces:[] sources  lbl6 targets  lbl8
 lbl8 (7) : NOP	 Stack:-1	Consumes:[] Produces:[] sources  lbl7 targets  lbl9
 lbl9 (8) : FCONST_0	 Stack:-1	Consumes:[] Produces:[] sources  lbl8 targets  lbl10
 lbl10 (9) : CASTORE	 Stack:-1	Consumes:[] Produces:[] sources  lbl9 targets  lbl11
 lbl11 (10) : NOP	 Stack:-1	Consumes:[] Produces:[] sources  lbl10 targets  lbl12
 lbl12 (11) : ICONST_4	 Stack:-1	Consumes:[] Produces:[] sources  lbl11 targets  lbl13
 lbl13 (12) : DADD	 Stack:-1	Consumes:[] Produces:[] sources  lbl12 targets  lbl14
 lbl14 (13) : NOP	 Stack:-1	Consumes:[] Produces:[] sources  lbl13 targets  lbl15
 lbl15 (14) : ICONST_2	 Stack:-1	Consumes:[] Produces:[] sources  lbl14 targets  lbl16
 lbl16 (15) : IDIV	 Stack:-1	Consumes:[] Produces:[] sources  lbl15 targets  lbl17
 lbl17 (16) : DUP_X1	 Stack:-1	Consumes:[] Produces:[] sources  lbl16 targets  lbl18
 lbl18 (17) : ACONST_NULL	 Stack:-1	Consumes:[] Produces:[] sources  lbl17 targets  lbl19
 lbl19 (18) : MONITORENTER	 Stack:-1	Consumes:[] Produces:[] sources  lbl18 targets  lbl20
 lbl20 (19) : NOP	 Stack:-1	Consumes:[] Produces:[] sources  lbl19 targets  lbl21
 lbl21 (20) : FCONST_0	 Stack:-1	Consumes:[] Produces:[] sources  lbl20 targets  lbl22
 lbl22 (21) : CASTORE	 Stack:-1	Consumes:[] Produces:[] sources  lbl21 targets  lbl23
 lbl23 (22) : NOP	 Stack:-1	Consumes:[] Produces:[] sources  lbl22 targets  lbl24
 lbl24 (23) : ICONST_5	 Stack:-1	Consumes:[] Produces:[] sources  lbl23 targets  lbl25
 lbl25 (24) : ISUB	 Stack:-1	Consumes:[] Produces:[] sources  lbl24 targets 
----[known stack info]------------

 lbl0 (-1) : NOP	 Stack:0	Consumes:[] Produces:[] sources  targets  lbl1
 lbl1 (0) : DADD	 Stack:0	Consumes:[null ] Produces:[] sources  lbl0 targets  lbl2
 lbl2 (1) : NOP	 Stack:-1	Consumes:[] Produces:[] sources  lbl1 targets  lbl3
 lbl3 (2) : ICONST_2	 Stack:-1	Consumes:[] Produces:[] sources  lbl2 targets  lbl4
 lbl4 (3) : IDIV	 Stack:-1	Consumes:[] Produces:[] sources  lbl3 targets  lbl5
 lbl5 (4) : DUP_X1	 Stack:-1	Consumes:[] Produces:[] sources  lbl4 targets  lbl6
 lbl6 (5) : ICONST_M1	 Stack:-1	Consumes:[] Produces:[] sources  lbl5 targets  lbl7
 lbl7 (6) : MONITORENTER	 Stack:-1	Consumes:[] Produces:[] sources  lbl6 targets  lbl8
 lbl8 (7) : NOP	 Stack:-1	Consumes:[] Produces:[] sources  lbl7 targets  lbl9
 lbl9 (8) : FCONST_0	 Stack:-1	Consumes:[] Produces:[] sources  lbl8 targets  lbl10
 lbl10 (9) : CASTORE	 Stack:-1	Consumes:[] Produces:[] sources  lbl9 targets  lbl11
 lbl11 (10) : NOP	 Stack:-1	Consumes:[] Produces:[] sources  lbl10 targets  lbl12
 lbl12 (11) : ICONST_4	 Stack:-1	Consumes:[] Produces:[] sources  lbl11 targets  lbl13
 lbl13 (12) : DADD	 Stack:-1	Consumes:[] Produces:[] sources  lbl12 targets  lbl14
 lbl14 (13) : NOP	 Stack:-1	Consumes:[] Produces:[] sources  lbl13 targets  lbl15
 lbl15 (14) : ICONST_2	 Stack:-1	Consumes:[] Produces:[] sources  lbl14 targets  lbl16
 lbl16 (15) : IDIV	 Stack:-1	Consumes:[] Produces:[] sources  lbl15 targets  lbl17
 lbl17 (16) : DUP_X1	 Stack:-1	Consumes:[] Produces:[] sources  lbl16 targets  lbl18
 lbl18 (17) : ACONST_NULL	 Stack:-1	Consumes:[] Produces:[] sources  lbl17 targets  lbl19
 lbl19 (18) : MONITORENTER	 Stack:-1	Consumes:[] Produces:[] sources  lbl18 targets  lbl20
 lbl20 (19) : NOP	 Stack:-1	Consumes:[] Produces:[] sources  lbl19 targets  lbl21
 lbl21 (20) : FCONST_0	 Stack:-1	Consumes:[] Produces:[] sources  lbl20 targets  lbl22
 lbl22 (21) : CASTORE	 Stack:-1	Consumes:[] Produces:[] sources  lbl21 targets  lbl23
 lbl23 (22) : NOP	 Stack:-1	Consumes:[] Produces:[] sources  lbl22 targets  lbl24
 lbl24 (23) : ICONST_5	 Stack:-1	Consumes:[] Produces:[] sources  lbl23 targets  lbl25
 lbl25 (24) : ISUB	 Stack:-1	Consumes:[] Produces:[] sources  lbl24 targets 
----[known stack info]------------

 lbl0 (-1) : NOP	 Stack:0	Consumes:[] Produces:[] sources  targets  lbl1
 lbl1 (0) : DADD	 Stack:0	Consumes:[null ] Produces:[] sources  lbl0 targets  lbl2
 lbl2 (1) : NOP	 Stack:-1	Consumes:[] Produces:[] sources  lbl1 targets  lbl3
 lbl3 (2) : ICONST_2	 Stack:-1	Consumes:[] Produces:[] sources  lbl2 targets  lbl4
 lbl4 (3) : IDIV	 Stack:-1	Consumes:[] Produces:[] sources  lbl3 targets  lbl5
 lbl5 (4) : DUP_X1	 Stack:-1	Consumes:[] Produces:[] sources  lbl4 targets  lbl6
 lbl6 (5) : ICONST_M1	 Stack:-1	Consumes:[] Produces:[] sources  lbl5 targets  lbl7
 lbl7 (6) : MONITORENTER	 Stack:-1	Consumes:[] Produces:[] sources  lbl6 targets  lbl8
 lbl8 (7) : NOP	 Stack:-1	Consumes:[] Produces:[] sources  lbl7 targets  lbl9
 lbl9 (8) : FCONST_0	 Stack:-1	Consumes:[] Produces:[] sources  lbl8 targets  lbl10
 lbl10 (9) : CASTORE	 Stack:-1	Consumes:[] Produces:[] sources  lbl9 targets  lbl11
 lbl11 (10) : NOP	 Stack:-1	Consumes:[] Produces:[] sources  lbl10 targets  lbl12
 lbl12 (11) : ICONST_4	 Stack:-1	Consumes:[] Produces:[] sources  lbl11 targets  lbl13
 lbl13 (12) : DADD	 Stack:-1	Consumes:[] Produces:[] sources  lbl12 targets  lbl14
 lbl14 (13) : NOP	 Stack:-1	Consumes:[] Produces:[] sources  lbl13 targets  lbl15
 lbl15 (14) : ICONST_2	 Stack:-1	Consumes:[] Produces:[] sources  lbl14 targets  lbl16
 lbl16 (15) : IDIV	 Stack:-1	Consumes:[] Produces:[] sources  lbl15 targets  lbl17
 lbl17 (16) : DUP_X1	 Stack:-1	Consumes:[] Produces:[] sources  lbl16 targets  lbl18
 lbl18 (17) : ACONST_NULL	 Stack:-1	Consumes:[] Produces:[] sources  lbl17 targets  lbl19
 lbl19 (18) : MONITORENTER	 Stack:-1	Consumes:[] Produces:[] sources  lbl18 targets  lbl20
 lbl20 (19) : NOP	 Stack:-1	Consumes:[] Produces:[] sources  lbl19 targets  lbl21
 lbl21 (20) : FCONST_0	 Stack:-1	Consumes:[] Produces:[] sources  lbl20 targets  lbl22
 lbl22 (21) : CASTORE	 Stack:-1	Consumes:[] Produces:[] sources  lbl21 targets  lbl23
 lbl23 (22) : NOP	 Stack:-1	Consumes:[] Produces:[] sources  lbl22 targets  lbl24
 lbl24 (23) : ICONST_5	 Stack:-1	Consumes:[] Produces:[] sources  lbl23 targets  lbl25
 lbl25 (24) : ISUB	 Stack:-1	Consumes:[] Produces:[] sources  lbl24 targets 
----[known stack info]------------

 lbl0 (-1) : NOP	 Stack:0	Consumes:[] Produces:[] sources  targets  lbl1
 lbl1 (0) : DADD	 Stack:0	Consumes:[null ] Produces:[] sources  lbl0 targets  lbl2
 lbl2 (1) : NOP	 Stack:-1	Consumes:[] Produces:[] sources  lbl1 targets  lbl3
 lbl3 (2) : ICONST_2	 Stack:-1	Consumes:[] Produces:[] sources  lbl2 targets  lbl4
 lbl4 (3) : IDIV	 Stack:-1	Consumes:[] Produces:[] sources  lbl3 targets  lbl5
 lbl5 (4) : DUP_X1	 Stack:-1	Consumes:[] Produces:[] sources  lbl4 targets  lbl6
 lbl6 (5) : ICONST_M1	 Stack:-1	Consumes:[] Produces:[] sources  lbl5 targets  lbl7
 lbl7 (6) : MONITORENTER	 Stack:-1	Consumes:[] Produces:[] sources  lbl6 targets  lbl8
 lbl8 (7) : NOP	 Stack:-1	Consumes:[] Produces:[] sources  lbl7 targets  lbl9
 lbl9 (8) : FCONST_0	 Stack:-1	Consumes:[] Produces:[] sources  lbl8 targets  lbl10
 lbl10 (9) : CASTORE	 Stack:-1	Consumes:[] Produces:[] sources  lbl9 targets  lbl11
 lbl11 (10) : NOP	 Stack:-1	Consumes:[] Produces:[] sources  lbl10 targets  lbl12
 lbl12 (11) : ICONST_4	 Stack:-1	Consumes:[] Produces:[] sources  lbl11 targets  lbl13
 lbl13 (12) : DADD	 Stack:-1	Consumes:[] Produces:[] sources  lbl12 targets  lbl14
 lbl14 (13) : NOP	 Stack:-1	Consumes:[] Produces:[] sources  lbl13 targets  lbl15
 lbl15 (14) : ICONST_2	 Stack:-1	Consumes:[] Produces:[] sources  lbl14 targets  lbl16
 lbl16 (15) : IDIV	 Stack:-1	Consumes:[] Produces:[] sources  lbl15 targets  lbl17
 lbl17 (16) : DUP_X1	 Stack:-1	Consumes:[] Produces:[] sources  lbl16 targets  lbl18
 lbl18 (17) : ACONST_NULL	 Stack:-1	Consumes:[] Produces:[] sources  lbl17 targets  lbl19
 lbl19 (18) : MONITORENTER	 Stack:-1	Consumes:[] Produces:[] sources  lbl18 targets  lbl20
 lbl20 (19) : NOP	 Stack:-1	Consumes:[] Produces:[] sources  lbl19 targets  lbl21
 lbl21 (20) : FCONST_0	 Stack:-1	Consumes:[] Produces:[] sources  lbl20 targets  lbl22
 lbl22 (21) : CASTORE	 Stack:-1	Consumes:[] Produces:[] sources  lbl21 targets  lbl23
 lbl23 (22) : NOP	 Stack:-1	Consumes:[] Produces:[] sources  lbl22 targets  lbl24
 lbl24 (23) : ICONST_5	 Stack:-1	Consumes:[] Produces:[] sources  lbl23 targets  lbl25
 lbl25 (24) : ISUB	 Stack:-1	Consumes:[] Produces:[] sources  lbl24 targets 
----[known stack info]------------

 lbl0 (-1) : NOP	 Stack:0	Consumes:[] Produces:[] sources  targets  lbl1
 lbl1 (0) : DADD	 Stack:0	Consumes:[null ] Produces:[] sources  lbl0 targets  lbl2
 lbl2 (1) : NOP	 Stack:-1	Consumes:[] Produces:[] sources  lbl1 targets  lbl3
 lbl3 (2) : ICONST_2	 Stack:-1	Consumes:[] Produces:[] sources  lbl2 targets  lbl4
 lbl4 (3) : IDIV	 Stack:-1	Consumes:[] Produces:[] sources  lbl3 targets  lbl5
 lbl5 (4) : DUP_X1	 Stack:-1	Consumes:[] Produces:[] sources  lbl4 targets  lbl6
 lbl6 (5) : ICONST_M1	 Stack:-1	Consumes:[] Produces:[] sources  lbl5 targets  lbl7
 lbl7 (6) : MONITORENTER	 Stack:-1	Consumes:[] Produces:[] sources  lbl6 targets  lbl8
 lbl8 (7) : NOP	 Stack:-1	Consumes:[] Produces:[] sources  lbl7 targets  lbl9
 lbl9 (8) : FCONST_0	 Stack:-1	Consumes:[] Produces:[] sources  lbl8 targets  lbl10
 lbl10 (9) : CASTORE	 Stack:-1	Consumes:[] Produces:[] sources  lbl9 targets  lbl11
 lbl11 (10) : NOP	 Stack:-1	Consumes:[] Produces:[] sources  lbl10 targets  lbl12
 lbl12 (11) : ICONST_4	 Stack:-1	Consumes:[] Produces:[] sources  lbl11 targets  lbl13
 lbl13 (12) : DADD	 Stack:-1	Consumes:[] Produces:[] sources  lbl12 targets  lbl14
 lbl14 (13) : NOP	 Stack:-1	Consumes:[] Produces:[] sources  lbl13 targets  lbl15
 lbl15 (14) : ICONST_2	 Stack:-1	Consumes:[] Produces:[] sources  lbl14 targets  lbl16
 lbl16 (15) : IDIV	 Stack:-1	Consumes:[] Produces:[] sources  lbl15 targets  lbl17
 lbl17 (16) : DUP_X1	 Stack:-1	Consumes:[] Produces:[] sources  lbl16 targets  lbl18
 lbl18 (17) : ACONST_NULL	 Stack:-1	Consumes:[] Produces:[] sources  lbl17 targets  lbl19
 lbl19 (18) : MONITORENTER	 Stack:-1	Consumes:[] Produces:[] sources  lbl18 targets  lbl20
 lbl20 (19) : NOP	 Stack:-1	Consumes:[] Produces:[] sources  lbl19 targets  lbl21
 lbl21 (20) : FCONST_0	 Stack:-1	Consumes:[] Produces:[] sources  lbl20 targets  lbl22
 lbl22 (21) : CASTORE	 Stack:-1	Consumes:[] Produces:[] sources  lbl21 targets  lbl23
 lbl23 (22) : NOP	 Stack:-1	Consumes:[] Produces:[] sources  lbl22 targets  lbl24
 lbl24 (23) : ICONST_5	 Stack:-1	Consumes:[] Produces:[] sources  lbl23 targets  lbl25
 lbl25 (24) : ISUB	 Stack:-1	Consumes:[] Produces:[] sources  lbl24 targets 
----[known stack info]------------

 lbl0 (-1) : NOP	 Stack:0	Consumes:[] Produces:[] sources  targets  lbl1
 lbl1 (0) : DADD	 Stack:0	Consumes:[null ] Produces:[] sources  lbl0 targets  lbl2
 lbl2 (1) : NOP	 Stack:-1	Consumes:[] Produces:[] sources  lbl1 targets  lbl3
 lbl3 (2) : ICONST_2	 Stack:-1	Consumes:[] Produces:[] sources  lbl2 targets  lbl4
 lbl4 (3) : IDIV	 Stack:-1	Consumes:[] Produces:[] sources  lbl3 targets  lbl5
 lbl5 (4) : DUP_X1	 Stack:-1	Consumes:[] Produces:[] sources  lbl4 targets  lbl6
 lbl6 (5) : ICONST_M1	 Stack:-1	Consumes:[] Produces:[] sources  lbl5 targets  lbl7
 lbl7 (6) : MONITORENTER	 Stack:-1	Consumes:[] Produces:[] sources  lbl6 targets  lbl8
 lbl8 (7) : NOP	 Stack:-1	Consumes:[] Produces:[] sources  lbl7 targets  lbl9
 lbl9 (8) : FCONST_0	 Stack:-1	Consumes:[] Produces:[] sources  lbl8 targets  lbl10
 lbl10 (9) : CASTORE	 Stack:-1	Consumes:[] Produces:[] sources  lbl9 targets  lbl11
 lbl11 (10) : NOP	 Stack:-1	Consumes:[] Produces:[] sources  lbl10 targets  lbl12
 lbl12 (11) : ICONST_4	 Stack:-1	Consumes:[] Produces:[] sources  lbl11 targets  lbl13
 lbl13 (12) : DADD	 Stack:-1	Consumes:[] Produces:[] sources  lbl12 targets  lbl14
 lbl14 (13) : NOP	 Stack:-1	Consumes:[] Produces:[] sources  lbl13 targets  lbl15
 lbl15 (14) : ICONST_2	 Stack:-1	Consumes:[] Produces:[] sources  lbl14 targets  lbl16
 lbl16 (15) : IDIV	 Stack:-1	Consumes:[] Produces:[] sources  lbl15 targets  lbl17
 lbl17 (16) : DUP_X1	 Stack:-1	Consumes:[] Produces:[] sources  lbl16 targets  lbl18
 lbl18 (17) : ACONST_NULL	 Stack:-1	Consumes:[] Produces:[] sources  lbl17 targets  lbl19
 lbl19 (18) : MONITORENTER	 Stack:-1	Consumes:[] Produces:[] sources  lbl18 targets  lbl20
 lbl20 (19) : NOP	 Stack:-1	Consumes:[] Produces:[] sources  lbl19 targets  lbl21
 lbl21 (20) : FCONST_0	 Stack:-1	Consumes:[] Produces:[] sources  lbl20 targets  lbl22
 lbl22 (21) : CASTORE	 Stack:-1	Consumes:[] Produces:[] sources  lbl21 targets  lbl23
 lbl23 (22) : NOP	 Stack:-1	Consumes:[] Produces:[] sources  lbl22 targets  lbl24
 lbl24 (23) : ICONST_5	 Stack:-1	Consumes:[] Produces:[] sources  lbl23 targets  lbl25
 lbl25 (24) : ISUB	 Stack:-1	Consumes:[] Produces:[] sources  lbl24 targets 
----[known stack info]------------

 lbl0 (-1) : NOP	 Stack:0	Consumes:[] Produces:[] sources  targets  lbl1
 lbl1 (0) : DADD	 Stack:0	Consumes:[null ] Produces:[] sources  lbl0 targets  lbl2
 lbl2 (1) : NOP	 Stack:-1	Consumes:[] Produces:[] sources  lbl1 targets  lbl3
 lbl3 (2) : ICONST_2	 Stack:-1	Consumes:[] Produces:[] sources  lbl2 targets  lbl4
 lbl4 (3) : IDIV	 Stack:-1	Consumes:[] Produces:[] sources  lbl3 targets  lbl5
 lbl5 (4) : DUP_X1	 Stack:-1	Consumes:[] Produces:[] sources  lbl4 targets  lbl6
 lbl6 (5) : ICONST_M1	 Stack:-1	Consumes:[] Produces:[] sources  lbl5 targets  lbl7
 lbl7 (6) : MONITORENTER	 Stack:-1	Consumes:[] Produces:[] sources  lbl6 targets  lbl8
 lbl8 (7) : NOP	 Stack:-1	Consumes:[] Produces:[] sources  lbl7 targets  lbl9
 lbl9 (8) : FCONST_0	 Stack:-1	Consumes:[] Produces:[] sources  lbl8 targets  lbl10
 lbl10 (9) : CASTORE	 Stack:-1	Consumes:[] Produces:[] sources  lbl9 targets  lbl11
 lbl11 (10) : NOP	 Stack:-1	Consumes:[] Produces:[] sources  lbl10 targets  lbl12
 lbl12 (11) : ICONST_4	 Stack:-1	Consumes:[] Produces:[] sources  lbl11 targets  lbl13
 lbl13 (12) : DADD	 Stack:-1	Consumes:[] Produces:[] sources  lbl12 targets  lbl14
 lbl14 (13) : NOP	 Stack:-1	Consumes:[] Produces:[] sources  lbl13 targets  lbl15
 lbl15 (14) : ICONST_2	 Stack:-1	Consumes:[] Produces:[] sources  lbl14 targets  lbl16
 lbl16 (15) : IDIV	 Stack:-1	Consumes:[] Produces:[] sources  lbl15 targets  lbl17
 lbl17 (16) : DUP_X1	 Stack:-1	Consumes:[] Produces:[] sources  lbl16 targets  lbl18
 lbl18 (17) : ACONST_NULL	 Stack:-1	Consumes:[] Produces:[] sources  lbl17 targets  lbl19
 lbl19 (18) : MONITORENTER	 Stack:-1	Consumes:[] Produces:[] sources  lbl18 targets  lbl20
 lbl20 (19) : NOP	 Stack:-1	Consumes:[] Produces:[] sources  lbl19 targets  lbl21
 lbl21 (20) : FCONST_0	 Stack:-1	Consumes:[] Produces:[] sources  lbl20 targets  lbl22
 lbl22 (21) : CASTORE	 Stack:-1	Consumes:[] Produces:[] sources  lbl21 targets  lbl23
 lbl23 (22) : NOP	 Stack:-1	Consumes:[] Produces:[] sources  lbl22 targets  lbl24
 lbl24 (23) : ICONST_5	 Stack:-1	Consumes:[] Produces:[] sources  lbl23 targets  lbl25
 lbl25 (24) : ISUB	 Stack:-1	Consumes:[] Produces:[] sources  lbl24 targets 
----[known stack info]------------

 lbl0 (-1) : NOP	 Stack:0	Consumes:[] Produces:[] sources  targets  lbl1
 lbl1 (0) : LSTORE_0	 Stack:0	Consumes:[null ] Produces:[] sources  lbl0 targets  lbl2
 lbl2 (1) : LSTORE_1	 Stack:-1	Consumes:[] Produces:[] sources  lbl1 targets  lbl3
 lbl3 (2) : IFEQ	 Stack:-1	Consumes:[] Produces:[] sources  lbl2 targets  lbl4 lbl20
 lbl4 (5) : LSTORE_0	 Stack:-1	Consumes:[] Produces:[] sources  lbl3 targets  lbl5
 lbl5 (6) : ICONST_0	 Stack:-1	Consumes:[] Produces:[] sources  lbl4 targets  lbl6
 lbl6 (7) : ICONST_0	 Stack:-1	Consumes:[] Produces:[] sources  lbl5 targets  lbl7
 lbl7 (8) : ICONST_0	 Stack:-1	Consumes:[] Produces:[] sources  lbl6 targets  lbl8
 lbl8 (9) : ICONST_0	 Stack:-1	Consumes:[] Produces:[] sources  lbl7 targets  lbl9
 lbl9 (10) : MONITORENTER	 Stack:-1	Consumes:[] Produces:[] sources  lbl8 targets  lbl10
 lbl10 (11) : NOP	 Stack:-1	Consumes:[] Produces:[] sources  lbl9 targets  lbl11
 lbl11 (12) : DSTORE	 Stack:-1	Consumes:[] Produces:[] sources  lbl10 targets  lbl12
 lbl12 (14) : DADD	 Stack:-1	Consumes:[] Produces:[] sources  lbl11 targets  lbl13
 lbl13 (15) : NOP	 Stack:-1	Consumes:[] Produces:[] sources  lbl12 targets  lbl14
 lbl14 (16) : ALOAD	 Stack:-1	Consumes:[] Produces:[] sources  lbl13 targets  lbl15
 lbl15 (18) : MONITORENTER	 Stack:-1	Consumes:[] Produces:[] sources  lbl14 targets  lbl16
 lbl16 (19) : NOP	 Stack:-1	Consumes:[] Produces:[] sources  lbl15 targets  lbl17
 lbl17 (20) : DSUB	 Stack:-1	Consumes:[] Produces:[] sources  lbl16 targets  lbl18
 lbl18 (21) : IFEQ	 Stack:-1	Consumes:[] Produces:[] sources  lbl17 targets  lbl19 lbl21
 lbl19 (24) : ISUB	 Stack:-1	Consumes:[] Produces:[] sources  lbl18 targets  lbl20
 lbl20 (51) : NOP	 Stack:-1	Consumes:[] Produces:[] sources  lbl3 lbl19 targets  lbl21
 lbl21 (69) : NOP	 Stack:-1	Consumes:[] Produces:[] sources  lbl18 lbl20 targets 
----[known stack info]------------

 lbl0 (-1) : NOP	 Stack:0	Consumes:[] Produces:[] sources  targets  lbl1
 lbl1 (0) : LSTORE_0	 Stack:0	Consumes:[null ] Produces:[] sources  lbl0 targets  lbl2
 lbl2 (1) : LSTORE_1	 Stack:-1	Consumes:[] Produces:[] sources  lbl1 targets  lbl3
 lbl3 (2) : IFEQ	 Stack:-1	Consumes:[] Produces:[] sources  lbl2 targets  lbl4 lbl20
 lbl4 (5) : LSTORE_0	 Stack:-1	Consumes:[] Produces:[] sources  lbl3 targets  lbl5
 lbl5 (6) : ICONST_0	 Stack:-1	Consumes:[] Produces:[] sources  lbl4 targets  lbl6
 lbl6 (7) : ICONST_0	 Stack:-1	Consumes:[] Produces:[] sources  lbl5 targets  lbl7
 lbl7 (8) : ICONST_0	 Stack:-1	Consumes:[] Produces:[] sources  lbl6 targets  lbl8
 lbl8 (9) : ICONST_0	 Stack:-1	Consumes:[] Produces:[] sources  lbl7 targets  lbl9
 lbl9 (10) : MONITORENTER	 Stack:-1	Consumes:[] Produces:[] sources  lbl8 targets  lbl10
 lbl10 (11) : NOP	 Stack:-1	Consumes:[] Produces:[] sources  lbl9 targets  lbl11
 lbl11 (12) : DSTORE	 Stack:-1	Consumes:[] Produces:[] sources  lbl10 targets  lbl12
 lbl12 (14) : DADD	 Stack:-1	Consumes:[] Produces:[] sources  lbl11 targets  lbl13
 lbl13 (15) : NOP	 Stack:-1	Consumes:[] Produces:[] sources  lbl12 targets  lbl14
 lbl14 (16) : ALOAD	 Stack:-1	Consumes:[] Produces:[] sources  lbl13 targets  lbl15
 lbl15 (18) : MONITORENTER	 Stack:-1	Consumes:[] Produces:[] sources  lbl14 targets  lbl16
 lbl16 (19) : NOP	 Stack:-1	Consumes:[] Produces:[] sources  lbl15 targets  lbl17
 lbl17 (20) : DSUB	 Stack:-1	Consumes:[] Produces:[] sources  lbl16 targets  lbl18
 lbl18 (21) : IFEQ	 Stack:-1	Consumes:[] Produces:[] sources  lbl17 targets  lbl19 lbl21
 lbl19 (24) : ISUB	 Stack:-1	Consumes:[] Produces:[] sources  lbl18 targets  lbl20
 lbl20 (51) : NOP	 Stack:-1	Consumes:[] Produces:[] sources  lbl3 lbl19 targets  lbl21
 lbl21 (69) : NOP	 Stack:-1	Consumes:[] Produces:[] sources  lbl18 lbl20 targets 
----[known stack info]------------

 lbl0 (-1) : NOP	 Stack:0	Consumes:[] Produces:[] sources  targets  lbl1
 lbl1 (0) : LSTORE_0	 Stack:0	Consumes:[null ] Produces:[] sources  lbl0 targets  lbl2
 lbl2 (1) : LSTORE_1	 Stack:-1	Consumes:[] Produces:[] sources  lbl1 targets  lbl3
 lbl3 (2) : IFEQ	 Stack:-1	Consumes:[] Produces:[] sources  lbl2 targets  lbl4 lbl20
 lbl4 (5) : LSTORE_0	 Stack:-1	Consumes:[] Produces:[] sources  lbl3 targets  lbl5
 lbl5 (6) : ICONST_0	 Stack:-1	Consumes:[] Produces:[] sources  lbl4 targets  lbl6
 lbl6 (7) : ICONST_0	 Stack:-1	Consumes:[] Produces:[] sources  lbl5 targets  lbl7
 lbl7 (8) : ICONST_0	 Stack:-1	Consumes:[] Produces:[] sources  lbl6 targets  lbl8
 lbl8 (9) : ICONST_0	 Stack:-1	Consumes:[] Produces:[] sources  lbl7 targets  lbl9
 lbl9 (10) : MONITORENTER	 Stack:-1	Consumes:[] Produces:[] sources  lbl8 targets  lbl10
 lbl10 (11) : NOP	 Stack:-1	Consumes:[] Produces:[] sources  lbl9 targets  lbl11
 lbl11 (12) : DSTORE	 Stack:-1	Consumes:[] Produces:[] sources  lbl10 targets  lbl12
 lbl12 (14) : DADD	 Stack:-1	Consumes:[] Produces:[] sources  lbl11 targets  lbl13
 lbl13 (15) : NOP	 Stack:-1	Consumes:[] Produces:[] sources  lbl12 targets  lbl14
 lbl14 (16) : ALOAD	 Stack:-1	Consumes:[] Produces:[] sources  lbl13 targets  lbl15
 lbl15 (18) : MONITORENTER	 Stack:-1	Consumes:[] Produces:[] sources  lbl14 targets  lbl16
 lbl16 (19) : NOP	 Stack:-1	Consumes:[] Produces:[] sources  lbl15 targets  lbl17
 lbl17 (20) : DSUB	 Stack:-1	Consumes:[] Produces:[] sources  lbl16 targets  lbl18
 lbl18 (21) : IFEQ	 Stack:-1	Consumes:[] Produces:[] sources  lbl17 targets  lbl19 lbl21
 lbl19 (24) : ISUB	 Stack:-1	Consumes:[] Produces:[] sources  lbl18 targets  lbl20
 lbl20 (51) : NOP	 Stack:-1	Consumes:[] Produces:[] sources  lbl3 lbl19 targets  lbl21
 lbl21 (69) : NOP	 Stack:-1	Consumes:[] Produces:[] sources  lbl18 lbl20 targets 
----[known stack info]------------

 lbl0 (-1) : NOP	 Stack:0	Consumes:[] Produces:[] sources  targets  lbl1
 lbl1 (0) : LSTORE_0	 Stack:0	Consumes:[null ] Produces:[] sources  lbl0 targets  lbl2
 lbl2 (1) : LSTORE_1	 Stack:-1	Consumes:[] Produces:[] sources  lbl1 targets  lbl3
 lbl3 (2) : IFEQ	 Stack:-1	Consumes:[] Produces:[] sources  lbl2 targets  lbl4 lbl20
 lbl4 (5) : LSTORE_0	 Stack:-1	Consumes:[] Produces:[] sources  lbl3 targets  lbl5
 lbl5 (6) : ICONST_0	 Stack:-1	Consumes:[] Produces:[] sources  lbl4 targets  lbl6
 lbl6 (7) : ICONST_0	 Stack:-1	Consumes:[] Produces:[] sources  lbl5 targets  lbl7
 lbl7 (8) : ICONST_0	 Stack:-1	Consumes:[] Produces:[] sources  lbl6 targets  lbl8
 lbl8 (9) : ICONST_0	 Stack:-1	Consumes:[] Produces:[] sources  lbl7 targets  lbl9
 lbl9 (10) : MONITORENTER	 Stack:-1	Consumes:[] Produces:[] sources  lbl8 targets  lbl10
 lbl10 (11) : NOP	 Stack:-1	Consumes:[] Produces:[] sources  lbl9 targets  lbl11
 lbl11 (12) : DSTORE	 Stack:-1	Consumes:[] Produces:[] sources  lbl10 targets  lbl12
 lbl12 (14) : DADD	 Stack:-1	Consumes:[] Produces:[] sources  lbl11 targets  lbl13
 lbl13 (15) : NOP	 Stack:-1	Consumes:[] Produces:[] sources  lbl12 targets  lbl14
 lbl14 (16) : ALOAD	 Stack:-1	Consumes:[] Produces:[] sources  lbl13 targets  lbl15
 lbl15 (18) : MONITORENTER	 Stack:-1	Consumes:[] Produces:[] sources  lbl14 targets  lbl16
 lbl16 (19) : NOP	 Stack:-1	Consumes:[] Produces:[] sources  lbl15 targets  lbl17
 lbl17 (20) : DSUB	 Stack:-1	Consumes:[] Produces:[] sources  lbl16 targets  lbl18
 lbl18 (21) : IFEQ	 Stack:-1	Consumes:[] Produces:[] sources  lbl17 targets  lbl19 lbl21
 lbl19 (24) : ISUB	 Stack:-1	Consumes:[] Produces:[] sources  lbl18 targets  lbl20
 lbl20 (51) : NOP	 Stack:-1	Consumes:[] Produces:[] sources  lbl3 lbl19 targets  lbl21
 lbl21 (69) : NOP	 Stack:-1	Consumes:[] Produces:[] sources  lbl18 lbl20 targets 
----[known stack info]------------

 lbl0 (-1) : NOP	 Stack:0	Consumes:[] Produces:[] sources  targets  lbl1
 lbl1 (0) : LSTORE_0	 Stack:0	Consumes:[null ] Produces:[] sources  lbl0 targets  lbl2
 lbl2 (1) : LSTORE_1	 Stack:-1	Consumes:[] Produces:[] sources  lbl1 targets  lbl3
 lbl3 (2) : IFEQ	 Stack:-1	Consumes:[] Produces:[] sources  lbl2 targets  lbl4 lbl20
 lbl4 (5) : LSTORE_0	 Stack:-1	Consumes:[] Produces:[] sources  lbl3 targets  lbl5
 lbl5 (6) : ICONST_0	 Stack:-1	Consumes:[] Produces:[] sources  lbl4 targets  lbl6
 lbl6 (7) : ICONST_0	 Stack:-1	Consumes:[] Produces:[] sources  lbl5 targets  lbl7
 lbl7 (8) : ICONST_0	 Stack:-1	Consumes:[] Produces:[] sources  lbl6 targets  lbl8
 lbl8 (9) : ICONST_0	 Stack:-1	Consumes:[] Produces:[] sources  lbl7 targets  lbl9
 lbl9 (10) : MONITORENTER	 Stack:-1	Consumes:[] Produces:[] sources  lbl8 targets  lbl10
 lbl10 (11) : NOP	 Stack:-1	Consumes:[] Produces:[] sources  lbl9 targets  lbl11
 lbl11 (12) : DSTORE	 Stack:-1	Consumes:[] Produces:[] sources  lbl10 targets  lbl12
 lbl12 (14) : DADD	 Stack:-1	Consumes:[] Produces:[] sources  lbl11 targets  lbl13
 lbl13 (15) : NOP	 Stack:-1	Consumes:[] Produces:[] sources  lbl12 targets  lbl14
 lbl14 (16) : ALOAD	 Stack:-1	Consumes:[] Produces:[] sources  lbl13 targets  lbl15
 lbl15 (18) : MONITORENTER	 Stack:-1	Consumes:[] Produces:[] sources  lbl14 targets  lbl16
 lbl16 (19) : NOP	 Stack:-1	Consumes:[] Produces:[] sources  lbl15 targets  lbl17
 lbl17 (20) : DSUB	 Stack:-1	Consumes:[] Produces:[] sources  lbl16 targets  lbl18
 lbl18 (21) : IFEQ	 Stack:-1	Consumes:[] Produces:[] sources  lbl17 targets  lbl19 lbl21
 lbl19 (24) : ISUB	 Stack:-1	Consumes:[] Produces:[] sources  lbl18 targets  lbl20
 lbl20 (51) : NOP	 Stack:-1	Consumes:[] Produces:[] sources  lbl3 lbl19 targets  lbl21
 lbl21 (69) : NOP	 Stack:-1	Consumes:[] Produces:[] sources  lbl18 lbl20 targets 
----[known stack info]------------

 lbl0 (-1) : NOP	 Stack:0	Consumes:[] Produces:[] sources  targets  lbl1
 lbl1 (0) : LSTORE_0	 Stack:0	Consumes:[null ] Produces:[] sources  lbl0 targets  lbl2
 lbl2 (1) : LSTORE_1	 Stack:-1	Consumes:[] Produces:[] sources  lbl1 targets  lbl3
 lbl3 (2) : IFEQ	 Stack:-1	Consumes:[] Produces:[] sources  lbl2 targets  lbl4 lbl20
 lbl4 (5) : LSTORE_0	 Stack:-1	Consumes:[] Produces:[] sources  lbl3 targets  lbl5
 lbl5 (6) : ICONST_0	 Stack:-1	Consumes:[] Produces:[] sources  lbl4 targets  lbl6
 lbl6 (7) : ICONST_0	 Stack:-1	Consumes:[] Produces:[] sources  lbl5 targets  lbl7
 lbl7 (8) : ICONST_0	 Stack:-1	Consumes:[] Produces:[] sources  lbl6 targets  lbl8
 lbl8 (9) : ICONST_0	 Stack:-1	Consumes:[] Produces:[] sources  lbl7 targets  lbl9
 lbl9 (10) : MONITORENTER	 Stack:-1	Consumes:[] Produces:[] sources  lbl8 targets  lbl10
 lbl10 (11) : NOP	 Stack:-1	Consumes:[] Produces:[] sources  lbl9 targets  lbl11
 lbl11 (12) : DSTORE	 Stack:-1	Consumes:[] Produces:[] sources  lbl10 targets  lbl12
 lbl12 (14) : DADD	 Stack:-1	Consumes:[] Produces:[] sources  lbl11 targets  lbl13
 lbl13 (15) : NOP	 Stack:-1	Consumes:[] Produces:[] sources  lbl12 targets  lbl14
 lbl14 (16) : ALOAD	 Stack:-1	Consumes:[] Produces:[] sources  lbl13 targets  lbl15
 lbl15 (18) : MONITORENTER	 Stack:-1	Consumes:[] Produces:[] sources  lbl14 targets  lbl16
 lbl16 (19) : NOP	 Stack:-1	Consumes:[] Produces:[] sources  lbl15 targets  lbl17
 lbl17 (20) : DSUB	 Stack:-1	Consumes:[] Produces:[] sources  lbl16 targets  lbl18
 lbl18 (21) : IFEQ	 Stack:-1	Consumes:[] Produces:[] sources  lbl17 targets  lbl19 lbl21
 lbl19 (24) : ISUB	 Stack:-1	Consumes:[] Produces:[] sources  lbl18 targets  lbl20
 lbl20 (51) : NOP	 Stack:-1	Consumes:[] Produces:[] sources  lbl3 lbl19 targets  lbl21
 lbl21 (69) : NOP	 Stack:-1	Consumes:[] Produces:[] sources  lbl18 lbl20 targets 
----[known stack info]------------

 lbl0 (-1) : NOP	 Stack:0	Consumes:[] Produces:[] sources  targets  lbl1
 lbl1 (0) : LSTORE_0	 Stack:0	Consumes:[null ] Produces:[] sources  lbl0 targets  lbl2
 lbl2 (1) : LSTORE_1	 Stack:-1	Consumes:[] Produces:[] sources  lbl1 targets  lbl3
 lbl3 (2) : IFEQ	 Stack:-1	Consumes:[] Produces:[] sources  lbl2 targets  lbl4 lbl20
 lbl4 (5) : LSTORE_0	 Stack:-1	Consumes:[] Produces:[] sources  lbl3 targets  lbl5
 lbl5 (6) : ICONST_0	 Stack:-1	Consumes:[] Produces:[] sources  lbl4 targets  lbl6
 lbl6 (7) : ICONST_0	 Stack:-1	Consumes:[] Produces:[] sources  lbl5 targets  lbl7
 lbl7 (8) : ICONST_0	 Stack:-1	Consumes:[] Produces:[] sources  lbl6 targets  lbl8
 lbl8 (9) : ICONST_0	 Stack:-1	Consumes:[] Produces:[] sources  lbl7 targets  lbl9
 lbl9 (10) : MONITORENTER	 Stack:-1	Consumes:[] Produces:[] sources  lbl8 targets  lbl10
 lbl10 (11) : NOP	 Stack:-1	Consumes:[] Produces:[] sources  lbl9 targets  lbl11
 lbl11 (12) : DSTORE	 Stack:-1	Consumes:[] Produces:[] sources  lbl10 targets  lbl12
 lbl12 (14) : DADD	 Stack:-1	Consumes:[] Produces:[] sources  lbl11 targets  lbl13
 lbl13 (15) : NOP	 Stack:-1	Consumes:[] Produces:[] sources  lbl12 targets  lbl14
 lbl14 (16) : ALOAD	 Stack:-1	Consumes:[] Produces:[] sources  lbl13 targets  lbl15
 lbl15 (18) : MONITORENTER	 Stack:-1	Consumes:[] Produces:[] sources  lbl14 targets  lbl16
 lbl16 (19) : NOP	 Stack:-1	Consumes:[] Produces:[] sources  lbl15 targets  lbl17
 lbl17 (20) : DSUB	 Stack:-1	Consumes:[] Produces:[] sources  lbl16 targets  lbl18
 lbl18 (21) : IFEQ	 Stack:-1	Consumes:[] Produces:[] sources  lbl17 targets  lbl19 lbl21
 lbl19 (24) : ISUB	 Stack:-1	Consumes:[] Produces:[] sources  lbl18 targets  lbl20
 lbl20 (51) : NOP	 Stack:-1	Consumes:[] Produces:[] sources  lbl3 lbl19 targets  lbl21
 lbl21 (69) : NOP	 Stack:-1	Consumes:[] Produces:[] sources  lbl18 lbl20 targets 
----[known stack info]------------

 lbl0 (-1) : NOP	 Stack:0	Consumes:[] Produces:[] sources  targets  lbl1
 lbl1 (0) : LSTORE_0	 Stack:0	Consumes:[null ] Produces:[] sources  lbl0 targets  lbl2
 lbl2 (1) : LSTORE_1	 Stack:-1	Consumes:[] Produces:[] sources  lbl1 targets  lbl3
 lbl3 (2) : IFEQ	 Stack:-1	Consumes:[] Produces:[] sources  lbl2 targets  lbl4 lbl20
 lbl4 (5) : LSTORE_0	 Stack:-1	Consumes:[] Produces:[] sources  lbl3 targets  lbl5
 lbl5 (6) : ICONST_0	 Stack:-1	Consumes:[] Produces:[] sources  lbl4 targets  lbl6
 lbl6 (7) : ICONST_0	 Stack:-1	Consumes:[] Produces:[] sources  lbl5 targets  lbl7
 lbl7 (8) : ICONST_0	 Stack:-1	Consumes:[] Produces:[] sources  lbl6 targets  lbl8
 lbl8 (9) : ICONST_0	 Stack:-1	Consumes:[] Produces:[] sources  lbl7 targets  lbl9
 lbl9 (10) : MONITORENTER	 Stack:-1	Consumes:[] Produces:[] sources  lbl8 targets  lbl10
 lbl10 (11) : NOP	 Stack:-1	Consumes:[] Produces:[] sources  lbl9 targets  lbl11
 lbl11 (12) : DSTORE	 Stack:-1	Consumes:[] Produces:[] sources  lbl10 targets  lbl12
 lbl12 (14) : DADD	 Stack:-1	Consumes:[] Produces:[] sources  lbl11 targets  lbl13
 lbl13 (15) : NOP	 Stack:-1	Consumes:[] Produces:[] sources  lbl12 targets  lbl14
 lbl14 (16) : ALOAD	 Stack:-1	Consumes:[] Produces:[] sources  lbl13 targets  lbl15
 lbl15 (18) : MONITORENTER	 Stack:-1	Consumes:[] Produces:[] sources  lbl14 targets  lbl16
 lbl16 (19) : NOP	 Stack:-1	Consumes:[] Produces:[] sources  lbl15 targets  lbl17
 lbl17 (20) : DSUB	 Stack:-1	Consumes:[] Produces:[] sources  lbl16 targets  lbl18
 lbl18 (21) : IFEQ	 Stack:-1	Consumes:[] Produces:[] sources  lbl17 targets  lbl19 lbl21
 lbl19 (24) : ISUB	 Stack:-1	Consumes:[] Produces:[] sources  lbl18 targets  lbl20
 lbl20 (51) : NOP	 Stack:-1	Consumes:[] Produces:[] sources  lbl3 lbl19 targets  lbl21
 lbl21 (69) : NOP	 Stack:-1	Consumes:[] Produces:[] sources  lbl18 lbl20 targets 
----[known stack info]------------

 lbl0 (-1) : NOP	 Stack:0	Consumes:[] Produces:[] sources  targets  lbl1
 lbl1 (0) : LSTORE_0	 Stack:0	Consumes:[null ] Produces:[] sources  lbl0 targets  lbl2
 lbl2 (1) : LSTORE_1	 Stack:-1	Consumes:[] Produces:[] sources  lbl1 targets  lbl3
 lbl3 (2) : IFEQ	 Stack:-1	Consumes:[] Produces:[] sources  lbl2 targets  lbl4 lbl20
 lbl4 (5) : LSTORE_0	 Stack:-1	Consumes:[] Produces:[] sources  lbl3 targets  lbl5
 lbl5 (6) : ICONST_0	 Stack:-1	Consumes:[] Produces:[] sources  lbl4 targets  lbl6
 lbl6 (7) : ICONST_0	 Stack:-1	Consumes:[] Produces:[] sources  lbl5 targets  lbl7
 lbl7 (8) : ICONST_0	 Stack:-1	Consumes:[] Produces:[] sources  lbl6 targets  lbl8
 lbl8 (9) : ICONST_0	 Stack:-1	Consumes:[] Produces:[] sources  lbl7 targets  lbl9
 lbl9 (10) : MONITORENTER	 Stack:-1	Consumes:[] Produces:[] sources  lbl8 targets  lbl10
 lbl10 (11) : NOP	 Stack:-1	Consumes:[] Produces:[] sources  lbl9 targets  lbl11
 lbl11 (12) : DSTORE	 Stack:-1	Consumes:[] Produces:[] sources  lbl10 targets  lbl12
 lbl12 (14) : DADD	 Stack:-1	Consumes:[] Produces:[] sources  lbl11 targets  lbl13
 lbl13 (15) : NOP	 Stack:-1	Consumes:[] Produces:[] sources  lbl12 targets  lbl14
 lbl14 (16) : ALOAD	 Stack:-1	Consumes:[] Produces:[] sources  lbl13 targets  lbl15
 lbl15 (18) : MONITORENTER	 Stack:-1	Consumes:[] Produces:[] sources  lbl14 targets  lbl16
 lbl16 (19) : NOP	 Stack:-1	Consumes:[] Produces:[] sources  lbl15 targets  lbl17
 lbl17 (20) : DSUB	 Stack:-1	Consumes:[] Produces:[] sources  lbl16 targets  lbl18
 lbl18 (21) : IFEQ	 Stack:-1	Consumes:[] Produces:[] sources  lbl17 targets  lbl19 lbl21
 lbl19 (24) : ISUB	 Stack:-1	Consumes:[] Produces:[] sources  lbl18 targets  lbl20
 lbl20 (51) : NOP	 Stack:-1	Consumes:[] Produces:[] sources  lbl3 lbl19 targets  lbl21
 lbl21 (69) : NOP	 Stack:-1	Consumes:[] Produces:[] sources  lbl18 lbl20 targets 
----[known stack info]------------

 lbl0 (-1) : NOP	 Stack:0	Consumes:[] Produces:[] sources  targets  lbl1
 lbl1 (0) : LSTORE_0	 Stack:0	Consumes:[null ] Produces:[] sources  lbl0 targets  lbl2
 lbl2 (1) : LSTORE_1	 Stack:-1	Consumes:[] Produces:[] sources  lbl1 targets  lbl3
 lbl3 (2) : IFEQ	 Stack:-1	Consumes:[] Produces:[] sources  lbl2 targets  lbl4 lbl20
 lbl4 (5) : LSTORE_0	 Stack:-1	Consumes:[] Produces:[] sources  lbl3 targets  lbl5
 lbl5 (6) : ICONST_0	 Stack:-1	Consumes:[] Produces:[] sources  lbl4 targets  lbl6
 lbl6 (7) : ICONST_0	 Stack:-1	Consumes:[] Produces:[] sources  lbl5 targets  lbl7
 lbl7 (8) : ICONST_0	 Stack:-1	Consumes:[] Produces:[] sources  lbl6 targets  lbl8
 lbl8 (9) : ICONST_0	 Stack:-1	Consumes:[] Produces:[] sources  lbl7 targets  lbl9
 lbl9 (10) : MONITORENTER	 Stack:-1	Consumes:[] Produces:[] sources  lbl8 targets  lbl10
 lbl10 (11) : NOP	 Stack:-1	Consumes:[] Produces:[] sources  lbl9 targets  lbl11
 lbl11 (12) : DSTORE	 Stack:-1	Consumes:[] Produces:[] sources  lbl10 targets  lbl12
 lbl12 (14) : DADD	 Stack:-1	Consumes:[] Produces:[] sources  lbl11 targets  lbl13
 lbl13 (15) : NOP	 Stack:-1	Consumes:[] Produces:[] sources  lbl12 targets  lbl14
 lbl14 (16) : ALOAD	 Stack:-1	Consumes:[] Produces:[] sources  lbl13 targets  lbl15
 lbl15 (18) : MONITORENTER	 Stack:-1	Consumes:[] Produces:[] sources  lbl14 targets  lbl16
 lbl16 (19) : NOP	 Stack:-1	Consumes:[] Produces:[] sources  lbl15 targets  lbl17
 lbl17 (20) : DSUB	 Stack:-1	Consumes:[] Produces:[] sources  lbl16 targets  lbl18
 lbl18 (21) : IFEQ	 Stack:-1	Consumes:[] Produces:[] sources  lbl17 targets  lbl19 lbl21
 lbl19 (24) : ISUB	 Stack:-1	Consumes:[] Produces:[] sources  lbl18 targets  lbl20
 lbl20 (51) : NOP	 Stack:-1	Consumes:[] Produces:[] sources  lbl3 lbl19 targets  lbl21
 lbl21 (69) : NOP	 Stack:-1	Consumes:[] Produces:[] sources  lbl18 lbl20 targets 
----[known stack info]------------

 lbl0 (-1) : NOP	 Stack:0	Consumes:[] Produces:[] sources  targets  lbl1
 lbl1 (0) : LSTORE_0	 Stack:0	Consumes:[null ] Produces:[] sources  lbl0 targets  lbl2
 lbl2 (1) : LSTORE_1	 Stack:-1	Consumes:[] Produces:[] sources  lbl1 targets  lbl3
 lbl3 (2) : MONITORENTER	 Stack:-1	Consumes:[] Produces:[] sources  lbl2 targets  lbl4
 lbl4 (3) : NOP	 Stack:-1	Consumes:[] Produces:[] sources  lbl3 targets  lbl5
 lbl5 (4) : ISTORE_2	 Stack:-1	Consumes:[] Produces:[] sources  lbl4 targets  lbl6
 lbl6 (5) : LSTORE_0	 Stack:-1	Consumes:[] Produces:[] sources  lbl5 targets  lbl7
 lbl7 (6) : ISHL	 Stack:-1	Consumes:[] Produces:[] sources  lbl6 targets  lbl8
 lbl8 (7) : NOP	 Stack:-1	Consumes:[] Produces:[] sources  lbl7 targets  lbl9
 lbl9 (8) : DALOAD	 Stack:-1	Consumes:[] Produces:[] sources  lbl8 targets  lbl10
 lbl10 (9) : IF_ICMPLE	 Stack:-1	Consumes:[] Produces:[] sources  lbl9 targets  lbl11 lbl73
 lbl11 (12) : ISHL	 Stack:-1	Consumes:[] Produces:[] sources  lbl10 targets  lbl12
 lbl12 (13) : NOP	 Stack:-1	Consumes:[] Produces:[] sources  lbl11 targets  lbl13
 lbl13 (14) : AALOAD	 Stack:-1	Consumes:[] Produces:[] sources  lbl12 targets  lbl14
 lbl14 (15) : RETURN	 Stack:-1	Consumes:[] Produces:[] sources  lbl13 targets 
 lbl15 (16) : NOP	 Stack:-1	Consumes:[] Produces:[] sources  targets  lbl16
 lbl16 (17) : FMUL	 Stack:-1	Consumes:[] Produces:[] sources  lbl15 targets  lbl17
 lbl17 (18) : LLOAD_2	 Stack:-1	Consumes:[] Produces:[] sources  lbl16 targets  lbl18
 lbl18 (19) : LSTORE_2	 Stack:-1	Consumes:[] Produces:[] sources  lbl17 lbl42 targets  lbl19
 lbl19 (20) : LCMP	 Stack:-1	Consumes:[] Produces:[] sources  lbl18 targets  lbl20
 lbl20 (21) : NOP	 Stack:-1	Consumes:[] Produces:[] sources  lbl19 targets  lbl21
 lbl21 (22) : INEG	 Stack:-1	Consumes:[] Produces:[] sources  lbl20 targets  lbl22
 lbl22 (23) : ACONST_NULL	 Stack:-1	Consumes:[] Produces:[] sources  lbl21 targets  lbl23
 lbl23 (24) : NOP	 Stack:-1	Consumes:[] Produces:[] sources  lbl22 targets  lbl24
 lbl24 (25) : IALOAD	 Stack:-1	Consumes:[] Produces:[] sources  lbl23 targets  lbl25
 lbl25 (26) : NOP	 Stack:-1	Consumes:[] Produces:[] sources  lbl24 targets  lbl26
 lbl26 (27) : ALOAD	 Stack:-1	Consumes:[] Produces:[] sources  lbl25 targets  lbl27
 lbl27 (29) : LCMP	 Stack:-1	Consumes:[] Produces:[] sources  lbl26 targets  lbl28
 lbl28 (30) : NOP	 Stack:-1	Consumes:[] Produces:[] sources  lbl27 targets  lbl29
 lbl29 (31) : LNEG	 Stack:-1	Consumes:[] Produces:[] sources  lbl28 targets  lbl30
 lbl30 (32) : ACONST_NULL	 Stack:-1	Consumes:[] Produces:[] sources  lbl29 targets  lbl31
 lbl31 (33) : NOP	 Stack:-1	Consumes:[] Produces:[] sources  lbl30 targets  lbl32
 lbl32 (34) : ISTORE	 Stack:-1	Consumes:[] Produces:[] sources  lbl31 targets  lbl33
 lbl33 (36) : SIPUSH	 Stack:-1	Consumes:[] Produces:[] sources  lbl32 targets  lbl34
 lbl34 (39) : ISHL	 Stack:-1	Consumes:[] Produces:[] sources  lbl33 targets  lbl35
 lbl35 (40) : NOP	 Stack:-1	Consumes:[] Produces:[] sources  lbl34 targets  lbl36
 lbl36 (41) : FALOAD	 Stack:-1	Consumes:[] Produces:[] sources  lbl35 targets  lbl37
 lbl37 (42) : LSTORE_3	 Stack:-1	Consumes:[] Produces:[] sources  lbl36 targets  lbl38
 lbl38 (43) : RETURN	 Stack:-1	Consumes:[] Produces:[] sources  lbl37 targets 
 lbl39 (44) : NOP	 Stack:-1	Consumes:[] Produces:[] sources  targets  lbl40
 lbl40 (45) : IMUL	 Stack:-1	Consumes:[] Produces:[] sources  lbl39 targets  lbl41
 lbl41 (46) : LUSHR	 Stack:-1	Consumes:[] Produces:[] sources  lbl40 targets  lbl42
 lbl42 (47) : IF_ACMPNE	 Stack:-1	Consumes:[] Produces:[] sources  lbl41 targets  lbl43 lbl18
 lbl43 (50) : LSTORE_0	 Stack:-1	Consumes:[] Produces:[] sources  lbl42 targets  lbl44
 lbl44 (51) : ISHL	 Stack:-1	Consumes:[] Produces:[] sources  lbl43 targets  lbl45
 lbl45 (52) : NOP	 Stack:-1	Consumes:[] Produces:[] sources  lbl44 targets  lbl46
 lbl46 (53) : FALOAD	 Stack:-1	Consumes:[] Produces:[] sources  lbl45 targets  lbl47
 lbl47 (54) : RETURN	 Stack:-1	Consumes:[] Produces:[] sources  lbl46 targets 
 lbl48 (55) : NOP	 Stack:-1	Consumes:[] Produces:[] sources  targets  lbl49
 lbl49 (56) : FMUL	 Stack:-1	Consumes:[] Produces:[] sources  lbl48 targets  lbl50
 lbl50 (57) : LLOAD_2	 Stack:-1	Consumes:[] Produces:[] sources  lbl49 targets  lbl51
 lbl51 (58) : LSTORE_2	 Stack:-1	Consumes:[] Produces:[] sources  lbl50 lbl71 targets  lbl52
 lbl52 (59) : LCMP	 Stack:-1	Consumes:[] Produces:[] sources  lbl51 targets  lbl53
 lbl53 (60) : NOP	 Stack:-1	Consumes:[] Produces:[] sources  lbl52 targets  lbl54
 lbl54 (61) : INEG	 Stack:-1	Consumes:[] Produces:[] sources  lbl53 targets  lbl55
 lbl55 (62) : ACONST_NULL	 Stack:-1	Consumes:[] Produces:[] sources  lbl54 targets  lbl56
 lbl56 (63) : NOP	 Stack:-1	Consumes:[] Produces:[] sources  lbl55 targets  lbl57
 lbl57 (64) : IALOAD	 Stack:-1	Consumes:[] Produces:[] sources  lbl56 targets  lbl58
 lbl58 (65) : NOP	 Stack:-1	Consumes:[] Produces:[] sources  lbl57 targets  lbl59
 lbl59 (66) : ILOAD	 Stack:-1	Consumes:[] Produces:[] sources  lbl58 targets  lbl60
 lbl60 (68) : LCMP	 Stack:-1	Consumes:[] Produces:[] sources  lbl59 targets  lbl61
 lbl61 (69) : NOP	 Stack:-1	Consumes:[] Produces:[] sources  lbl60 targets  lbl62
 lbl62 (70) : LNEG	 Stack:-1	Consumes:[] Produces:[] sources  lbl61 targets  lbl63
 lbl63 (71) : ACONST_NULL	 Stack:-1	Consumes:[] Produces:[] sources  lbl62 targets  lbl64
 lbl64 (72) : NOP	 Stack:-1	Consumes:[] Produces:[] sources  lbl63 targets  lbl65
 lbl65 (73) : ISTORE	 Stack:-1	Consumes:[] Produces:[] sources  lbl64 targets  lbl66
 lbl66 (75) : SIPUSH	 Stack:-1	Consumes:[] Produces:[] sources  lbl65 targets  lbl67
 lbl67 (78) : LSTORE_0	 Stack:-1	Consumes:[] Produces:[] sources  lbl66 lbl75 targets  lbl68
 lbl68 (79) : RETURN	 Stack:-1	Consumes:[] Produces:[] sources  lbl67 targets 
 lbl69 (80) : NOP	 Stack:-1	Consumes:[] Produces:[] sources  targets  lbl70
 lbl70 (81) : DUP	 Stack:-1	Consumes:[] Produces:[] sources  lbl69 targets  lbl71
 lbl71 (82) : IF_ACMPNE	 Stack:-1	Consumes:[] Produces:[] sources  lbl70 targets  lbl72 lbl51
 lbl72 (85) : ISUB	 Stack:-1	Consumes:[] Produces:[] sources  lbl71 targets  lbl73
 lbl73 (76) : LLOAD_3	 Stack:-1	Consumes:[] Produces:[] sources  lbl10 lbl72 targets  lbl74
 lbl74 (77) : LSTORE_3	 Stack:-1	Consumes:[] Produces:[] sources  lbl73 targets  lbl75
 lbl75 (-75) : GOTO	 Stack:-1	Consumes:[] Produces:[] sources  lbl74 targets  lbl67
----[known stack info]------------

 lbl0 (-1) : NOP	 Stack:0	Consumes:[] Produces:[] sources  targets  lbl1
 lbl1 (0) : LSTORE_0	 Stack:0	Consumes:[null ] Produces:[] sources  lbl0 targets  lbl2
 lbl2 (1) : LSTORE_1	 Stack:-1	Consumes:[] Produces:[] sources  lbl1 targets  lbl3
 lbl3 (2) : MONITORENTER	 Stack:-1	Consumes:[] Produces:[] sources  lbl2 targets  lbl4
 lbl4 (3) : NOP	 Stack:-1	Consumes:[] Produces:[] sources  lbl3 targets  lbl5
 lbl5 (4) : ISTORE_2	 Stack:-1	Consumes:[] Produces:[] sources  lbl4 targets  lbl6
 lbl6 (5) : LSTORE_0	 Stack:-1	Consumes:[] Produces:[] sources  lbl5 targets  lbl7
 lbl7 (6) : ISHL	 Stack:-1	Consumes:[] Produces:[] sources  lbl6 targets  lbl8
 lbl8 (7) : NOP	 Stack:-1	Consumes:[] Produces:[] sources  lbl7 targets  lbl9
 lbl9 (8) : DALOAD	 Stack:-1	Consumes:[] Produces:[] sources  lbl8 targets  lbl10
 lbl10 (9) : IF_ICMPLE	 Stack:-1	Consumes:[] Produces:[] sources  lbl9 targets  lbl11 lbl73
 lbl11 (12) : ISHL	 Stack:-1	Consumes:[] Produces:[] sources  lbl10 targets  lbl12
 lbl12 (13) : NOP	 Stack:-1	Consumes:[] Produces:[] sources  lbl11 targets  lbl13
 lbl13 (14) : AALOAD	 Stack:-1	Consumes:[] Produces:[] sources  lbl12 targets  lbl14
 lbl14 (15) : RETURN	 Stack:-1	Consumes:[] Produces:[] sources  lbl13 targets 
 lbl15 (16) : NOP	 Stack:-1	Consumes:[] Produces:[] sources  targets  lbl16
 lbl16 (17) : FMUL	 Stack:-1	Consumes:[] Produces:[] sources  lbl15 targets  lbl17
 lbl17 (18) : LLOAD_2	 Stack:-1	Consumes:[] Produces:[] sources  lbl16 targets  lbl18
 lbl18 (19) : LSTORE_2	 Stack:-1	Consumes:[] Produces:[] sources  lbl17 lbl42 targets  lbl19
 lbl19 (20) : LCMP	 Stack:-1	Consumes:[] Produces:[] sources  lbl18 targets  lbl20
 lbl20 (21) : NOP	 Stack:-1	Consumes:[] Produces:[] sources  lbl19 targets  lbl21
 lbl21 (22) : INEG	 Stack:-1	Consumes:[] Produces:[] sources  lbl20 targets  lbl22
 lbl22 (23) : ACONST_NULL	 Stack:-1	Consumes:[] Produces:[] sources  lbl21 targets  lbl23
 lbl23 (24) : NOP	 Stack:-1	Consumes:[] Produces:[] sources  lbl22 targets  lbl24
 lbl24 (25) : IALOAD	 Stack:-1	Consumes:[] Produces:[] sources  lbl23 targets  lbl25
 lbl25 (26) : NOP	 Stack:-1	Consumes:[] Produces:[] sources  lbl24 targets  lbl26
 lbl26 (27) : ALOAD	 Stack:-1	Consumes:[] Produces:[] sources  lbl25 targets  lbl27
 lbl27 (29) : LCMP	 Stack:-1	Consumes:[] Produces:[] sources  lbl26 targets  lbl28
 lbl28 (30) : NOP	 Stack:-1	Consumes:[] Produces:[] sources  lbl27 targets  lbl29
 lbl29 (31) : LNEG	 Stack:-1	Consumes:[] Produces:[] sources  lbl28 targets  lbl30
 lbl30 (32) : ACONST_NULL	 Stack:-1	Consumes:[] Produces:[] sources  lbl29 targets  lbl31
 lbl31 (33) : NOP	 Stack:-1	Consumes:[] Produces:[] sources  lbl30 targets  lbl32
 lbl32 (34) : ISTORE	 Stack:-1	Consumes:[] Produces:[] sources  lbl31 targets  lbl33
 lbl33 (36) : SIPUSH	 Stack:-1	Consumes:[] Produces:[] sources  lbl32 targets  lbl34
 lbl34 (39) : ISHL	 Stack:-1	Consumes:[] Produces:[] sources  lbl33 targets  lbl35
 lbl35 (40) : NOP	 Stack:-1	Consumes:[] Produces:[] sources  lbl34 targets  lbl36
 lbl36 (41) : FALOAD	 Stack:-1	Consumes:[] Produces:[] sources  lbl35 targets  lbl37
 lbl37 (42) : LSTORE_3	 Stack:-1	Consumes:[] Produces:[] sources  lbl36 targets  lbl38
 lbl38 (43) : RETURN	 Stack:-1	Consumes:[] Produces:[] sources  lbl37 targets 
 lbl39 (44) : NOP	 Stack:-1	Consumes:[] Produces:[] sources  targets  lbl40
 lbl40 (45) : IMUL	 Stack:-1	Consumes:[] Produces:[] sources  lbl39 targets  lbl41
 lbl41 (46) : LUSHR	 Stack:-1	Consumes:[] Produces:[] sources  lbl40 targets  lbl42
 lbl42 (47) : IF_ACMPNE	 Stack:-1	Consumes:[] Produces:[] sources  lbl41 targets  lbl43 lbl18
 lbl43 (50) : LSTORE_0	 Stack:-1	Consumes:[] Produces:[] sources  lbl42 targets  lbl44
 lbl44 (51) : ISHL	 Stack:-1	Consumes:[] Produces:[] sources  lbl43 targets  lbl45
 lbl45 (52) : NOP	 Stack:-1	Consumes:[] Produces:[] sources  lbl44 targets  lbl46
 lbl46 (53) : FALOAD	 Stack:-1	Consumes:[] Produces:[] sources  lbl45 targets  lbl47
 lbl47 (54) : RETURN	 Stack:-1	Consumes:[] Produces:[] sources  lbl46 targets 
 lbl48 (55) : NOP	 Stack:-1	Consumes:[] Produces:[] sources  targets  lbl49
 lbl49 (56) : FMUL	 Stack:-1	Consumes:[] Produces:[] sources  lbl48 targets  lbl50
 lbl50 (57) : LLOAD_2	 Stack:-1	Consumes:[] Produces:[] sources  lbl49 targets  lbl51
 lbl51 (58) : LSTORE_2	 Stack:-1	Consumes:[] Produces:[] sources  lbl50 lbl71 targets  lbl52
 lbl52 (59) : LCMP	 Stack:-1	Consumes:[] Produces:[] sources  lbl51 targets  lbl53
 lbl53 (60) : NOP	 Stack:-1	Consumes:[] Produces:[] sources  lbl52 targets  lbl54
 lbl54 (61) : INEG	 Stack:-1	Consumes:[] Produces:[] sources  lbl53 targets  lbl55
 lbl55 (62) : ACONST_NULL	 Stack:-1	Consumes:[] Produces:[] sources  lbl54 targets  lbl56
 lbl56 (63) : NOP	 Stack:-1	Consumes:[] Produces:[] sources  lbl55 targets  lbl57
 lbl57 (64) : IALOAD	 Stack:-1	Consumes:[] Produces:[] sources  lbl56 targets  lbl58
 lbl58 (65) : NOP	 Stack:-1	Consumes:[] Produces:[] sources  lbl57 targets  lbl59
 lbl59 (66) : ILOAD	 Stack:-1	Consumes:[] Produces:[] sources  lbl58 targets  lbl60
 lbl60 (68) : LCMP	 Stack:-1	Consumes:[] Produces:[] sources  lbl59 targets  lbl61
 lbl61 (69) : NOP	 Stack:-1	Consumes:[] Produces:[] sources  lbl60 targets  lbl62
 lbl62 (70) : LNEG	 Stack:-1	Consumes:[] Produces:[] sources  lbl61 targets  lbl63
 lbl63 (71) : ACONST_NULL	 Stack:-1	Consumes:[] Produces:[] sources  lbl62 targets  lbl64
 lbl64 (72) : NOP	 Stack:-1	Consumes:[] Produces:[] sources  lbl63 targets  lbl65
 lbl65 (73) : ISTORE	 Stack:-1	Consumes:[] Produces:[] sources  lbl64 targets  lbl66
 lbl66 (75) : SIPUSH	 Stack:-1	Consumes:[] Produces:[] sources  lbl65 targets  lbl67
 lbl67 (78) : LSTORE_0	 Stack:-1	Consumes:[] Produces:[] sources  lbl66 lbl75 targets  lbl68
 lbl68 (79) : RETURN	 Stack:-1	Consumes:[] Produces:[] sources  lbl67 targets 
 lbl69 (80) : NOP	 Stack:-1	Consumes:[] Produces:[] sources  targets  lbl70
 lbl70 (81) : DUP	 Stack:-1	Consumes:[] Produces:[] sources  lbl69 targets  lbl71
 lbl71 (82) : IF_ACMPNE	 Stack:-1	Consumes:[] Produces:[] sources  lbl70 targets  lbl72 lbl51
 lbl72 (85) : ISUB	 Stack:-1	Consumes:[] Produces:[] sources  lbl71 targets  lbl73
 lbl73 (76) : LLOAD_3	 Stack:-1	Consumes:[] Produces:[] sources  lbl10 lbl72 targets  lbl74
 lbl74 (77) : LSTORE_3	 Stack:-1	Consumes:[] Produces:[] sources  lbl73 targets  lbl75
 lbl75 (-75) : GOTO	 Stack:-1	Consumes:[] Produces:[] sources  lbl74 targets  lbl67
----[known stack info]------------

 lbl0 (-1) : NOP	 Stack:0	Consumes:[] Produces:[] sources  targets  lbl1
 lbl1 (0) : LSTORE_0	 Stack:0	Consumes:[null ] Produces:[] sources  lbl0 targets  lbl2
 lbl2 (1) : LSTORE_1	 Stack:-1	Consumes:[] Produces:[] sources  lbl1 targets  lbl3
 lbl3 (2) : MONITORENTER	 Stack:-1	Consumes:[] Produces:[] sources  lbl2 targets  lbl4
 lbl4 (3) : NOP	 Stack:-1	Consumes:[] Produces:[] sources  lbl3 targets  lbl5
 lbl5 (4) : ISTORE_2	 Stack:-1	Consumes:[] Produces:[] sources  lbl4 targets  lbl6
 lbl6 (5) : LSTORE_0	 Stack:-1	Consumes:[] Produces:[] sources  lbl5 targets  lbl7
 lbl7 (6) : ISHL	 Stack:-1	Consumes:[] Produces:[] sources  lbl6 targets  lbl8
 lbl8 (7) : NOP	 Stack:-1	Consumes:[] Produces:[] sources  lbl7 targets  lbl9
 lbl9 (8) : DALOAD	 Stack:-1	Consumes:[] Produces:[] sources  lbl8 targets  lbl10
 lbl10 (9) : IF_ICMPLE	 Stack:-1	Consumes:[] Produces:[] sources  lbl9 targets  lbl11 lbl73
 lbl11 (12) : ISHL	 Stack:-1	Consumes:[] Produces:[] sources  lbl10 targets  lbl12
 lbl12 (13) : NOP	 Stack:-1	Consumes:[] Produces:[] sources  lbl11 targets  lbl13
 lbl13 (14) : AALOAD	 Stack:-1	Consumes:[] Produces:[] sources  lbl12 targets  lbl14
 lbl14 (15) : RETURN	 Stack:-1	Consumes:[] Produces:[] sources  lbl13 targets 
 lbl15 (16) : NOP	 Stack:-1	Consumes:[] Produces:[] sources  targets  lbl16
 lbl16 (17) : FMUL	 Stack:-1	Consumes:[] Produces:[] sources  lbl15 targets  lbl17
 lbl17 (18) : LLOAD_2	 Stack:-1	Consumes:[] Produces:[] sources  lbl16 targets  lbl18
 lbl18 (19) : LSTORE_2	 Stack:-1	Consumes:[] Produces:[] sources  lbl17 lbl42 targets  lbl19
 lbl19 (20) : LCMP	 Stack:-1	Consumes:[] Produces:[] sources  lbl18 targets  lbl20
 lbl20 (21) : NOP	 Stack:-1	Consumes:[] Produces:[] sources  lbl19 targets  lbl21
 lbl21 (22) : INEG	 Stack:-1	Consumes:[] Produces:[] sources  lbl20 targets  lbl22
 lbl22 (23) : ACONST_NULL	 Stack:-1	Consumes:[] Produces:[] sources  lbl21 targets  lbl23
 lbl23 (24) : NOP	 Stack:-1	Consumes:[] Produces:[] sources  lbl22 targets  lbl24
 lbl24 (25) : IALOAD	 Stack:-1	Consumes:[] Produces:[] sources  lbl23 targets  lbl25
 lbl25 (26) : NOP	 Stack:-1	Consumes:[] Produces:[] sources  lbl24 targets  lbl26
 lbl26 (27) : ALOAD	 Stack:-1	Consumes:[] Produces:[] sources  lbl25 targets  lbl27
 lbl27 (29) : LCMP	 Stack:-1	Consumes:[] Produces:[] sources  lbl26 targets  lbl28
 lbl28 (30) : NOP	 Stack:-1	Consumes:[] Produces:[] sources  lbl27 targets  lbl29
 lbl29 (31) : LNEG	 Stack:-1	Consumes:[] Produces:[] sources  lbl28 targets  lbl30
 lbl30 (32) : ACONST_NULL	 Stack:-1	Consumes:[] Produces:[] sources  lbl29 targets  lbl31
 lbl31 (33) : NOP	 Stack:-1	Consumes:[] Produces:[] sources  lbl30 targets  lbl32
 lbl32 (34) : ISTORE	 Stack:-1	Consumes:[] Produces:[] sources  lbl31 targets  lbl33
 lbl33 (36) : SIPUSH	 Stack:-1	Consumes:[] Produces:[] sources  lbl32 targets  lbl34
 lbl34 (39) : ISHL	 Stack:-1	Consumes:[] Produces:[] sources  lbl33 targets  lbl35
 lbl35 (40) : NOP	 Stack:-1	Consumes:[] Produces:[] sources  lbl34 targets  lbl36
 lbl36 (41) : FALOAD	 Stack:-1	Consumes:[] Produces:[] sources  lbl35 targets  lbl37
 lbl37 (42) : LSTORE_3	 Stack:-1	Consumes:[] Produces:[] sources  lbl36 targets  lbl38
 lbl38 (43) : RETURN	 Stack:-1	Consumes:[] Produces:[] sources  lbl37 targets 
 lbl39 (44) : NOP	 Stack:-1	Consumes:[] Produces:[] sources  targets  lbl40
 lbl40 (45) : IMUL	 Stack:-1	Consumes:[] Produces:[] sources  lbl39 targets  lbl41
 lbl41 (46) : LUSHR	 Stack:-1	Consumes:[] Produces:[] sources  lbl40 targets  lbl42
 lbl42 (47) : IF_ACMPNE	 Stack:-1	Consumes:[] Produces:[] sources  lbl41 targets  lbl43 lbl18
 lbl43 (50) : LSTORE_0	 Stack:-1	Consumes:[] Produces:[] sources  lbl42 targets  lbl44
 lbl44 (51) : ISHL	 Stack:-1	Consumes:[] Produces:[] sources  lbl43 targets  lbl45
 lbl45 (52) : NOP	 Stack:-1	Consumes:[] Produces:[] sources  lbl44 targets  lbl46
 lbl46 (53) : FALOAD	 Stack:-1	Consumes:[] Produces:[] sources  lbl45 targets  lbl47
 lbl47 (54) : RETURN	 Stack:-1	Consumes:[] Produces:[] sources  lbl46 targets 
 lbl48 (55) : NOP	 Stack:-1	Consumes:[] Produces:[] sources  targets  lbl49
 lbl49 (56) : FMUL	 Stack:-1	Consumes:[] Produces:[] sources  lbl48 targets  lbl50
 lbl50 (57) : LLOAD_2	 Stack:-1	Consumes:[] Produces:[] sources  lbl49 targets  lbl51
 lbl51 (58) : LSTORE_2	 Stack:-1	Consumes:[] Produces:[] sources  lbl50 lbl71 targets  lbl52
 lbl52 (59) : LCMP	 Stack:-1	Consumes:[] Produces:[] sources  lbl51 targets  lbl53
 lbl53 (60) : NOP	 Stack:-1	Consumes:[] Produces:[] sources  lbl52 targets  lbl54
 lbl54 (61) : INEG	 Stack:-1	Consumes:[] Produces:[] sources  lbl53 targets  lbl55
 lbl55 (62) : ACONST_NULL	 Stack:-1	Consumes:[] Produces:[] sources  lbl54 targets  lbl56
 lbl56 (63) : NOP	 Stack:-1	Consumes:[] Produces:[] sources  lbl55 targets  lbl57
 lbl57 (64) : IALOAD	 Stack:-1	Consumes:[] Produces:[] sources  lbl56 targets  lbl58
 lbl58 (65) : NOP	 Stack:-1	Consumes:[] Produces:[] sources  lbl57 targets  lbl59
 lbl59 (66) : ILOAD	 Stack:-1	Consumes:[] Produces:[] sources  lbl58 targets  lbl60
 lbl60 (68) : LCMP	 Stack:-1	Consumes:[] Produces:[] sources  lbl59 targets  lbl61
 lbl61 (69) : NOP	 Stack:-1	Consumes:[] Produces:[] sources  lbl60 targets  lbl62
 lbl62 (70) : LNEG	 Stack:-1	Consumes:[] Produces:[] sources  lbl61 targets  lbl63
 lbl63 (71) : ACONST_NULL	 Stack:-1	Consumes:[] Produces:[] sources  lbl62 targets  lbl64
 lbl64 (72) : NOP	 Stack:-1	Consumes:[] Produces:[] sources  lbl63 targets  lbl65
 lbl65 (73) : ISTORE	 Stack:-1	Consumes:[] Produces:[] sources  lbl64 targets  lbl66
 lbl66 (75) : SIPUSH	 Stack:-1	Consumes:[] Produces:[] sources  lbl65 targets  lbl67
 lbl67 (78) : LSTORE_0	 Stack:-1	Consumes:[] Produces:[] sources  lbl66 lbl75 targets  lbl68
 lbl68 (79) : RETURN	 Stack:-1	Consumes:[] Produces:[] sources  lbl67 targets 
 lbl69 (80) : NOP	 Stack:-1	Consumes:[] Produces:[] sources  targets  lbl70
 lbl70 (81) : DUP	 Stack:-1	Consumes:[] Produces:[] sources  lbl69 targets  lbl71
 lbl71 (82) : IF_ACMPNE	 Stack:-1	Consumes:[] Produces:[] sources  lbl70 targets  lbl72 lbl51
 lbl72 (85) : ISUB	 Stack:-1	Consumes:[] Produces:[] sources  lbl71 targets  lbl73
 lbl73 (76) : LLOAD_3	 Stack:-1	Consumes:[] Produces:[] sources  lbl10 lbl72 targets  lbl74
 lbl74 (77) : LSTORE_3	 Stack:-1	Consumes:[] Produces:[] sources  lbl73 targets  lbl75
 lbl75 (-75) : GOTO	 Stack:-1	Consumes:[] Produces:[] sources  lbl74 targets  lbl67
----[known stack info]------------

 lbl0 (-1) : NOP	 Stack:0	Consumes:[] Produces:[] sources  targets  lbl1
 lbl1 (0) : LSTORE_0	 Stack:0	Consumes:[null ] Produces:[] sources  lbl0 targets  lbl2
 lbl2 (1) : LSTORE_1	 Stack:-1	Consumes:[] Produces:[] sources  lbl1 targets  lbl3
 lbl3 (2) : MONITORENTER	 Stack:-1	Consumes:[] Produces:[] sources  lbl2 targets  lbl4
 lbl4 (3) : NOP	 Stack:-1	Consumes:[] Produces:[] sources  lbl3 targets  lbl5
 lbl5 (4) : ISTORE_2	 Stack:-1	Consumes:[] Produces:[] sources  lbl4 targets  lbl6
 lbl6 (5) : LSTORE_0	 Stack:-1	Consumes:[] Produces:[] sources  lbl5 targets  lbl7
 lbl7 (6) : ISHL	 Stack:-1	Consumes:[] Produces:[] sources  lbl6 targets  lbl8
 lbl8 (7) : NOP	 Stack:-1	Consumes:[] Produces:[] sources  lbl7 targets  lbl9
 lbl9 (8) : DALOAD	 Stack:-1	Consumes:[] Produces:[] sources  lbl8 targets  lbl10
 lbl10 (9) : IF_ICMPLE	 Stack:-1	Consumes:[] Produces:[] sources  lbl9 targets  lbl11 lbl73
 lbl11 (12) : ISHL	 Stack:-1	Consumes:[] Produces:[] sources  lbl10 targets  lbl12
 lbl12 (13) : NOP	 Stack:-1	Consumes:[] Produces:[] sources  lbl11 targets  lbl13
 lbl13 (14) : AALOAD	 Stack:-1	Consumes:[] Produces:[] sources  lbl12 targets  lbl14
 lbl14 (15) : RETURN	 Stack:-1	Consumes:[] Produces:[] sources  lbl13 targets 
 lbl15 (16) : NOP	 Stack:-1	Consumes:[] Produces:[] sources  targets  lbl16
 lbl16 (17) : FMUL	 Stack:-1	Consumes:[] Produces:[] sources  lbl15 targets  lbl17
 lbl17 (18) : LLOAD_2	 Stack:-1	Consumes:[] Produces:[] sources  lbl16 targets  lbl18
 lbl18 (19) : LSTORE_2	 Stack:-1	Consumes:[] Produces:[] sources  lbl17 lbl42 targets  lbl19
 lbl19 (20) : LCMP	 Stack:-1	Consumes:[] Produces:[] sources  lbl18 targets  lbl20
 lbl20 (21) : NOP	 Stack:-1	Consumes:[] Produces:[] sources  lbl19 targets  lbl21
 lbl21 (22) : INEG	 Stack:-1	Consumes:[] Produces:[] sources  lbl20 targets  lbl22
 lbl22 (23) : ACONST_NULL	 Stack:-1	Consumes:[] Produces:[] sources  lbl21 targets  lbl23
 lbl23 (24) : NOP	 Stack:-1	Consumes:[] Produces:[] sources  lbl22 targets  lbl24
 lbl24 (25) : IALOAD	 Stack:-1	Consumes:[] Produces:[] sources  lbl23 targets  lbl25
 lbl25 (26) : NOP	 Stack:-1	Consumes:[] Produces:[] sources  lbl24 targets  lbl26
 lbl26 (27) : ALOAD	 Stack:-1	Consumes:[] Produces:[] sources  lbl25 targets  lbl27
 lbl27 (29) : LCMP	 Stack:-1	Consumes:[] Produces:[] sources  lbl26 targets  lbl28
 lbl28 (30) : NOP	 Stack:-1	Consumes:[] Produces:[] sources  lbl27 targets  lbl29
 lbl29 (31) : LNEG	 Stack:-1	Consumes:[] Produces:[] sources  lbl28 targets  lbl30
 lbl30 (32) : ACONST_NULL	 Stack:-1	Consumes:[] Produces:[] sources  lbl29 targets  lbl31
 lbl31 (33) : NOP	 Stack:-1	Consumes:[] Produces:[] sources  lbl30 targets  lbl32
 lbl32 (34) : ISTORE	 Stack:-1	Consumes:[] Produces:[] sources  lbl31 targets  lbl33
 lbl33 (36) : SIPUSH	 Stack:-1	Consumes:[] Produces:[] sources  lbl32 targets  lbl34
 lbl34 (39) : ISHL	 Stack:-1	Consumes:[] Produces:[] sources  lbl33 targets  lbl35
 lbl35 (40) : NOP	 Stack:-1	Consumes:[] Produces:[] sources  lbl34 targets  lbl36
 lbl36 (41) : FALOAD	 Stack:-1	Consumes:[] Produces:[] sources  lbl35 targets  lbl37
 lbl37 (42) : LSTORE_3	 Stack:-1	Consumes:[] Produces:[] sources  lbl36 targets  lbl38
 lbl38 (43) : RETURN	 Stack:-1	Consumes:[] Produces:[] sources  lbl37 targets 
 lbl39 (44) : NOP	 Stack:-1	Consumes:[] Produces:[] sources  targets  lbl40
 lbl40 (45) : IMUL	 Stack:-1	Consumes:[] Produces:[] sources  lbl39 targets  lbl41
 lbl41 (46) : LUSHR	 Stack:-1	Consumes:[] Produces:[] sources  lbl40 targets  lbl42
 lbl42 (47) : IF_ACMPNE	 Stack:-1	Consumes:[] Produces:[] sources  lbl41 targets  lbl43 lbl18
 lbl43 (50) : LSTORE_0	 Stack:-1	Consumes:[] Produces:[] sources  lbl42 targets  lbl44
 lbl44 (51) : ISHL	 Stack:-1	Consumes:[] Produces:[] sources  lbl43 targets  lbl45
 lbl45 (52) : NOP	 Stack:-1	Consumes:[] Produces:[] sources  lbl44 targets  lbl46
 lbl46 (53) : FALOAD	 Stack:-1	Consumes:[] Produces:[] sources  lbl45 targets  lbl47
 lbl47 (54) : RETURN	 Stack:-1	Consumes:[] Produces:[] sources  lbl46 targets 
 lbl48 (55) : NOP	 Stack:-1	Consumes:[] Produces:[] sources  targets  lbl49
 lbl49 (56) : FMUL	 Stack:-1	Consumes:[] Produces:[] sources  lbl48 targets  lbl50
 lbl50 (57) : LLOAD_2	 Stack:-1	Consumes:[] Produces:[] sources  lbl49 targets  lbl51
 lbl51 (58) : LSTORE_2	 Stack:-1	Consumes:[] Produces:[] sources  lbl50 lbl71 targets  lbl52
 lbl52 (59) : LCMP	 Stack:-1	Consumes:[] Produces:[] sources  lbl51 targets  lbl53
 lbl53 (60) : NOP	 Stack:-1	Consumes:[] Produces:[] sources  lbl52 targets  lbl54
 lbl54 (61) : INEG	 Stack:-1	Consumes:[] Produces:[] sources  lbl53 targets  lbl55
 lbl55 (62) : ACONST_NULL	 Stack:-1	Consumes:[] Produces:[] sources  lbl54 targets  lbl56
 lbl56 (63) : NOP	 Stack:-1	Consumes:[] Produces:[] sources  lbl55 targets  lbl57
 lbl57 (64) : IALOAD	 Stack:-1	Consumes:[] Produces:[] sources  lbl56 targets  lbl58
 lbl58 (65) : NOP	 Stack:-1	Consumes:[] Produces:[] sources  lbl57 targets  lbl59
 lbl59 (66) : ILOAD	 Stack:-1	Consumes:[] Produces:[] sources  lbl58 targets  lbl60
 lbl60 (68) : LCMP	 Stack:-1	Consumes:[] Produces:[] sources  lbl59 targets  lbl61
 lbl61 (69) : NOP	 Stack:-1	Consumes:[] Produces:[] sources  lbl60 targets  lbl62
 lbl62 (70) : LNEG	 Stack:-1	Consumes:[] Produces:[] sources  lbl61 targets  lbl63
 lbl63 (71) : ACONST_NULL	 Stack:-1	Consumes:[] Produces:[] sources  lbl62 targets  lbl64
 lbl64 (72) : NOP	 Stack:-1	Consumes:[] Produces:[] sources  lbl63 targets  lbl65
 lbl65 (73) : ISTORE	 Stack:-1	Consumes:[] Produces:[] sources  lbl64 targets  lbl66
 lbl66 (75) : SIPUSH	 Stack:-1	Consumes:[] Produces:[] sources  lbl65 targets  lbl67
 lbl67 (78) : LSTORE_0	 Stack:-1	Consumes:[] Produces:[] sources  lbl66 lbl75 targets  lbl68
 lbl68 (79) : RETURN	 Stack:-1	Consumes:[] Produces:[] sources  lbl67 targets 
 lbl69 (80) : NOP	 Stack:-1	Consumes:[] Produces:[] sources  targets  lbl70
 lbl70 (81) : DUP	 Stack:-1	Consumes:[] Produces:[] sources  lbl69 targets  lbl71
 lbl71 (82) : IF_ACMPNE	 Stack:-1	Consumes:[] Produces:[] sources  lbl70 targets  lbl72 lbl51
 lbl72 (85) : ISUB	 Stack:-1	Consumes:[] Produces:[] sources  lbl71 targets  lbl73
 lbl73 (76) : LLOAD_3	 Stack:-1	Consumes:[] Produces:[] sources  lbl10 lbl72 targets  lbl74
 lbl74 (77) : LSTORE_3	 Stack:-1	Consumes:[] Produces:[] sources  lbl73 targets  lbl75
 lbl75 (-75) : GOTO	 Stack:-1	Consumes:[] Produces:[] sources  lbl74 targets  lbl67
----[known stack info]------------

 lbl0 (-1) : NOP	 Stack:0	Consumes:[] Produces:[] sources  targets  lbl1
 lbl1 (0) : LSTORE_0	 Stack:0	Consumes:[null ] Produces:[] sources  lbl0 targets  lbl2
 lbl2 (1) : LSTORE_1	 Stack:-1	Consumes:[] Produces:[] sources  lbl1 targets  lbl3
 lbl3 (2) : MONITORENTER	 Stack:-1	Consumes:[] Produces:[] sources  lbl2 targets  lbl4
 lbl4 (3) : NOP	 Stack:-1	Consumes:[] Produces:[] sources  lbl3 targets  lbl5
 lbl5 (4) : ISTORE_2	 Stack:-1	Consumes:[] Produces:[] sources  lbl4 targets  lbl6
 lbl6 (5) : LSTORE_0	 Stack:-1	Consumes:[] Produces:[] sources  lbl5 targets  lbl7
 lbl7 (6) : ISHL	 Stack:-1	Consumes:[] Produces:[] sources  lbl6 targets  lbl8
 lbl8 (7) : NOP	 Stack:-1	Consumes:[] Produces:[] sources  lbl7 targets  lbl9
 lbl9 (8) : DALOAD	 Stack:-1	Consumes:[] Produces:[] sources  lbl8 targets  lbl10
 lbl10 (9) : IF_ICMPLE	 Stack:-1	Consumes:[] Produces:[] sources  lbl9 targets  lbl11 lbl73
 lbl11 (12) : ISHL	 Stack:-1	Consumes:[] Produces:[] sources  lbl10 targets  lbl12
 lbl12 (13) : NOP	 Stack:-1	Consumes:[] Produces:[] sources  lbl11 targets  lbl13
 lbl13 (14) : AALOAD	 Stack:-1	Consumes:[] Produces:[] sources  lbl12 targets  lbl14
 lbl14 (15) : RETURN	 Stack:-1	Consumes:[] Produces:[] sources  lbl13 targets 
 lbl15 (16) : NOP	 Stack:-1	Consumes:[] Produces:[] sources  targets  lbl16
 lbl16 (17) : FMUL	 Stack:-1	Consumes:[] Produces:[] sources  lbl15 targets  lbl17
 lbl17 (18) : LLOAD_2	 Stack:-1	Consumes:[] Produces:[] sources  lbl16 targets  lbl18
 lbl18 (19) : LSTORE_2	 Stack:-1	Consumes:[] Produces:[] sources  lbl17 lbl42 targets  lbl19
 lbl19 (20) : LCMP	 Stack:-1	Consumes:[] Produces:[] sources  lbl18 targets  lbl20
 lbl20 (21) : NOP	 Stack:-1	Consumes:[] Produces:[] sources  lbl19 targets  lbl21
 lbl21 (22) : INEG	 Stack:-1	Consumes:[] Produces:[] sources  lbl20 targets  lbl22
 lbl22 (23) : ACONST_NULL	 Stack:-1	Consumes:[] Produces:[] sources  lbl21 targets  lbl23
 lbl23 (24) : NOP	 Stack:-1	Consumes:[] Produces:[] sources  lbl22 targets  lbl24
 lbl24 (25) : IALOAD	 Stack:-1	Consumes:[] Produces:[] sources  lbl23 targets  lbl25
 lbl25 (26) : NOP	 Stack:-1	Consumes:[] Produces:[] sources  lbl24 targets  lbl26
 lbl26 (27) : ALOAD	 Stack:-1	Consumes:[] Produces:[] sources  lbl25 targets  lbl27
 lbl27 (29) : LCMP	 Stack:-1	Consumes:[] Produces:[] sources  lbl26 targets  lbl28
 lbl28 (30) : NOP	 Stack:-1	Consumes:[] Produces:[] sources  lbl27 targets  lbl29
 lbl29 (31) : LNEG	 Stack:-1	Consumes:[] Produces:[] sources  lbl28 targets  lbl30
 lbl30 (32) : ACONST_NULL	 Stack:-1	Consumes:[] Produces:[] sources  lbl29 targets  lbl31
 lbl31 (33) : NOP	 Stack:-1	Consumes:[] Produces:[] sources  lbl30 targets  lbl32
 lbl32 (34) : ISTORE	 Stack:-1	Consumes:[] Produces:[] sources  lbl31 targets  lbl33
 lbl33 (36) : SIPUSH	 Stack:-1	Consumes:[] Produces:[] sources  lbl32 targets  lbl34
 lbl34 (39) : ISHL	 Stack:-1	Consumes:[] Produces:[] sources  lbl33 targets  lbl35
 lbl35 (40) : NOP	 Stack:-1	Consumes:[] Produces:[] sources  lbl34 targets  lbl36
 lbl36 (41) : FALOAD	 Stack:-1	Consumes:[] Produces:[] sources  lbl35 targets  lbl37
 lbl37 (42) : LSTORE_3	 Stack:-1	Consumes:[] Produces:[] sources  lbl36 targets  lbl38
 lbl38 (43) : RETURN	 Stack:-1	Consumes:[] Produces:[] sources  lbl37 targets 
 lbl39 (44) : NOP	 Stack:-1	Consumes:[] Produces:[] sources  targets  lbl40
 lbl40 (45) : IMUL	 Stack:-1	Consumes:[] Produces:[] sources  lbl39 targets  lbl41
 lbl41 (46) : LUSHR	 Stack:-1	Consumes:[] Produces:[] sources  lbl40 targets  lbl42
 lbl42 (47) : IF_ACMPNE	 Stack:-1	Consumes:[] Produces:[] sources  lbl41 targets  lbl43 lbl18
 lbl43 (50) : LSTORE_0	 Stack:-1	Consumes:[] Produces:[] sources  lbl42 targets  lbl44
 lbl44 (51) : ISHL	 Stack:-1	Consumes:[] Produces:[] sources  lbl43 targets  lbl45
 lbl45 (52) : NOP	 Stack:-1	Consumes:[] Produces:[] sources  lbl44 targets  lbl46
 lbl46 (53) : FALOAD	 Stack:-1	Consumes:[] Produces:[] sources  lbl45 targets  lbl47
 lbl47 (54) : RETURN	 Stack:-1	Consumes:[] Produces:[] sources  lbl46 targets 
 lbl48 (55) : NOP	 Stack:-1	Consumes:[] Produces:[] sources  targets  lbl49
 lbl49 (56) : FMUL	 Stack:-1	Consumes:[] Produces:[] sources  lbl48 targets  lbl50
 lbl50 (57) : LLOAD_2	 Stack:-1	Consumes:[] Produces:[] sources  lbl49 targets  lbl51
 lbl51 (58) : LSTORE_2	 Stack:-1	Consumes:[] Produces:[] sources  lbl50 lbl71 targets  lbl52
 lbl52 (59) : LCMP	 Stack:-1	Consumes:[] Produces:[] sources  lbl51 targets  lbl53
 lbl53 (60) : NOP	 Stack:-1	Consumes:[] Produces:[] sources  lbl52 targets  lbl54
 lbl54 (61) : INEG	 Stack:-1	Consumes:[] Produces:[] sources  lbl53 targets  lbl55
 lbl55 (62) : ACONST_NULL	 Stack:-1	Consumes:[] Produces:[] sources  lbl54 targets  lbl56
 lbl56 (63) : NOP	 Stack:-1	Consumes:[] Produces:[] sources  lbl55 targets  lbl57
 lbl57 (64) : IALOAD	 Stack:-1	Consumes:[] Produces:[] sources  lbl56 targets  lbl58
 lbl58 (65) : NOP	 Stack:-1	Consumes:[] Produces:[] sources  lbl57 targets  lbl59
 lbl59 (66) : ILOAD	 Stack:-1	Consumes:[] Produces:[] sources  lbl58 targets  lbl60
 lbl60 (68) : LCMP	 Stack:-1	Consumes:[] Produces:[] sources  lbl59 targets  lbl61
 lbl61 (69) : NOP	 Stack:-1	Consumes:[] Produces:[] sources  lbl60 targets  lbl62
 lbl62 (70) : LNEG	 Stack:-1	Consumes:[] Produces:[] sources  lbl61 targets  lbl63
 lbl63 (71) : ACONST_NULL	 Stack:-1	Consumes:[] Produces:[] sources  lbl62 targets  lbl64
 lbl64 (72) : NOP	 Stack:-1	Consumes:[] Produces:[] sources  lbl63 targets  lbl65
 lbl65 (73) : ISTORE	 Stack:-1	Consumes:[] Produces:[] sources  lbl64 targets  lbl66
 lbl66 (75) : SIPUSH	 Stack:-1	Consumes:[] Produces:[] sources  lbl65 targets  lbl67
 lbl67 (78) : LSTORE_0	 Stack:-1	Consumes:[] Produces:[] sources  lbl66 lbl75 targets  lbl68
 lbl68 (79) : RETURN	 Stack:-1	Consumes:[] Produces:[] sources  lbl67 targets 
 lbl69 (80) : NOP	 Stack:-1	Consumes:[] Produces:[] sources  targets  lbl70
 lbl70 (81) : DUP	 Stack:-1	Consumes:[] Produces:[] sources  lbl69 targets  lbl71
 lbl71 (82) : IF_ACMPNE	 Stack:-1	Consumes:[] Produces:[] sources  lbl70 targets  lbl72 lbl51
 lbl72 (85) : ISUB	 Stack:-1	Consumes:[] Produces:[] sources  lbl71 targets  lbl73
 lbl73 (76) : LLOAD_3	 Stack:-1	Consumes:[] Produces:[] sources  lbl10 lbl72 targets  lbl74
 lbl74 (77) : LSTORE_3	 Stack:-1	Consumes:[] Produces:[] sources  lbl73 targets  lbl75
 lbl75 (-75) : GOTO	 Stack:-1	Consumes:[] Produces:[] sources  lbl74 targets  lbl67
----[known stack info]------------

 lbl0 (-1) : NOP	 Stack:0	Consumes:[] Produces:[] sources  targets  lbl1
 lbl1 (0) : LSTORE_0	 Stack:0	Consumes:[null ] Produces:[] sources  lbl0 targets  lbl2
 lbl2 (1) : LSTORE_1	 Stack:-1	Consumes:[] Produces:[] sources  lbl1 targets  lbl3
 lbl3 (2) : MONITORENTER	 Stack:-1	Consumes:[] Produces:[] sources  lbl2 targets  lbl4
 lbl4 (3) : NOP	 Stack:-1	Consumes:[] Produces:[] sources  lbl3 targets  lbl5
 lbl5 (4) : ISTORE_2	 Stack:-1	Consumes:[] Produces:[] sources  lbl4 targets  lbl6
 lbl6 (5) : LSTORE_0	 Stack:-1	Consumes:[] Produces:[] sources  lbl5 targets  lbl7
 lbl7 (6) : ISHL	 Stack:-1	Consumes:[] Produces:[] sources  lbl6 targets  lbl8
 lbl8 (7) : NOP	 Stack:-1	Consumes:[] Produces:[] sources  lbl7 targets  lbl9
 lbl9 (8) : DALOAD	 Stack:-1	Consumes:[] Produces:[] sources  lbl8 targets  lbl10
 lbl10 (9) : IF_ICMPLE	 Stack:-1	Consumes:[] Produces:[] sources  lbl9 targets  lbl11 lbl73
 lbl11 (12) : ISHL	 Stack:-1	Consumes:[] Produces:[] sources  lbl10 targets  lbl12
 lbl12 (13) : NOP	 Stack:-1	Consumes:[] Produces:[] sources  lbl11 targets  lbl13
 lbl13 (14) : AALOAD	 Stack:-1	Consumes:[] Produces:[] sources  lbl12 targets  lbl14
 lbl14 (15) : RETURN	 Stack:-1	Consumes:[] Produces:[] sources  lbl13 targets 
 lbl15 (16) : NOP	 Stack:-1	Consumes:[] Produces:[] sources  targets  lbl16
 lbl16 (17) : FMUL	 Stack:-1	Consumes:[] Produces:[] sources  lbl15 targets  lbl17
 lbl17 (18) : LLOAD_2	 Stack:-1	Consumes:[] Produces:[] sources  lbl16 targets  lbl18
 lbl18 (19) : LSTORE_2	 Stack:-1	Consumes:[] Produces:[] sources  lbl17 lbl42 targets  lbl19
 lbl19 (20) : LCMP	 Stack:-1	Consumes:[] Produces:[] sources  lbl18 targets  lbl20
 lbl20 (21) : NOP	 Stack:-1	Consumes:[] Produces:[] sources  lbl19 targets  lbl21
 lbl21 (22) : INEG	 Stack:-1	Consumes:[] Produces:[] sources  lbl20 targets  lbl22
 lbl22 (23) : ACONST_NULL	 Stack:-1	Consumes:[] Produces:[] sources  lbl21 targets  lbl23
 lbl23 (24) : NOP	 Stack:-1	Consumes:[] Produces:[] sources  lbl22 targets  lbl24
 lbl24 (25) : IALOAD	 Stack:-1	Consumes:[] Produces:[] sources  lbl23 targets  lbl25
 lbl25 (26) : NOP	 Stack:-1	Consumes:[] Produces:[] sources  lbl24 targets  lbl26
 lbl26 (27) : ALOAD	 Stack:-1	Consumes:[] Produces:[] sources  lbl25 targets  lbl27
 lbl27 (29) : LCMP	 Stack:-1	Consumes:[] Produces:[] sources  lbl26 targets  lbl28
 lbl28 (30) : NOP	 Stack:-1	Consumes:[] Produces:[] sources  lbl27 targets  lbl29
 lbl29 (31) : LNEG	 Stack:-1	Consumes:[] Produces:[] sources  lbl28 targets  lbl30
 lbl30 (32) : ACONST_NULL	 Stack:-1	Consumes:[] Produces:[] sources  lbl29 targets  lbl31
 lbl31 (33) : NOP	 Stack:-1	Consumes:[] Produces:[] sources  lbl30 targets  lbl32
 lbl32 (34) : ISTORE	 Stack:-1	Consumes:[] Produces:[] sources  lbl31 targets  lbl33
 lbl33 (36) : SIPUSH	 Stack:-1	Consumes:[] Produces:[] sources  lbl32 targets  lbl34
 lbl34 (39) : ISHL	 Stack:-1	Consumes:[] Produces:[] sources  lbl33 targets  lbl35
 lbl35 (40) : NOP	 Stack:-1	Consumes:[] Produces:[] sources  lbl34 targets  lbl36
 lbl36 (41) : FALOAD	 Stack:-1	Consumes:[] Produces:[] sources  lbl35 targets  lbl37
 lbl37 (42) : LSTORE_3	 Stack:-1	Consumes:[] Produces:[] sources  lbl36 targets  lbl38
 lbl38 (43) : RETURN	 Stack:-1	Consumes:[] Produces:[] sources  lbl37 targets 
 lbl39 (44) : NOP	 Stack:-1	Consumes:[] Produces:[] sources  targets  lbl40
 lbl40 (45) : IMUL	 Stack:-1	Consumes:[] Produces:[] sources  lbl39 targets  lbl41
 lbl41 (46) : LUSHR	 Stack:-1	Consumes:[] Produces:[] sources  lbl40 targets  lbl42
 lbl42 (47) : IF_ACMPNE	 Stack:-1	Consumes:[] Produces:[] sources  lbl41 targets  lbl43 lbl18
 lbl43 (50) : LSTORE_0	 Stack:-1	Consumes:[] Produces:[] sources  lbl42 targets  lbl44
 lbl44 (51) : ISHL	 Stack:-1	Consumes:[] Produces:[] sources  lbl43 targets  lbl45
 lbl45 (52) : NOP	 Stack:-1	Consumes:[] Produces:[] sources  lbl44 targets  lbl46
 lbl46 (53) : FALOAD	 Stack:-1	Consumes:[] Produces:[] sources  lbl45 targets  lbl47
 lbl47 (54) : RETURN	 Stack:-1	Consumes:[] Produces:[] sources  lbl46 targets 
 lbl48 (55) : NOP	 Stack:-1	Consumes:[] Produces:[] sources  targets  lbl49
 lbl49 (56) : FMUL	 Stack:-1	Consumes:[] Produces:[] sources  lbl48 targets  lbl50
 lbl50 (57) : LLOAD_2	 Stack:-1	Consumes:[] Produces:[] sources  lbl49 targets  lbl51
 lbl51 (58) : LSTORE_2	 Stack:-1	Consumes:[] Produces:[] sources  lbl50 lbl71 targets  lbl52
 lbl52 (59) : LCMP	 Stack:-1	Consumes:[] Produces:[] sources  lbl51 targets  lbl53
 lbl53 (60) : NOP	 Stack:-1	Consumes:[] Produces:[] sources  lbl52 targets  lbl54
 lbl54 (61) : INEG	 Stack:-1	Consumes:[] Produces:[] sources  lbl53 targets  lbl55
 lbl55 (62) : ACONST_NULL	 Stack:-1	Consumes:[] Produces:[] sources  lbl54 targets  lbl56
 lbl56 (63) : NOP	 Stack:-1	Consumes:[] Produces:[] sources  lbl55 targets  lbl57
 lbl57 (64) : IALOAD	 Stack:-1	Consumes:[] Produces:[] sources  lbl56 targets  lbl58
 lbl58 (65) : NOP	 Stack:-1	Consumes:[] Produces:[] sources  lbl57 targets  lbl59
 lbl59 (66) : ILOAD	 Stack:-1	Consumes:[] Produces:[] sources  lbl58 targets  lbl60
 lbl60 (68) : LCMP	 Stack:-1	Consumes:[] Produces:[] sources  lbl59 targets  lbl61
 lbl61 (69) : NOP	 Stack:-1	Consumes:[] Produces:[] sources  lbl60 targets  lbl62
 lbl62 (70) : LNEG	 Stack:-1	Consumes:[] Produces:[] sources  lbl61 targets  lbl63
 lbl63 (71) : ACONST_NULL	 Stack:-1	Consumes:[] Produces:[] sources  lbl62 targets  lbl64
 lbl64 (72) : NOP	 Stack:-1	Consumes:[] Produces:[] sources  lbl63 targets  lbl65
 lbl65 (73) : ISTORE	 Stack:-1	Consumes:[] Produces:[] sources  lbl64 targets  lbl66
 lbl66 (75) : SIPUSH	 Stack:-1	Consumes:[] Produces:[] sources  lbl65 targets  lbl67
 lbl67 (78) : LSTORE_0	 Stack:-1	Consumes:[] Produces:[] sources  lbl66 lbl75 targets  lbl68
 lbl68 (79) : RETURN	 Stack:-1	Consumes:[] Produces:[] sources  lbl67 targets 
 lbl69 (80) : NOP	 Stack:-1	Consumes:[] Produces:[] sources  targets  lbl70
 lbl70 (81) : DUP	 Stack:-1	Consumes:[] Produces:[] sources  lbl69 targets  lbl71
 lbl71 (82) : IF_ACMPNE	 Stack:-1	Consumes:[] Produces:[] sources  lbl70 targets  lbl72 lbl51
 lbl72 (85) : ISUB	 Stack:-1	Consumes:[] Produces:[] sources  lbl71 targets  lbl73
 lbl73 (76) : LLOAD_3	 Stack:-1	Consumes:[] Produces:[] sources  lbl10 lbl72 targets  lbl74
 lbl74 (77) : LSTORE_3	 Stack:-1	Consumes:[] Produces:[] sources  lbl73 targets  lbl75
 lbl75 (-75) : GOTO	 Stack:-1	Consumes:[] Produces:[] sources  lbl74 targets  lbl67
----[known stack info]------------

 lbl0 (-1) : NOP	 Stack:0	Consumes:[] Produces:[] sources  targets  lbl1
 lbl1 (0) : LSTORE_0	 Stack:0	Consumes:[null ] Produces:[] sources  lbl0 targets  lbl2
 lbl2 (1) : LSTORE_1	 Stack:-1	Consumes:[] Produces:[] sources  lbl1 targets  lbl3
 lbl3 (2) : MONITORENTER	 Stack:-1	Consumes:[] Produces:[] sources  lbl2 targets  lbl4
 lbl4 (3) : NOP	 Stack:-1	Consumes:[] Produces:[] sources  lbl3 targets  lbl5
 lbl5 (4) : ISTORE_2	 Stack:-1	Consumes:[] Produces:[] sources  lbl4 targets  lbl6
 lbl6 (5) : LSTORE_0	 Stack:-1	Consumes:[] Produces:[] sources  lbl5 targets  lbl7
 lbl7 (6) : ISHL	 Stack:-1	Consumes:[] Produces:[] sources  lbl6 targets  lbl8
 lbl8 (7) : NOP	 Stack:-1	Consumes:[] Produces:[] sources  lbl7 targets  lbl9
 lbl9 (8) : DALOAD	 Stack:-1	Consumes:[] Produces:[] sources  lbl8 targets  lbl10
 lbl10 (9) : IF_ICMPLE	 Stack:-1	Consumes:[] Produces:[] sources  lbl9 targets  lbl11 lbl73
 lbl11 (12) : ISHL	 Stack:-1	Consumes:[] Produces:[] sources  lbl10 targets  lbl12
 lbl12 (13) : NOP	 Stack:-1	Consumes:[] Produces:[] sources  lbl11 targets  lbl13
 lbl13 (14) : AALOAD	 Stack:-1	Consumes:[] Produces:[] sources  lbl12 targets  lbl14
 lbl14 (15) : RETURN	 Stack:-1	Consumes:[] Produces:[] sources  lbl13 targets 
 lbl15 (16) : NOP	 Stack:-1	Consumes:[] Produces:[] sources  targets  lbl16
 lbl16 (17) : FMUL	 Stack:-1	Consumes:[] Produces:[] sources  lbl15 targets  lbl17
 lbl17 (18) : LLOAD_2	 Stack:-1	Consumes:[] Produces:[] sources  lbl16 targets  lbl18
 lbl18 (19) : LSTORE_2	 Stack:-1	Consumes:[] Produces:[] sources  lbl17 lbl42 targets  lbl19
 lbl19 (20) : LCMP	 Stack:-1	Consumes:[] Produces:[] sources  lbl18 targets  lbl20
 lbl20 (21) : NOP	 Stack:-1	Consumes:[] Produces:[] sources  lbl19 targets  lbl21
 lbl21 (22) : INEG	 Stack:-1	Consumes:[] Produces:[] sources  lbl20 targets  lbl22
 lbl22 (23) : ACONST_NULL	 Stack:-1	Consumes:[] Produces:[] sources  lbl21 targets  lbl23
 lbl23 (24) : NOP	 Stack:-1	Consumes:[] Produces:[] sources  lbl22 targets  lbl24
 lbl24 (25) : IALOAD	 Stack:-1	Consumes:[] Produces:[] sources  lbl23 targets  lbl25
 lbl25 (26) : NOP	 Stack:-1	Consumes:[] Produces:[] sources  lbl24 targets  lbl26
 lbl26 (27) : ALOAD	 Stack:-1	Consumes:[] Produces:[] sources  lbl25 targets  lbl27
 lbl27 (29) : LCMP	 Stack:-1	Consumes:[] Produces:[] sources  lbl26 targets  lbl28
 lbl28 (30) : NOP	 Stack:-1	Consumes:[] Produces:[] sources  lbl27 targets  lbl29
 lbl29 (31) : LNEG	 Stack:-1	Consumes:[] Produces:[] sources  lbl28 targets  lbl30
 lbl30 (32) : ACONST_NULL	 Stack:-1	Consumes:[] Produces:[] sources  lbl29 targets  lbl31
 lbl31 (33) : NOP	 Stack:-1	Consumes:[] Produces:[] sources  lbl30 targets  lbl32
 lbl32 (34) : ISTORE	 Stack:-1	Consumes:[] Produces:[] sources  lbl31 targets  lbl33
 lbl33 (36) : SIPUSH	 Stack:-1	Consumes:[] Produces:[] sources  lbl32 targets  lbl34
 lbl34 (39) : ISHL	 Stack:-1	Consumes:[] Produces:[] sources  lbl33 targets  lbl35
 lbl35 (40) : NOP	 Stack:-1	Consumes:[] Produces:[] sources  lbl34 targets  lbl36
 lbl36 (41) : FALOAD	 Stack:-1	Consumes:[] Produces:[] sources  lbl35 targets  lbl37
 lbl37 (42) : LSTORE_3	 Stack:-1	Consumes:[] Produces:[] sources  lbl36 targets  lbl38
 lbl38 (43) : RETURN	 Stack:-1	Consumes:[] Produces:[] sources  lbl37 targets 
 lbl39 (44) : NOP	 Stack:-1	Consumes:[] Produces:[] sources  targets  lbl40
 lbl40 (45) : IMUL	 Stack:-1	Consumes:[] Produces:[] sources  lbl39 targets  lbl41
 lbl41 (46) : LUSHR	 Stack:-1	Consumes:[] Produces:[] sources  lbl40 targets  lbl42
 lbl42 (47) : IF_ACMPNE	 Stack:-1	Consumes:[] Produces:[] sources  lbl41 targets  lbl43 lbl18
 lbl43 (50) : LSTORE_0	 Stack:-1	Consumes:[] Produces:[] sources  lbl42 targets  lbl44
 lbl44 (51) : ISHL	 Stack:-1	Consumes:[] Produces:[] sources  lbl43 targets  lbl45
 lbl45 (52) : NOP	 Stack:-1	Consumes:[] Produces:[] sources  lbl44 targets  lbl46
 lbl46 (53) : FALOAD	 Stack:-1	Consumes:[] Produces:[] sources  lbl45 targets  lbl47
 lbl47 (54) : RETURN	 Stack:-1	Consumes:[] Produces:[] sources  lbl46 targets 
 lbl48 (55) : NOP	 Stack:-1	Consumes:[] Produces:[] sources  targets  lbl49
 lbl49 (56) : FMUL	 Stack:-1	Consumes:[] Produces:[] sources  lbl48 targets  lbl50
 lbl50 (57) : LLOAD_2	 Stack:-1	Consumes:[] Produces:[] sources  lbl49 targets  lbl51
 lbl51 (58) : LSTORE_2	 Stack:-1	Consumes:[] Produces:[] sources  lbl50 lbl71 targets  lbl52
 lbl52 (59) : LCMP	 Stack:-1	Consumes:[] Produces:[] sources  lbl51 targets  lbl53
 lbl53 (60) : NOP	 Stack:-1	Consumes:[] Produces:[] sources  lbl52 targets  lbl54
 lbl54 (61) : INEG	 Stack:-1	Consumes:[] Produces:[] sources  lbl53 targets  lbl55
 lbl55 (62) : ACONST_NULL	 Stack:-1	Consumes:[] Produces:[] sources  lbl54 targets  lbl56
 lbl56 (63) : NOP	 Stack:-1	Consumes:[] Produces:[] sources  lbl55 targets  lbl57
 lbl57 (64) : IALOAD	 Stack:-1	Consumes:[] Produces:[] sources  lbl56 targets  lbl58
 lbl58 (65) : NOP	 Stack:-1	Consumes:[] Produces:[] sources  lbl57 targets  lbl59
 lbl59 (66) : ILOAD	 Stack:-1	Consumes:[] Produces:[] sources  lbl58 targets  lbl60
 lbl60 (68) : LCMP	 Stack:-1	Consumes:[] Produces:[] sources  lbl59 targets  lbl61
 lbl61 (69) : NOP	 Stack:-1	Consumes:[] Produces:[] sources  lbl60 targets  lbl62
 lbl62 (70) : LNEG	 Stack:-1	Consumes:[] Produces:[] sources  lbl61 targets  lbl63
 lbl63 (71) : ACONST_NULL	 Stack:-1	Consumes:[] Produces:[] sources  lbl62 targets  lbl64
 lbl64 (72) : NOP	 Stack:-1	Consumes:[] Produces:[] sources  lbl63 targets  lbl65
 lbl65 (73) : ISTORE	 Stack:-1	Consumes:[] Produces:[] sources  lbl64 targets  lbl66
 lbl66 (75) : SIPUSH	 Stack:-1	Consumes:[] Produces:[] sources  lbl65 targets  lbl67
 lbl67 (78) : LSTORE_0	 Stack:-1	Consumes:[] Produces:[] sources  lbl66 lbl75 targets  lbl68
 lbl68 (79) : RETURN	 Stack:-1	Consumes:[] Produces:[] sources  lbl67 targets 
 lbl69 (80) : NOP	 Stack:-1	Consumes:[] Produces:[] sources  targets  lbl70
 lbl70 (81) : DUP	 Stack:-1	Consumes:[] Produces:[] sources  lbl69 targets  lbl71
 lbl71 (82) : IF_ACMPNE	 Stack:-1	Consumes:[] Produces:[] sources  lbl70 targets  lbl72 lbl51
 lbl72 (85) : ISUB	 Stack:-1	Consumes:[] Produces:[] sources  lbl71 targets  lbl73
 lbl73 (76) : LLOAD_3	 Stack:-1	Consumes:[] Produces:[] sources  lbl10 lbl72 targets  lbl74
 lbl74 (77) : LSTORE_3	 Stack:-1	Consumes:[] Produces:[] sources  lbl73 targets  lbl75
 lbl75 (-75) : GOTO	 Stack:-1	Consumes:[] Produces:[] sources  lbl74 targets  lbl67
----[known stack info]------------

 lbl0 (-1) : NOP	 Stack:0	Consumes:[] Produces:[] sources  targets  lbl1
 lbl1 (0) : LSTORE_0	 Stack:0	Consumes:[null ] Produces:[] sources  lbl0 targets  lbl2
 lbl2 (1) : LSTORE_1	 Stack:-1	Consumes:[] Produces:[] sources  lbl1 targets  lbl3
 lbl3 (2) : MONITORENTER	 Stack:-1	Consumes:[] Produces:[] sources  lbl2 targets  lbl4
 lbl4 (3) : NOP	 Stack:-1	Consumes:[] Produces:[] sources  lbl3 targets  lbl5
 lbl5 (4) : ISTORE_2	 Stack:-1	Consumes:[] Produces:[] sources  lbl4 targets  lbl6
 lbl6 (5) : LSTORE_0	 Stack:-1	Consumes:[] Produces:[] sources  lbl5 targets  lbl7
 lbl7 (6) : ISHL	 Stack:-1	Consumes:[] Produces:[] sources  lbl6 targets  lbl8
 lbl8 (7) : NOP	 Stack:-1	Consumes:[] Produces:[] sources  lbl7 targets  lbl9
 lbl9 (8) : DALOAD	 Stack:-1	Consumes:[] Produces:[] sources  lbl8 targets  lbl10
 lbl10 (9) : IF_ICMPLE	 Stack:-1	Consumes:[] Produces:[] sources  lbl9 targets  lbl11 lbl73
 lbl11 (12) : ISHL	 Stack:-1	Consumes:[] Produces:[] sources  lbl10 targets  lbl12
 lbl12 (13) : NOP	 Stack:-1	Consumes:[] Produces:[] sources  lbl11 targets  lbl13
 lbl13 (14) : AALOAD	 Stack:-1	Consumes:[] Produces:[] sources  lbl12 targets  lbl14
 lbl14 (15) : RETURN	 Stack:-1	Consumes:[] Produces:[] sources  lbl13 targets 
 lbl15 (16) : NOP	 Stack:-1	Consumes:[] Produces:[] sources  targets  lbl16
 lbl16 (17) : FMUL	 Stack:-1	Consumes:[] Produces:[] sources  lbl15 targets  lbl17
 lbl17 (18) : LLOAD_2	 Stack:-1	Consumes:[] Produces:[] sources  lbl16 targets  lbl18
 lbl18 (19) : LSTORE_2	 Stack:-1	Consumes:[] Produces:[] sources  lbl17 lbl42 targets  lbl19
 lbl19 (20) : LCMP	 Stack:-1	Consumes:[] Produces:[] sources  lbl18 targets  lbl20
 lbl20 (21) : NOP	 Stack:-1	Consumes:[] Produces:[] sources  lbl19 targets  lbl21
 lbl21 (22) : INEG	 Stack:-1	Consumes:[] Produces:[] sources  lbl20 targets  lbl22
 lbl22 (23) : ACONST_NULL	 Stack:-1	Consumes:[] Produces:[] sources  lbl21 targets  lbl23
 lbl23 (24) : NOP	 Stack:-1	Consumes:[] Produces:[] sources  lbl22 targets  lbl24
 lbl24 (25) : IALOAD	 Stack:-1	Consumes:[] Produces:[] sources  lbl23 targets  lbl25
 lbl25 (26) : NOP	 Stack:-1	Consumes:[] Produces:[] sources  lbl24 targets  lbl26
 lbl26 (27) : ALOAD	 Stack:-1	Consumes:[] Produces:[] sources  lbl25 targets  lbl27
 lbl27 (29) : LCMP	 Stack:-1	Consumes:[] Produces:[] sources  lbl26 targets  lbl28
 lbl28 (30) : NOP	 Stack:-1	Consumes:[] Produces:[] sources  lbl27 targets  lbl29
 lbl29 (31) : LNEG	 Stack:-1	Consumes:[] Produces:[] sources  lbl28 targets  lbl30
 lbl30 (32) : ACONST_NULL	 Stack:-1	Consumes:[] Produces:[] sources  lbl29 targets  lbl31
 lbl31 (33) : NOP	 Stack:-1	Consumes:[] Produces:[] sources  lbl30 targets  lbl32
 lbl32 (34) : ISTORE	 Stack:-1	Consumes:[] Produces:[] sources  lbl31 targets  lbl33
 lbl33 (36) : SIPUSH	 Stack:-1	Consumes:[] Produces:[] sources  lbl32 targets  lbl34
 lbl34 (39) : ISHL	 Stack:-1	Consumes:[] Produces:[] sources  lbl33 targets  lbl35
 lbl35 (40) : NOP	 Stack:-1	Consumes:[] Produces:[] sources  lbl34 targets  lbl36
 lbl36 (41) : FALOAD	 Stack:-1	Consumes:[] Produces:[] sources  lbl35 targets  lbl37
 lbl37 (42) : LSTORE_3	 Stack:-1	Consumes:[] Produces:[] sources  lbl36 targets  lbl38
 lbl38 (43) : RETURN	 Stack:-1	Consumes:[] Produces:[] sources  lbl37 targets 
 lbl39 (44) : NOP	 Stack:-1	Consumes:[] Produces:[] sources  targets  lbl40
 lbl40 (45) : IMUL	 Stack:-1	Consumes:[] Produces:[] sources  lbl39 targets  lbl41
 lbl41 (46) : LUSHR	 Stack:-1	Consumes:[] Produces:[] sources  lbl40 targets  lbl42
 lbl42 (47) : IF_ACMPNE	 Stack:-1	Consumes:[] Produces:[] sources  lbl41 targets  lbl43 lbl18
 lbl43 (50) : LSTORE_0	 Stack:-1	Consumes:[] Produces:[] sources  lbl42 targets  lbl44
 lbl44 (51) : ISHL	 Stack:-1	Consumes:[] Produces:[] sources  lbl43 targets  lbl45
 lbl45 (52) : NOP	 Stack:-1	Consumes:[] Produces:[] sources  lbl44 targets  lbl46
 lbl46 (53) : FALOAD	 Stack:-1	Consumes:[] Produces:[] sources  lbl45 targets  lbl47
 lbl47 (54) : RETURN	 Stack:-1	Consumes:[] Produces:[] sources  lbl46 targets 
 lbl48 (55) : NOP	 Stack:-1	Consumes:[] Produces:[] sources  targets  lbl49
 lbl49 (56) : FMUL	 Stack:-1	Consumes:[] Produces:[] sources  lbl48 targets  lbl50
 lbl50 (57) : LLOAD_2	 Stack:-1	Consumes:[] Produces:[] sources  lbl49 targets  lbl51
 lbl51 (58) : LSTORE_2	 Stack:-1	Consumes:[] Produces:[] sources  lbl50 lbl71 targets  lbl52
 lbl52 (59) : LCMP	 Stack:-1	Consumes:[] Produces:[] sources  lbl51 targets  lbl53
 lbl53 (60) : NOP	 Stack:-1	Consumes:[] Produces:[] sources  lbl52 targets  lbl54
 lbl54 (61) : INEG	 Stack:-1	Consumes:[] Produces:[] sources  lbl53 targets  lbl55
 lbl55 (62) : ACONST_NULL	 Stack:-1	Consumes:[] Produces:[] sources  lbl54 targets  lbl56
 lbl56 (63) : NOP	 Stack:-1	Consumes:[] Produces:[] sources  lbl55 targets  lbl57
 lbl57 (64) : IALOAD	 Stack:-1	Consumes:[] Produces:[] sources  lbl56 targets  lbl58
 lbl58 (65) : NOP	 Stack:-1	Consumes:[] Produces:[] sources  lbl57 targets  lbl59
 lbl59 (66) : ILOAD	 Stack:-1	Consumes:[] Produces:[] sources  lbl58 targets  lbl60
 lbl60 (68) : LCMP	 Stack:-1	Consumes:[] Produces:[] sources  lbl59 targets  lbl61
 lbl61 (69) : NOP	 Stack:-1	Consumes:[] Produces:[] sources  lbl60 targets  lbl62
 lbl62 (70) : LNEG	 Stack:-1	Consumes:[] Produces:[] sources  lbl61 targets  lbl63
 lbl63 (71) : ACONST_NULL	 Stack:-1	Consumes:[] Produces:[] sources  lbl62 targets  lbl64
 lbl64 (72) : NOP	 Stack:-1	Consumes:[] Produces:[] sources  lbl63 targets  lbl65
 lbl65 (73) : ISTORE	 Stack:-1	Consumes:[] Produces:[] sources  lbl64 targets  lbl66
 lbl66 (75) : SIPUSH	 Stack:-1	Consumes:[] Produces:[] sources  lbl65 targets  lbl67
 lbl67 (78) : LSTORE_0	 Stack:-1	Consumes:[] Produces:[] sources  lbl66 lbl75 targets  lbl68
 lbl68 (79) : RETURN	 Stack:-1	Consumes:[] Produces:[] sources  lbl67 targets 
 lbl69 (80) : NOP	 Stack:-1	Consumes:[] Produces:[] sources  targets  lbl70
 lbl70 (81) : DUP	 Stack:-1	Consumes:[] Produces:[] sources  lbl69 targets  lbl71
 lbl71 (82) : IF_ACMPNE	 Stack:-1	Consumes:[] Produces:[] sources  lbl70 targets  lbl72 lbl51
 lbl72 (85) : ISUB	 Stack:-1	Consumes:[] Produces:[] sources  lbl71 targets  lbl73
 lbl73 (76) : LLOAD_3	 Stack:-1	Consumes:[] Produces:[] sources  lbl10 lbl72 targets  lbl74
 lbl74 (77) : LSTORE_3	 Stack:-1	Consumes:[] Produces:[] sources  lbl73 targets  lbl75
 lbl75 (-75) : GOTO	 Stack:-1	Consumes:[] Produces:[] sources  lbl74 targets  lbl67
----[known stack info]------------

 lbl0 (-1) : NOP	 Stack:0	Consumes:[] Produces:[] sources  targets  lbl1
 lbl1 (0) : LSTORE_0	 Stack:0	Consumes:[null ] Produces:[] sources  lbl0 targets  lbl2
 lbl2 (1) : LSTORE_1	 Stack:-1	Consumes:[] Produces:[] sources  lbl1 targets  lbl3
 lbl3 (2) : MONITORENTER	 Stack:-1	Consumes:[] Produces:[] sources  lbl2 targets  lbl4
 lbl4 (3) : NOP	 Stack:-1	Consumes:[] Produces:[] sources  lbl3 targets  lbl5
 lbl5 (4) : ISTORE_2	 Stack:-1	Consumes:[] Produces:[] sources  lbl4 targets  lbl6
 lbl6 (5) : LSTORE_0	 Stack:-1	Consumes:[] Produces:[] sources  lbl5 targets  lbl7
 lbl7 (6) : ISHL	 Stack:-1	Consumes:[] Produces:[] sources  lbl6 targets  lbl8
 lbl8 (7) : NOP	 Stack:-1	Consumes:[] Produces:[] sources  lbl7 targets  lbl9
 lbl9 (8) : DALOAD	 Stack:-1	Consumes:[] Produces:[] sources  lbl8 targets  lbl10
 lbl10 (9) : IF_ICMPLE	 Stack:-1	Consumes:[] Produces:[] sources  lbl9 targets  lbl11 lbl73
 lbl11 (12) : ISHL	 Stack:-1	Consumes:[] Produces:[] sources  lbl10 targets  lbl12
 lbl12 (13) : NOP	 Stack:-1	Consumes:[] Produces:[] sources  lbl11 targets  lbl13
 lbl13 (14) : AALOAD	 Stack:-1	Consumes:[] Produces:[] sources  lbl12 targets  lbl14
 lbl14 (15) : RETURN	 Stack:-1	Consumes:[] Produces:[] sources  lbl13 targets 
 lbl15 (16) : NOP	 Stack:-1	Consumes:[] Produces:[] sources  targets  lbl16
 lbl16 (17) : FMUL	 Stack:-1	Consumes:[] Produces:[] sources  lbl15 targets  lbl17
 lbl17 (18) : LLOAD_2	 Stack:-1	Consumes:[] Produces:[] sources  lbl16 targets  lbl18
 lbl18 (19) : LSTORE_2	 Stack:-1	Consumes:[] Produces:[] sources  lbl17 lbl42 targets  lbl19
 lbl19 (20) : LCMP	 Stack:-1	Consumes:[] Produces:[] sources  lbl18 targets  lbl20
 lbl20 (21) : NOP	 Stack:-1	Consumes:[] Produces:[] sources  lbl19 targets  lbl21
 lbl21 (22) : INEG	 Stack:-1	Consumes:[] Produces:[] sources  lbl20 targets  lbl22
 lbl22 (23) : ACONST_NULL	 Stack:-1	Consumes:[] Produces:[] sources  lbl21 targets  lbl23
 lbl23 (24) : NOP	 Stack:-1	Consumes:[] Produces:[] sources  lbl22 targets  lbl24
 lbl24 (25) : IALOAD	 Stack:-1	Consumes:[] Produces:[] sources  lbl23 targets  lbl25
 lbl25 (26) : NOP	 Stack:-1	Consumes:[] Produces:[] sources  lbl24 targets  lbl26
 lbl26 (27) : ALOAD	 Stack:-1	Consumes:[] Produces:[] sources  lbl25 targets  lbl27
 lbl27 (29) : LCMP	 Stack:-1	Consumes:[] Produces:[] sources  lbl26 targets  lbl28
 lbl28 (30) : NOP	 Stack:-1	Consumes:[] Produces:[] sources  lbl27 targets  lbl29
 lbl29 (31) : LNEG	 Stack:-1	Consumes:[] Produces:[] sources  lbl28 targets  lbl30
 lbl30 (32) : ACONST_NULL	 Stack:-1	Consumes:[] Produces:[] sources  lbl29 targets  lbl31
 lbl31 (33) : NOP	 Stack:-1	Consumes:[] Produces:[] sources  lbl30 targets  lbl32
 lbl32 (34) : ISTORE	 Stack:-1	Consumes:[] Produces:[] sources  lbl31 targets  lbl33
 lbl33 (36) : SIPUSH	 Stack:-1	Consumes:[] Produces:[] sources  lbl32 targets  lbl34
 lbl34 (39) : ISHL	 Stack:-1	Consumes:[] Produces:[] sources  lbl33 targets  lbl35
 lbl35 (40) : NOP	 Stack:-1	Consumes:[] Produces:[] sources  lbl34 targets  lbl36
 lbl36 (41) : FALOAD	 Stack:-1	Consumes:[] Produces:[] sources  lbl35 targets  lbl37
 lbl37 (42) : LSTORE_3	 Stack:-1	Consumes:[] Produces:[] sources  lbl36 targets  lbl38
 lbl38 (43) : RETURN	 Stack:-1	Consumes:[] Produces:[] sources  lbl37 targets 
 lbl39 (44) : NOP	 Stack:-1	Consumes:[] Produces:[] sources  targets  lbl40
 lbl40 (45) : IMUL	 Stack:-1	Consumes:[] Produces:[] sources  lbl39 targets  lbl41
 lbl41 (46) : LUSHR	 Stack:-1	Consumes:[] Produces:[] sources  lbl40 targets  lbl42
 lbl42 (47) : IF_ACMPNE	 Stack:-1	Consumes:[] Produces:[] sources  lbl41 targets  lbl43 lbl18
 lbl43 (50) : LSTORE_0	 Stack:-1	Consumes:[] Produces:[] sources  lbl42 targets  lbl44
 lbl44 (51) : ISHL	 Stack:-1	Consumes:[] Produces:[] sources  lbl43 targets  lbl45
 lbl45 (52) : NOP	 Stack:-1	Consumes:[] Produces:[] sources  lbl44 targets  lbl46
 lbl46 (53) : FALOAD	 Stack:-1	Consumes:[] Produces:[] sources  lbl45 targets  lbl47
 lbl47 (54) : RETURN	 Stack:-1	Consumes:[] Produces:[] sources  lbl46 targets 
 lbl48 (55) : NOP	 Stack:-1	Consumes:[] Produces:[] sources  targets  lbl49
 lbl49 (56) : FMUL	 Stack:-1	Consumes:[] Produces:[] sources  lbl48 targets  lbl50
 lbl50 (57) : LLOAD_2	 Stack:-1	Consumes:[] Produces:[] sources  lbl49 targets  lbl51
 lbl51 (58) : LSTORE_2	 Stack:-1	Consumes:[] Produces:[] sources  lbl50 lbl71 targets  lbl52
 lbl52 (59) : LCMP	 Stack:-1	Consumes:[] Produces:[] sources  lbl51 targets  lbl53
 lbl53 (60) : NOP	 Stack:-1	Consumes:[] Produces:[] sources  lbl52 targets  lbl54
 lbl54 (61) : INEG	 Stack:-1	Consumes:[] Produces:[] sources  lbl53 targets  lbl55
 lbl55 (62) : ACONST_NULL	 Stack:-1	Consumes:[] Produces:[] sources  lbl54 targets  lbl56
 lbl56 (63) : NOP	 Stack:-1	Consumes:[] Produces:[] sources  lbl55 targets  lbl57
 lbl57 (64) : IALOAD	 Stack:-1	Consumes:[] Produces:[] sources  lbl56 targets  lbl58
 lbl58 (65) : NOP	 Stack:-1	Consumes:[] Produces:[] sources  lbl57 targets  lbl59
 lbl59 (66) : ILOAD	 Stack:-1	Consumes:[] Produces:[] sources  lbl58 targets  lbl60
 lbl60 (68) : LCMP	 Stack:-1	Consumes:[] Produces:[] sources  lbl59 targets  lbl61
 lbl61 (69) : NOP	 Stack:-1	Consumes:[] Produces:[] sources  lbl60 targets  lbl62
 lbl62 (70) : LNEG	 Stack:-1	Consumes:[] Produces:[] sources  lbl61 targets  lbl63
 lbl63 (71) : ACONST_NULL	 Stack:-1	Consumes:[] Produces:[] sources  lbl62 targets  lbl64
 lbl64 (72) : NOP	 Stack:-1	Consumes:[] Produces:[] sources  lbl63 targets  lbl65
 lbl65 (73) : ISTORE	 Stack:-1	Consumes:[] Produces:[] sources  lbl64 targets  lbl66
 lbl66 (75) : SIPUSH	 Stack:-1	Consumes:[] Produces:[] sources  lbl65 targets  lbl67
 lbl67 (78) : LSTORE_0	 Stack:-1	Consumes:[] Produces:[] sources  lbl66 lbl75 targets  lbl68
 lbl68 (79) : RETURN	 Stack:-1	Consumes:[] Produces:[] sources  lbl67 targets 
 lbl69 (80) : NOP	 Stack:-1	Consumes:[] Produces:[] sources  targets  lbl70
 lbl70 (81) : DUP	 Stack:-1	Consumes:[] Produces:[] sources  lbl69 targets  lbl71
 lbl71 (82) : IF_ACMPNE	 Stack:-1	Consumes:[] Produces:[] sources  lbl70 targets  lbl72 lbl51
 lbl72 (85) : ISUB	 Stack:-1	Consumes:[] Produces:[] sources  lbl71 targets  lbl73
 lbl73 (76) : LLOAD_3	 Stack:-1	Consumes:[] Produces:[] sources  lbl10 lbl72 targets  lbl74
 lbl74 (77) : LSTORE_3	 Stack:-1	Consumes:[] Produces:[] sources  lbl73 targets  lbl75
 lbl75 (-75) : GOTO	 Stack:-1	Consumes:[] Produces:[] sources  lbl74 targets  lbl67
----[known stack info]------------

 lbl0 (-1) : NOP	 Stack:0	Consumes:[] Produces:[] sources  targets  lbl1
 lbl1 (0) : LSTORE_0	 Stack:0	Consumes:[null ] Produces:[] sources  lbl0 targets  lbl2
 lbl2 (1) : LSTORE_1	 Stack:-1	Consumes:[] Produces:[] sources  lbl1 targets  lbl3
 lbl3 (2) : MONITORENTER	 Stack:-1	Consumes:[] Produces:[] sources  lbl2 targets  lbl4
 lbl4 (3) : NOP	 Stack:-1	Consumes:[] Produces:[] sources  lbl3 targets  lbl5
 lbl5 (4) : ISTORE_2	 Stack:-1	Consumes:[] Produces:[] sources  lbl4 targets  lbl6
 lbl6 (5) : LSTORE_0	 Stack:-1	Consumes:[] Produces:[] sources  lbl5 targets  lbl7
 lbl7 (6) : ISHL	 Stack:-1	Consumes:[] Produces:[] sources  lbl6 targets  lbl8
 lbl8 (7) : NOP	 Stack:-1	Consumes:[] Produces:[] sources  lbl7 targets  lbl9
 lbl9 (8) : DALOAD	 Stack:-1	Consumes:[] Produces:[] sources  lbl8 targets  lbl10
 lbl10 (9) : IF_ICMPLE	 Stack:-1	Consumes:[] Produces:[] sources  lbl9 targets  lbl11 lbl73
 lbl11 (12) : ISHL	 Stack:-1	Consumes:[] Produces:[] sources  lbl10 targets  lbl12
 lbl12 (13) : NOP	 Stack:-1	Consumes:[] Produces:[] sources  lbl11 targets  lbl13
 lbl13 (14) : AALOAD	 Stack:-1	Consumes:[] Produces:[] sources  lbl12 targets  lbl14
 lbl14 (15) : RETURN	 Stack:-1	Consumes:[] Produces:[] sources  lbl13 targets 
 lbl15 (16) : NOP	 Stack:-1	Consumes:[] Produces:[] sources  targets  lbl16
 lbl16 (17) : FMUL	 Stack:-1	Consumes:[] Produces:[] sources  lbl15 targets  lbl17
 lbl17 (18) : LLOAD_2	 Stack:-1	Consumes:[] Produces:[] sources  lbl16 targets  lbl18
 lbl18 (19) : LSTORE_2	 Stack:-1	Consumes:[] Produces:[] sources  lbl17 lbl42 targets  lbl19
 lbl19 (20) : LCMP	 Stack:-1	Consumes:[] Produces:[] sources  lbl18 targets  lbl20
 lbl20 (21) : NOP	 Stack:-1	Consumes:[] Produces:[] sources  lbl19 targets  lbl21
 lbl21 (22) : INEG	 Stack:-1	Consumes:[] Produces:[] sources  lbl20 targets  lbl22
 lbl22 (23) : ACONST_NULL	 Stack:-1	Consumes:[] Produces:[] sources  lbl21 targets  lbl23
 lbl23 (24) : NOP	 Stack:-1	Consumes:[] Produces:[] sources  lbl22 targets  lbl24
 lbl24 (25) : IALOAD	 Stack:-1	Consumes:[] Produces:[] sources  lbl23 targets  lbl25
 lbl25 (26) : NOP	 Stack:-1	Consumes:[] Produces:[] sources  lbl24 targets  lbl26
 lbl26 (27) : ALOAD	 Stack:-1	Consumes:[] Produces:[] sources  lbl25 targets  lbl27
 lbl27 (29) : LCMP	 Stack:-1	Consumes:[] Produces:[] sources  lbl26 targets  lbl28
 lbl28 (30) : NOP	 Stack:-1	Consumes:[] Produces:[] sources  lbl27 targets  lbl29
 lbl29 (31) : LNEG	 Stack:-1	Consumes:[] Produces:[] sources  lbl28 targets  lbl30
 lbl30 (32) : ACONST_NULL	 Stack:-1	Consumes:[] Produces:[] sources  lbl29 targets  lbl31
 lbl31 (33) : NOP	 Stack:-1	Consumes:[] Produces:[] sources  lbl30 targets  lbl32
 lbl32 (34) : ISTORE	 Stack:-1	Consumes:[] Produces:[] sources  lbl31 targets  lbl33
 lbl33 (36) : SIPUSH	 Stack:-1	Consumes:[] Produces:[] sources  lbl32 targets  lbl34
 lbl34 (39) : ISHL	 Stack:-1	Consumes:[] Produces:[] sources  lbl33 targets  lbl35
 lbl35 (40) : NOP	 Stack:-1	Consumes:[] Produces:[] sources  lbl34 targets  lbl36
 lbl36 (41) : FALOAD	 Stack:-1	Consumes:[] Produces:[] sources  lbl35 targets  lbl37
 lbl37 (42) : LSTORE_3	 Stack:-1	Consumes:[] Produces:[] sources  lbl36 targets  lbl38
 lbl38 (43) : RETURN	 Stack:-1	Consumes:[] Produces:[] sources  lbl37 targets 
 lbl39 (44) : NOP	 Stack:-1	Consumes:[] Produces:[] sources  targets  lbl40
 lbl40 (45) : IMUL	 Stack:-1	Consumes:[] Produces:[] sources  lbl39 targets  lbl41
 lbl41 (46) : LUSHR	 Stack:-1	Consumes:[] Produces:[] sources  lbl40 targets  lbl42
 lbl42 (47) : IF_ACMPNE	 Stack:-1	Consumes:[] Produces:[] sources  lbl41 targets  lbl43 lbl18
 lbl43 (50) : LSTORE_0	 Stack:-1	Consumes:[] Produces:[] sources  lbl42 targets  lbl44
 lbl44 (51) : ISHL	 Stack:-1	Consumes:[] Produces:[] sources  lbl43 targets  lbl45
 lbl45 (52) : NOP	 Stack:-1	Consumes:[] Produces:[] sources  lbl44 targets  lbl46
 lbl46 (53) : FALOAD	 Stack:-1	Consumes:[] Produces:[] sources  lbl45 targets  lbl47
 lbl47 (54) : RETURN	 Stack:-1	Consumes:[] Produces:[] sources  lbl46 targets 
 lbl48 (55) : NOP	 Stack:-1	Consumes:[] Produces:[] sources  targets  lbl49
 lbl49 (56) : FMUL	 Stack:-1	Consumes:[] Produces:[] sources  lbl48 targets  lbl50
 lbl50 (57) : LLOAD_2	 Stack:-1	Consumes:[] Produces:[] sources  lbl49 targets  lbl51
 lbl51 (58) : LSTORE_2	 Stack:-1	Consumes:[] Produces:[] sources  lbl50 lbl71 targets  lbl52
 lbl52 (59) : LCMP	 Stack:-1	Consumes:[] Produces:[] sources  lbl51 targets  lbl53
 lbl53 (60) : NOP	 Stack:-1	Consumes:[] Produces:[] sources  lbl52 targets  lbl54
 lbl54 (61) : INEG	 Stack:-1	Consumes:[] Produces:[] sources  lbl53 targets  lbl55
 lbl55 (62) : ACONST_NULL	 Stack:-1	Consumes:[] Produces:[] sources  lbl54 targets  lbl56
 lbl56 (63) : NOP	 Stack:-1	Consumes:[] Produces:[] sources  lbl55 targets  lbl57
 lbl57 (64) : IALOAD	 Stack:-1	Consumes:[] Produces:[] sources  lbl56 targets  lbl58
 lbl58 (65) : NOP	 Stack:-1	Consumes:[] Produces:[] sources  lbl57 targets  lbl59
 lbl59 (66) : ILOAD	 Stack:-1	Consumes:[] Produces:[] sources  lbl58 targets  lbl60
 lbl60 (68) : LCMP	 Stack:-1	Consumes:[] Produces:[] sources  lbl59 targets  lbl61
 lbl61 (69) : NOP	 Stack:-1	Consumes:[] Produces:[] sources  lbl60 targets  lbl62
 lbl62 (70) : LNEG	 Stack:-1	Consumes:[] Produces:[] sources  lbl61 targets  lbl63
 lbl63 (71) : ACONST_NULL	 Stack:-1	Consumes:[] Produces:[] sources  lbl62 targets  lbl64
 lbl64 (72) : NOP	 Stack:-1	Consumes:[] Produces:[] sources  lbl63 targets  lbl65
 lbl65 (73) : ISTORE	 Stack:-1	Consumes:[] Produces:[] sources  lbl64 targets  lbl66
 lbl66 (75) : SIPUSH	 Stack:-1	Consumes:[] Produces:[] sources  lbl65 targets  lbl67
 lbl67 (78) : LSTORE_0	 Stack:-1	Consumes:[] Produces:[] sources  lbl66 lbl75 targets  lbl68
 lbl68 (79) : RETURN	 Stack:-1	Consumes:[] Produces:[] sources  lbl67 targets 
 lbl69 (80) : NOP	 Stack:-1	Consumes:[] Produces:[] sources  targets  lbl70
 lbl70 (81) : DUP	 Stack:-1	Consumes:[] Produces:[] sources  lbl69 targets  lbl71
 lbl71 (82) : IF_ACMPNE	 Stack:-1	Consumes:[] Produces:[] sources  lbl70 targets  lbl72 lbl51
 lbl72 (85) : ISUB	 Stack:-1	Consumes:[] Produces:[] sources  lbl71 targets  lbl73
 lbl73 (76) : LLOAD_3	 Stack:-1	Consumes:[] Produces:[] sources  lbl10 lbl72 targets  lbl74
 lbl74 (77) : LSTORE_3	 Stack:-1	Consumes:[] Produces:[] sources  lbl73 targets  lbl75
 lbl75 (-75) : GOTO	 Stack:-1	Consumes:[] Produces:[] sources  lbl74 targets  lbl67
----[known stack info]------------

 lbl0 (-1) : NOP	 Stack:0	Consumes:[] Produces:[] sources  targets  lbl1
 lbl1 (0) : DDIV	 Stack:0	Consumes:[null ] Produces:[] sources  lbl0 targets  lbl2
 lbl2 (1) : DLOAD	 Stack:-1	Consumes:[] Produces:[] sources  lbl1 targets 
----[known stack info]------------

 lbl0 (-1) : NOP	 Stack:0	Consumes:[] Produces:[] sources  targets  lbl1
 lbl1 (0) : DDIV	 Stack:0	Consumes:[null ] Produces:[] sources  lbl0 targets  lbl2
 lbl2 (1) : DLOAD	 Stack:-1	Consumes:[] Produces:[] sources  lbl1 targets 
----[known stack info]------------

 lbl0 (-1) : NOP	 Stack:0	Consumes:[] Produces:[] sources  targets  lbl1
 lbl1 (0) : DDIV	 Stack:0	Consumes:[null ] Produces:[] sources  lbl0 targets  lbl2
 lbl2 (1) : DLOAD	 Stack:-1	Consumes:[] Produces:[] sources  lbl1 targets 
----[known stack info]------------

 lbl0 (-1) : NOP	 Stack:0	Consumes:[] Produces:[] sources  targets  lbl1
 lbl1 (0) : DDIV	 Stack:0	Consumes:[null ] Produces:[] sources  lbl0 targets  lbl2
 lbl2 (1) : DLOAD	 Stack:-1	Consumes:[] Produces:[] sources  lbl1 targets 
----[known stack info]------------

 lbl0 (-1) : NOP	 Stack:0	Consumes:[] Produces:[] sources  targets  lbl1
 lbl1 (0) : DDIV	 Stack:0	Consumes:[null ] Produces:[] sources  lbl0 targets  lbl2
 lbl2 (1) : DLOAD	 Stack:-1	Consumes:[] Produces:[] sources  lbl1 targets 
----[known stack info]------------

 lbl0 (-1) : NOP	 Stack:0	Consumes:[] Produces:[] sources  targets  lbl1
 lbl1 (0) : DDIV	 Stack:0	Consumes:[null ] Produces:[] sources  lbl0 targets  lbl2
 lbl2 (1) : DLOAD	 Stack:-1	Consumes:[] Produces:[] sources  lbl1 targets 
----[known stack info]------------

 lbl0 (-1) : NOP	 Stack:0	Consumes:[] Produces:[] sources  targets  lbl1
 lbl1 (0) : DDIV	 Stack:0	Consumes:[null ] Produces:[] sources  lbl0 targets  lbl2
 lbl2 (1) : DLOAD	 Stack:-1	Consumes:[] Produces:[] sources  lbl1 targets 
----[known stack info]------------

 lbl0 (-1) : NOP	 Stack:0	Consumes:[] Produces:[] sources  targets  lbl1
 lbl1 (0) : DDIV	 Stack:0	Consumes:[null ] Produces:[] sources  lbl0 targets  lbl2
 lbl2 (1) : DLOAD	 Stack:-1	Consumes:[] Produces:[] sources  lbl1 targets 
----[known stack info]------------

 lbl0 (-1) : NOP	 Stack:0	Consumes:[] Produces:[] sources  targets  lbl1
 lbl1 (0) : DDIV	 Stack:0	Consumes:[null ] Produces:[] sources  lbl0 targets  lbl2
 lbl2 (1) : DLOAD	 Stack:-1	Consumes:[] Produces:[] sources  lbl1 targets 
----[known stack info]------------

 lbl0 (-1) : NOP	 Stack:0	Consumes:[] Produces:[] sources  targets  lbl1
 lbl1 (0) : DDIV	 Stack:0	Consumes:[null ] Produces:[] sources  lbl0 targets  lbl2
 lbl2 (1) : DLOAD	 Stack:-1	Consumes:[] Produces:[] sources  lbl1 targets 
----[known stack info]------------

 lbl0 (-1) : NOP	 Stack:0	Consumes:[] Produces:[] sources  targets  lbl1
 lbl1 (0) : LSTORE_0	 Stack:0	Consumes:[null ] Produces:[] sources  lbl0 targets  lbl2
 lbl2 (1) : MONITORENTER	 Stack:-1	Consumes:[] Produces:[] sources  lbl1 targets  lbl3
 lbl3 (2) : NOP	 Stack:-1	Consumes:[] Produces:[] sources  lbl2 targets  lbl4
 lbl4 (3) : BALOAD	 Stack:-1	Consumes:[] Produces:[] sources  lbl3 targets  lbl5
 lbl5 (4) : ISUB	 Stack:-1	Consumes:[] Produces:[] sources  lbl4 targets 
----[known stack info]------------

 lbl0 (-1) : NOP	 Stack:0	Consumes:[] Produces:[] sources  targets  lbl1
 lbl1 (0) : LSTORE_0	 Stack:0	Consumes:[null ] Produces:[] sources  lbl0 targets  lbl2
 lbl2 (1) : MONITORENTER	 Stack:-1	Consumes:[] Produces:[] sources  lbl1 targets  lbl3
 lbl3 (2) : NOP	 Stack:-1	Consumes:[] Produces:[] sources  lbl2 targets  lbl4
 lbl4 (3) : BALOAD	 Stack:-1	Consumes:[] Produces:[] sources  lbl3 targets  lbl5
 lbl5 (4) : ISUB	 Stack:-1	Consumes:[] Produces:[] sources  lbl4 targets 
----[known stack info]------------

 lbl0 (-1) : NOP	 Stack:0	Consumes:[] Produces:[] sources  targets  lbl1
 lbl1 (0) : LSTORE_0	 Stack:0	Consumes:[null ] Produces:[] sources  lbl0 targets  lbl2
 lbl2 (1) : MONITORENTER	 Stack:-1	Consumes:[] Produces:[] sources  lbl1 targets  lbl3
 lbl3 (2) : NOP	 Stack:-1	Consumes:[] Produces:[] sources  lbl2 targets  lbl4
 lbl4 (3) : BALOAD	 Stack:-1	Consumes:[] Produces:[] sources  lbl3 targets  lbl5
 lbl5 (4) : ISUB	 Stack:-1	Consumes:[] Produces:[] sources  lbl4 targets 
----[known stack info]------------

 lbl0 (-1) : NOP	 Stack:0	Consumes:[] Produces:[] sources  targets  lbl1
 lbl1 (0) : LSTORE_0	 Stack:0	Consumes:[null ] Produces:[] sources  lbl0 targets  lbl2
 lbl2 (1) : MONITORENTER	 Stack:-1	Consumes:[] Produces:[] sources  lbl1 targets  lbl3
 lbl3 (2) : NOP	 Stack:-1	Consumes:[] Produces:[] sources  lbl2 targets  lbl4
 lbl4 (3) : BALOAD	 Stack:-1	Consumes:[] Produces:[] sources  lbl3 targets  lbl5
 lbl5 (4) : ISUB	 Stack:-1	Consumes:[] Produces:[] sources  lbl4 targets 
----[known stack info]------------

 lbl0 (-1) : NOP	 Stack:0	Consumes:[] Produces:[] sources  targets  lbl1
 lbl1 (0) : LSTORE_0	 Stack:0	Consumes:[null ] Produces:[] sources  lbl0 targets  lbl2
 lbl2 (1) : MONITORENTER	 Stack:-1	Consumes:[] Produces:[] sources  lbl1 targets  lbl3
 lbl3 (2) : NOP	 Stack:-1	Consumes:[] Produces:[] sources  lbl2 targets  lbl4
 lbl4 (3) : BALOAD	 Stack:-1	Consumes:[] Produces:[] sources  lbl3 targets  lbl5
 lbl5 (4) : ISUB	 Stack:-1	Consumes:[] Produces:[] sources  lbl4 targets 
----[known stack info]------------

 lbl0 (-1) : NOP	 Stack:0	Consumes:[] Produces:[] sources  targets  lbl1
 lbl1 (0) : LSTORE_0	 Stack:0	Consumes:[null ] Produces:[] sources  lbl0 targets  lbl2
 lbl2 (1) : MONITORENTER	 Stack:-1	Consumes:[] Produces:[] sources  lbl1 targets  lbl3
 lbl3 (2) : NOP	 Stack:-1	Consumes:[] Produces:[] sources  lbl2 targets  lbl4
 lbl4 (3) : BALOAD	 Stack:-1	Consumes:[] Produces:[] sources  lbl3 targets  lbl5
 lbl5 (4) : ISUB	 Stack:-1	Consumes:[] Produces:[] sources  lbl4 targets 
----[known stack info]------------

 lbl0 (-1) : NOP	 Stack:0	Consumes:[] Produces:[] sources  targets  lbl1
 lbl1 (0) : LSTORE_0	 Stack:0	Consumes:[null ] Produces:[] sources  lbl0 targets  lbl2
 lbl2 (1) : MONITORENTER	 Stack:-1	Consumes:[] Produces:[] sources  lbl1 targets  lbl3
 lbl3 (2) : NOP	 Stack:-1	Consumes:[] Produces:[] sources  lbl2 targets  lbl4
 lbl4 (3) : BALOAD	 Stack:-1	Consumes:[] Produces:[] sources  lbl3 targets  lbl5
 lbl5 (4) : ISUB	 Stack:-1	Consumes:[] Produces:[] sources  lbl4 targets 
----[known stack info]------------

 lbl0 (-1) : NOP	 Stack:0	Consumes:[] Produces:[] sources  targets  lbl1
 lbl1 (0) : LSTORE_0	 Stack:0	Consumes:[null ] Produces:[] sources  lbl0 targets  lbl2
 lbl2 (1) : MONITORENTER	 Stack:-1	Consumes:[] Produces:[] sources  lbl1 targets  lbl3
 lbl3 (2) : NOP	 Stack:-1	Consumes:[] Produces:[] sources  lbl2 targets  lbl4
 lbl4 (3) : BALOAD	 Stack:-1	Consumes:[] Produces:[] sources  lbl3 targets  lbl5
 lbl5 (4) : ISUB	 Stack:-1	Consumes:[] Produces:[] sources  lbl4 targets 
----[known stack info]------------

 lbl0 (-1) : NOP	 Stack:0	Consumes:[] Produces:[] sources  targets  lbl1
 lbl1 (0) : LSTORE_0	 Stack:0	Consumes:[null ] Produces:[] sources  lbl0 targets  lbl2
 lbl2 (1) : MONITORENTER	 Stack:-1	Consumes:[] Produces:[] sources  lbl1 targets  lbl3
 lbl3 (2) : NOP	 Stack:-1	Consumes:[] Produces:[] sources  lbl2 targets  lbl4
 lbl4 (3) : BALOAD	 Stack:-1	Consumes:[] Produces:[] sources  lbl3 targets  lbl5
 lbl5 (4) : ISUB	 Stack:-1	Consumes:[] Produces:[] sources  lbl4 targets 
----[known stack info]------------

 lbl0 (-1) : NOP	 Stack:0	Consumes:[] Produces:[] sources  targets  lbl1
 lbl1 (0) : LSTORE_0	 Stack:0	Consumes:[null ] Produces:[] sources  lbl0 targets  lbl2
 lbl2 (1) : MONITORENTER	 Stack:-1	Consumes:[] Produces:[] sources  lbl1 targets  lbl3
 lbl3 (2) : NOP	 Stack:-1	Consumes:[] Produces:[] sources  lbl2 targets  lbl4
 lbl4 (3) : BALOAD	 Stack:-1	Consumes:[] Produces:[] sources  lbl3 targets  lbl5
 lbl5 (4) : ISUB	 Stack:-1	Consumes:[] Produces:[] sources  lbl4 targets 
----[known stack info]------------

 lbl0 (-1) : NOP	 Stack:0	Consumes:[] Produces:[] sources  targets  lbl1
 lbl1 (0) : LSTORE_0	 Stack:0	Consumes:[null ] Produces:[] sources  lbl0 targets  lbl2
 lbl2 (1) : MONITORENTER	 Stack:-1	Consumes:[] Produces:[] sources  lbl1 targets  lbl3
 lbl3 (2) : NOP	 Stack:-1	Consumes:[] Produces:[] sources  lbl2 targets  lbl4
 lbl4 (3) : LCONST_1	 Stack:-1	Consumes:[] Produces:[] sources  lbl3 targets  lbl5
 lbl5 (4) : ISUB	 Stack:-1	Consumes:[] Produces:[] sources  lbl4 targets 
----[known stack info]------------

 lbl0 (-1) : NOP	 Stack:0	Consumes:[] Produces:[] sources  targets  lbl1
 lbl1 (0) : LSTORE_0	 Stack:0	Consumes:[null ] Produces:[] sources  lbl0 targets  lbl2
 lbl2 (1) : MONITORENTER	 Stack:-1	Consumes:[] Produces:[] sources  lbl1 targets  lbl3
 lbl3 (2) : NOP	 Stack:-1	Consumes:[] Produces:[] sources  lbl2 targets  lbl4
 lbl4 (3) : LCONST_1	 Stack:-1	Consumes:[] Produces:[] sources  lbl3 targets  lbl5
 lbl5 (4) : ISUB	 Stack:-1	Consumes:[] Produces:[] sources  lbl4 targets 
----[known stack info]------------

 lbl0 (-1) : NOP	 Stack:0	Consumes:[] Produces:[] sources  targets  lbl1
 lbl1 (0) : LSTORE_0	 Stack:0	Consumes:[null ] Produces:[] sources  lbl0 targets  lbl2
 lbl2 (1) : MONITORENTER	 Stack:-1	Consumes:[] Produces:[] sources  lbl1 targets  lbl3
 lbl3 (2) : NOP	 Stack:-1	Consumes:[] Produces:[] sources  lbl2 targets  lbl4
 lbl4 (3) : LCONST_1	 Stack:-1	Consumes:[] Produces:[] sources  lbl3 targets  lbl5
 lbl5 (4) : ISUB	 Stack:-1	Consumes:[] Produces:[] sources  lbl4 targets 
----[known stack info]------------

 lbl0 (-1) : NOP	 Stack:0	Consumes:[] Produces:[] sources  targets  lbl1
 lbl1 (0) : LSTORE_0	 Stack:0	Consumes:[null ] Produces:[] sources  lbl0 targets  lbl2
 lbl2 (1) : MONITORENTER	 Stack:-1	Consumes:[] Produces:[] sources  lbl1 targets  lbl3
 lbl3 (2) : NOP	 Stack:-1	Consumes:[] Produces:[] sources  lbl2 targets  lbl4
 lbl4 (3) : LCONST_1	 Stack:-1	Consumes:[] Produces:[] sources  lbl3 targets  lbl5
 lbl5 (4) : ISUB	 Stack:-1	Consumes:[] Produces:[] sources  lbl4 targets 
----[known stack info]------------

 lbl0 (-1) : NOP	 Stack:0	Consumes:[] Produces:[] sources  targets  lbl1
 lbl1 (0) : LSTORE_0	 Stack:0	Consumes:[null ] Produces:[] sources  lbl0 targets  lbl2
 lbl2 (1) : MONITORENTER	 Stack:-1	Consumes:[] Produces:[] sources  lbl1 targets  lbl3
 lbl3 (2) : NOP	 Stack:-1	Consumes:[] Produces:[] sources  lbl2 targets  lbl4
 lbl4 (3) : LCONST_1	 Stack:-1	Consumes:[] Produces:[] sources  lbl3 targets  lbl5
 lbl5 (4) : ISUB	 Stack:-1	Consumes:[] Produces:[] sources  lbl4 targets 
----[known stack info]------------

 lbl0 (-1) : NOP	 Stack:0	Consumes:[] Produces:[] sources  targets  lbl1
 lbl1 (0) : LSTORE_0	 Stack:0	Consumes:[null ] Produces:[] sources  lbl0 targets  lbl2
 lbl2 (1) : MONITORENTER	 Stack:-1	Consumes:[] Produces:[] sources  lbl1 targets  lbl3
 lbl3 (2) : NOP	 Stack:-1	Consumes:[] Produces:[] sources  lbl2 targets  lbl4
 lbl4 (3) : LCONST_1	 Stack:-1	Consumes:[] Produces:[] sources  lbl3 targets  lbl5
 lbl5 (4) : ISUB	 Stack:-1	Consumes:[] Produces:[] sources  lbl4 targets 
----[known stack info]------------

 lbl0 (-1) : NOP	 Stack:0	Consumes:[] Produces:[] sources  targets  lbl1
 lbl1 (0) : LSTORE_0	 Stack:0	Consumes:[null ] Produces:[] sources  lbl0 targets  lbl2
 lbl2 (1) : MONITORENTER	 Stack:-1	Consumes:[] Produces:[] sources  lbl1 targets  lbl3
 lbl3 (2) : NOP	 Stack:-1	Consumes:[] Produces:[] sources  lbl2 targets  lbl4
 lbl4 (3) : LCONST_1	 Stack:-1	Consumes:[] Produces:[] sources  lbl3 targets  lbl5
 lbl5 (4) : ISUB	 Stack:-1	Consumes:[] Produces:[] sources  lbl4 targets 
----[known stack info]------------

 lbl0 (-1) : NOP	 Stack:0	Consumes:[] Produces:[] sources  targets  lbl1
 lbl1 (0) : LSTORE_0	 Stack:0	Consumes:[null ] Produces:[] sources  lbl0 targets  lbl2
 lbl2 (1) : MONITORENTER	 Stack:-1	Consumes:[] Produces:[] sources  lbl1 targets  lbl3
 lbl3 (2) : NOP	 Stack:-1	Consumes:[] Produces:[] sources  lbl2 targets  lbl4
 lbl4 (3) : LCONST_1	 Stack:-1	Consumes:[] Produces:[] sources  lbl3 targets  lbl5
 lbl5 (4) : ISUB	 Stack:-1	Consumes:[] Produces:[] sources  lbl4 targets 
----[known stack info]------------

 lbl0 (-1) : NOP	 Stack:0	Consumes:[] Produces:[] sources  targets  lbl1
 lbl1 (0) : LSTORE_0	 Stack:0	Consumes:[null ] Produces:[] sources  lbl0 targets  lbl2
 lbl2 (1) : MONITORENTER	 Stack:-1	Consumes:[] Produces:[] sources  lbl1 targets  lbl3
 lbl3 (2) : NOP	 Stack:-1	Consumes:[] Produces:[] sources  lbl2 targets  lbl4
 lbl4 (3) : LCONST_1	 Stack:-1	Consumes:[] Produces:[] sources  lbl3 targets  lbl5
 lbl5 (4) : ISUB	 Stack:-1	Consumes:[] Produces:[] sources  lbl4 targets 
----[known stack info]------------

 lbl0 (-1) : NOP	 Stack:0	Consumes:[] Produces:[] sources  targets  lbl1
 lbl1 (0) : LSTORE_0	 Stack:0	Consumes:[null ] Produces:[] sources  lbl0 targets  lbl2
 lbl2 (1) : MONITORENTER	 Stack:-1	Consumes:[] Produces:[] sources  lbl1 targets  lbl3
 lbl3 (2) : NOP	 Stack:-1	Consumes:[] Produces:[] sources  lbl2 targets  lbl4
 lbl4 (3) : LCONST_1	 Stack:-1	Consumes:[] Produces:[] sources  lbl3 targets  lbl5
 lbl5 (4) : ISUB	 Stack:-1	Consumes:[] Produces:[] sources  lbl4 targets 
----[known stack info]------------

 lbl0 (-1) : NOP	 Stack:0	Consumes:[] Produces:[] sources  targets  lbl1
 lbl1 (0) : LSTORE_0	 Stack:0	Consumes:[null ] Produces:[] sources  lbl0 targets  lbl2
 lbl2 (1) : DUP_X1	 Stack:-1	Consumes:[] Produces:[] sources  lbl1 targets  lbl3
 lbl3 (2) : ICONST_M1	 Stack:-1	Consumes:[] Produces:[] sources  lbl2 targets  lbl4
 lbl4 (3) : LSTORE_1	 Stack:-1	Consumes:[] Produces:[] sources  lbl3 targets  lbl5
 lbl5 (4) : LCMP	 Stack:-1	Consumes:[] Produces:[] sources  lbl4 targets  lbl6
 lbl6 (5) : NOP	 Stack:-1	Consumes:[] Produces:[] sources  lbl5 targets  lbl7
 lbl7 (6) : FCONST_1	 Stack:-1	Consumes:[] Produces:[] sources  lbl6 targets  lbl8
 lbl8 (7) : ICONST_0	 Stack:-1	Consumes:[] Produces:[] sources  lbl7 targets  lbl9
 lbl9 (8) : NOP	 Stack:-1	Consumes:[] Produces:[] sources  lbl8 targets  lbl10
 lbl10 (9) : AASTORE	 Stack:-1	Consumes:[] Produces:[] sources  lbl9 targets 
----[known stack info]------------

 lbl0 (-1) : NOP	 Stack:0	Consumes:[] Produces:[] sources  targets  lbl1
 lbl1 (0) : LSTORE_0	 Stack:0	Consumes:[null ] Produces:[] sources  lbl0 targets  lbl2
 lbl2 (1) : DUP_X1	 Stack:-1	Consumes:[] Produces:[] sources  lbl1 targets  lbl3
 lbl3 (2) : ICONST_M1	 Stack:-1	Consumes:[] Produces:[] sources  lbl2 targets  lbl4
 lbl4 (3) : LSTORE_1	 Stack:-1	Consumes:[] Produces:[] sources  lbl3 targets  lbl5
 lbl5 (4) : LCMP	 Stack:-1	Consumes:[] Produces:[] sources  lbl4 targets  lbl6
 lbl6 (5) : NOP	 Stack:-1	Consumes:[] Produces:[] sources  lbl5 targets  lbl7
 lbl7 (6) : FCONST_1	 Stack:-1	Consumes:[] Produces:[] sources  lbl6 targets  lbl8
 lbl8 (7) : ICONST_0	 Stack:-1	Consumes:[] Produces:[] sources  lbl7 targets  lbl9
 lbl9 (8) : NOP	 Stack:-1	Consumes:[] Produces:[] sources  lbl8 targets  lbl10
 lbl10 (9) : AASTORE	 Stack:-1	Consumes:[] Produces:[] sources  lbl9 targets 
----[known stack info]------------

 lbl0 (-1) : NOP	 Stack:0	Consumes:[] Produces:[] sources  targets  lbl1
 lbl1 (0) : LSTORE_0	 Stack:0	Consumes:[null ] Produces:[] sources  lbl0 targets  lbl2
 lbl2 (1) : DUP_X1	 Stack:-1	Consumes:[] Produces:[] sources  lbl1 targets  lbl3
 lbl3 (2) : ICONST_M1	 Stack:-1	Consumes:[] Produces:[] sources  lbl2 targets  lbl4
 lbl4 (3) : LSTORE_1	 Stack:-1	Consumes:[] Produces:[] sources  lbl3 targets  lbl5
 lbl5 (4) : LCMP	 Stack:-1	Consumes:[] Produces:[] sources  lbl4 targets  lbl6
 lbl6 (5) : NOP	 Stack:-1	Consumes:[] Produces:[] sources  lbl5 targets  lbl7
 lbl7 (6) : FCONST_1	 Stack:-1	Consumes:[] Produces:[] sources  lbl6 targets  lbl8
 lbl8 (7) : ICONST_0	 Stack:-1	Consumes:[] Produces:[] sources  lbl7 targets  lbl9
 lbl9 (8) : NOP	 Stack:-1	Consumes:[] Produces:[] sources  lbl8 targets  lbl10
 lbl10 (9) : AASTORE	 Stack:-1	Consumes:[] Produces:[] sources  lbl9 targets 
----[known stack info]------------

 lbl0 (-1) : NOP	 Stack:0	Consumes:[] Produces:[] sources  targets  lbl1
 lbl1 (0) : LSTORE_0	 Stack:0	Consumes:[null ] Produces:[] sources  lbl0 targets  lbl2
 lbl2 (1) : DUP_X1	 Stack:-1	Consumes:[] Produces:[] sources  lbl1 targets  lbl3
 lbl3 (2) : ICONST_M1	 Stack:-1	Consumes:[] Produces:[] sources  lbl2 targets  lbl4
 lbl4 (3) : LSTORE_1	 Stack:-1	Consumes:[] Produces:[] sources  lbl3 targets  lbl5
 lbl5 (4) : LCMP	 Stack:-1	Consumes:[] Produces:[] sources  lbl4 targets  lbl6
 lbl6 (5) : NOP	 Stack:-1	Consumes:[] Produces:[] sources  lbl5 targets  lbl7
 lbl7 (6) : FCONST_1	 Stack:-1	Consumes:[] Produces:[] sources  lbl6 targets  lbl8
 lbl8 (7) : ICONST_0	 Stack:-1	Consumes:[] Produces:[] sources  lbl7 targets  lbl9
 lbl9 (8) : NOP	 Stack:-1	Consumes:[] Produces:[] sources  lbl8 targets  lbl10
 lbl10 (9) : AASTORE	 Stack:-1	Consumes:[] Produces:[] sources  lbl9 targets 
----[known stack info]------------

 lbl0 (-1) : NOP	 Stack:0	Consumes:[] Produces:[] sources  targets  lbl1
 lbl1 (0) : LSTORE_0	 Stack:0	Consumes:[null ] Produces:[] sources  lbl0 targets  lbl2
 lbl2 (1) : DUP_X1	 Stack:-1	Consumes:[] Produces:[] sources  lbl1 targets  lbl3
 lbl3 (2) : ICONST_M1	 Stack:-1	Consumes:[] Produces:[] sources  lbl2 targets  lbl4
 lbl4 (3) : LSTORE_1	 Stack:-1	Consumes:[] Produces:[] sources  lbl3 targets  lbl5
 lbl5 (4) : LCMP	 Stack:-1	Consumes:[] Produces:[] sources  lbl4 targets  lbl6
 lbl6 (5) : NOP	 Stack:-1	Consumes:[] Produces:[] sources  lbl5 targets  lbl7
 lbl7 (6) : FCONST_1	 Stack:-1	Consumes:[] Produces:[] sources  lbl6 targets  lbl8
 lbl8 (7) : ICONST_0	 Stack:-1	Consumes:[] Produces:[] sources  lbl7 targets  lbl9
 lbl9 (8) : NOP	 Stack:-1	Consumes:[] Produces:[] sources  lbl8 targets  lbl10
 lbl10 (9) : AASTORE	 Stack:-1	Consumes:[] Produces:[] sources  lbl9 targets 
----[known stack info]------------

 lbl0 (-1) : NOP	 Stack:0	Consumes:[] Produces:[] sources  targets  lbl1
 lbl1 (0) : LSTORE_0	 Stack:0	Consumes:[null ] Produces:[] sources  lbl0 targets  lbl2
 lbl2 (1) : DUP_X1	 Stack:-1	Consumes:[] Produces:[] sources  lbl1 targets  lbl3
 lbl3 (2) : ICONST_M1	 Stack:-1	Consumes:[] Produces:[] sources  lbl2 targets  lbl4
 lbl4 (3) : LSTORE_1	 Stack:-1	Consumes:[] Produces:[] sources  lbl3 targets  lbl5
 lbl5 (4) : LCMP	 Stack:-1	Consumes:[] Produces:[] sources  lbl4 targets  lbl6
 lbl6 (5) : NOP	 Stack:-1	Consumes:[] Produces:[] sources  lbl5 targets  lbl7
 lbl7 (6) : FCONST_1	 Stack:-1	Consumes:[] Produces:[] sources  lbl6 targets  lbl8
 lbl8 (7) : ICONST_0	 Stack:-1	Consumes:[] Produces:[] sources  lbl7 targets  lbl9
 lbl9 (8) : NOP	 Stack:-1	Consumes:[] Produces:[] sources  lbl8 targets  lbl10
 lbl10 (9) : AASTORE	 Stack:-1	Consumes:[] Produces:[] sources  lbl9 targets 
----[known stack info]------------

 lbl0 (-1) : NOP	 Stack:0	Consumes:[] Produces:[] sources  targets  lbl1
 lbl1 (0) : LSTORE_0	 Stack:0	Consumes:[null ] Produces:[] sources  lbl0 targets  lbl2
 lbl2 (1) : DUP_X1	 Stack:-1	Consumes:[] Produces:[] sources  lbl1 targets  lbl3
 lbl3 (2) : ICONST_M1	 Stack:-1	Consumes:[] Produces:[] sources  lbl2 targets  lbl4
 lbl4 (3) : LSTORE_1	 Stack:-1	Consumes:[] Produces:[] sources  lbl3 targets  lbl5
 lbl5 (4) : LCMP	 Stack:-1	Consumes:[] Produces:[] sources  lbl4 targets  lbl6
 lbl6 (5) : NOP	 Stack:-1	Consumes:[] Produces:[] sources  lbl5 targets  lbl7
 lbl7 (6) : FCONST_1	 Stack:-1	Consumes:[] Produces:[] sources  lbl6 targets  lbl8
 lbl8 (7) : ICONST_0	 Stack:-1	Consumes:[] Produces:[] sources  lbl7 targets  lbl9
 lbl9 (8) : NOP	 Stack:-1	Consumes:[] Produces:[] sources  lbl8 targets  lbl10
 lbl10 (9) : AASTORE	 Stack:-1	Consumes:[] Produces:[] sources  lbl9 targets 
----[known stack info]------------

 lbl0 (-1) : NOP	 Stack:0	Consumes:[] Produces:[] sources  targets  lbl1
 lbl1 (0) : LSTORE_0	 Stack:0	Consumes:[null ] Produces:[] sources  lbl0 targets  lbl2
 lbl2 (1) : DUP_X1	 Stack:-1	Consumes:[] Produces:[] sources  lbl1 targets  lbl3
 lbl3 (2) : ICONST_M1	 Stack:-1	Consumes:[] Produces:[] sources  lbl2 targets  lbl4
 lbl4 (3) : LSTORE_1	 Stack:-1	Consumes:[] Produces:[] sources  lbl3 targets  lbl5
 lbl5 (4) : LCMP	 Stack:-1	Consumes:[] Produces:[] sources  lbl4 targets  lbl6
 lbl6 (5) : NOP	 Stack:-1	Consumes:[] Produces:[] sources  lbl5 targets  lbl7
 lbl7 (6) : FCONST_1	 Stack:-1	Consumes:[] Produces:[] sources  lbl6 targets  lbl8
 lbl8 (7) : ICONST_0	 Stack:-1	Consumes:[] Produces:[] sources  lbl7 targets  lbl9
 lbl9 (8) : NOP	 Stack:-1	Consumes:[] Produces:[] sources  lbl8 targets  lbl10
 lbl10 (9) : AASTORE	 Stack:-1	Consumes:[] Produces:[] sources  lbl9 targets 
----[known stack info]------------

 lbl0 (-1) : NOP	 Stack:0	Consumes:[] Produces:[] sources  targets  lbl1
 lbl1 (0) : LSTORE_0	 Stack:0	Consumes:[null ] Produces:[] sources  lbl0 targets  lbl2
 lbl2 (1) : DUP_X1	 Stack:-1	Consumes:[] Produces:[] sources  lbl1 targets  lbl3
 lbl3 (2) : ICONST_M1	 Stack:-1	Consumes:[] Produces:[] sources  lbl2 targets  lbl4
 lbl4 (3) : LSTORE_1	 Stack:-1	Consumes:[] Produces:[] sources  lbl3 targets  lbl5
 lbl5 (4) : LCMP	 Stack:-1	Consumes:[] Produces:[] sources  lbl4 targets  lbl6
 lbl6 (5) : NOP	 Stack:-1	Consumes:[] Produces:[] sources  lbl5 targets  lbl7
 lbl7 (6) : FCONST_1	 Stack:-1	Consumes:[] Produces:[] sources  lbl6 targets  lbl8
 lbl8 (7) : ICONST_0	 Stack:-1	Consumes:[] Produces:[] sources  lbl7 targets  lbl9
 lbl9 (8) : NOP	 Stack:-1	Consumes:[] Produces:[] sources  lbl8 targets  lbl10
 lbl10 (9) : AASTORE	 Stack:-1	Consumes:[] Produces:[] sources  lbl9 targets 
----[known stack info]------------

 lbl0 (-1) : NOP	 Stack:0	Consumes:[] Produces:[] sources  targets  lbl1
 lbl1 (0) : LSTORE_0	 Stack:0	Consumes:[null ] Produces:[] sources  lbl0 targets  lbl2
 lbl2 (1) : DUP_X1	 Stack:-1	Consumes:[] Produces:[] sources  lbl1 targets  lbl3
 lbl3 (2) : ICONST_M1	 Stack:-1	Consumes:[] Produces:[] sources  lbl2 targets  lbl4
 lbl4 (3) : LSTORE_1	 Stack:-1	Consumes:[] Produces:[] sources  lbl3 targets  lbl5
 lbl5 (4) : LCMP	 Stack:-1	Consumes:[] Produces:[] sources  lbl4 targets  lbl6
 lbl6 (5) : NOP	 Stack:-1	Consumes:[] Produces:[] sources  lbl5 targets  lbl7
 lbl7 (6) : FCONST_1	 Stack:-1	Consumes:[] Produces:[] sources  lbl6 targets  lbl8
 lbl8 (7) : ICONST_0	 Stack:-1	Consumes:[] Produces:[] sources  lbl7 targets  lbl9
 lbl9 (8) : NOP	 Stack:-1	Consumes:[] Produces:[] sources  lbl8 targets  lbl10
 lbl10 (9) : AASTORE	 Stack:-1	Consumes:[] Produces:[] sources  lbl9 targets 
----[known stack info]------------

 lbl0 (-1) : NOP	 Stack:0	Consumes:[] Produces:[] sources  targets  lbl1
 lbl1 (0) : LSTORE_0	 Stack:0	Consumes:[null ] Produces:[] sources  lbl0 targets  lbl2
 lbl2 (1) : DUP_X1	 Stack:-1	Consumes:[] Produces:[] sources  lbl1 targets  lbl3
 lbl3 (2) : ICONST_M1	 Stack:-1	Consumes:[] Produces:[] sources  lbl2 targets  lbl4
 lbl4 (3) : LSTORE_1	 Stack:-1	Consumes:[] Produces:[] sources  lbl3 targets  lbl5
 lbl5 (4) : LSTORE_2	 Stack:-1	Consumes:[] Produces:[] sources  lbl4 targets  lbl6
 lbl6 (5) : LCMP	 Stack:-1	Consumes:[] Produces:[] sources  lbl5 targets  lbl7
 lbl7 (6) : NOP	 Stack:-1	Consumes:[] Produces:[] sources  lbl6 targets  lbl8
 lbl8 (7) : FCONST_2	 Stack:-1	Consumes:[] Produces:[] sources  lbl7 targets  lbl9
 lbl9 (8) : ICONST_1	 Stack:-1	Consumes:[] Produces:[] sources  lbl8 targets  lbl10
 lbl10 (9) : NOP	 Stack:-1	Consumes:[] Produces:[] sources  lbl9 targets  lbl11
 lbl11 (10) : ISUB	 Stack:-1	Consumes:[] Produces:[] sources  lbl10 targets 
----[known stack info]------------

 lbl0 (-1) : NOP	 Stack:0	Consumes:[] Produces:[] sources  targets  lbl1
 lbl1 (0) : LSTORE_0	 Stack:0	Consumes:[null ] Produces:[] sources  lbl0 targets  lbl2
 lbl2 (1) : DUP_X1	 Stack:-1	Consumes:[] Produces:[] sources  lbl1 targets  lbl3
 lbl3 (2) : ICONST_M1	 Stack:-1	Consumes:[] Produces:[] sources  lbl2 targets  lbl4
 lbl4 (3) : LSTORE_1	 Stack:-1	Consumes:[] Produces:[] sources  lbl3 targets  lbl5
 lbl5 (4) : LSTORE_2	 Stack:-1	Consumes:[] Produces:[] sources  lbl4 targets  lbl6
 lbl6 (5) : LCMP	 Stack:-1	Consumes:[] Produces:[] sources  lbl5 targets  lbl7
 lbl7 (6) : NOP	 Stack:-1	Consumes:[] Produces:[] sources  lbl6 targets  lbl8
 lbl8 (7) : FCONST_2	 Stack:-1	Consumes:[] Produces:[] sources  lbl7 targets  lbl9
 lbl9 (8) : ICONST_1	 Stack:-1	Consumes:[] Produces:[] sources  lbl8 targets  lbl10
 lbl10 (9) : NOP	 Stack:-1	Consumes:[] Produces:[] sources  lbl9 targets  lbl11
 lbl11 (10) : ISUB	 Stack:-1	Consumes:[] Produces:[] sources  lbl10 targets 
----[known stack info]------------

 lbl0 (-1) : NOP	 Stack:0	Consumes:[] Produces:[] sources  targets  lbl1
 lbl1 (0) : LSTORE_0	 Stack:0	Consumes:[null ] Produces:[] sources  lbl0 targets  lbl2
 lbl2 (1) : DUP_X1	 Stack:-1	Consumes:[] Produces:[] sources  lbl1 targets  lbl3
 lbl3 (2) : ICONST_M1	 Stack:-1	Consumes:[] Produces:[] sources  lbl2 targets  lbl4
 lbl4 (3) : LSTORE_1	 Stack:-1	Consumes:[] Produces:[] sources  lbl3 targets  lbl5
 lbl5 (4) : LSTORE_2	 Stack:-1	Consumes:[] Produces:[] sources  lbl4 targets  lbl6
 lbl6 (5) : LCMP	 Stack:-1	Consumes:[] Produces:[] sources  lbl5 targets  lbl7
 lbl7 (6) : NOP	 Stack:-1	Consumes:[] Produces:[] sources  lbl6 targets  lbl8
 lbl8 (7) : FCONST_2	 Stack:-1	Consumes:[] Produces:[] sources  lbl7 targets  lbl9
 lbl9 (8) : ICONST_1	 Stack:-1	Consumes:[] Produces:[] sources  lbl8 targets  lbl10
 lbl10 (9) : NOP	 Stack:-1	Consumes:[] Produces:[] sources  lbl9 targets  lbl11
 lbl11 (10) : ISUB	 Stack:-1	Consumes:[] Produces:[] sources  lbl10 targets 
----[known stack info]------------

 lbl0 (-1) : NOP	 Stack:0	Consumes:[] Produces:[] sources  targets  lbl1
 lbl1 (0) : LSTORE_0	 Stack:0	Consumes:[null ] Produces:[] sources  lbl0 targets  lbl2
 lbl2 (1) : DUP_X1	 Stack:-1	Consumes:[] Produces:[] sources  lbl1 targets  lbl3
 lbl3 (2) : ICONST_M1	 Stack:-1	Consumes:[] Produces:[] sources  lbl2 targets  lbl4
 lbl4 (3) : LSTORE_1	 Stack:-1	Consumes:[] Produces:[] sources  lbl3 targets  lbl5
 lbl5 (4) : LSTORE_2	 Stack:-1	Consumes:[] Produces:[] sources  lbl4 targets  lbl6
 lbl6 (5) : LCMP	 Stack:-1	Consumes:[] Produces:[] sources  lbl5 targets  lbl7
 lbl7 (6) : NOP	 Stack:-1	Consumes:[] Produces:[] sources  lbl6 targets  lbl8
 lbl8 (7) : FCONST_2	 Stack:-1	Consumes:[] Produces:[] sources  lbl7 targets  lbl9
 lbl9 (8) : ICONST_1	 Stack:-1	Consumes:[] Produces:[] sources  lbl8 targets  lbl10
 lbl10 (9) : NOP	 Stack:-1	Consumes:[] Produces:[] sources  lbl9 targets  lbl11
 lbl11 (10) : ISUB	 Stack:-1	Consumes:[] Produces:[] sources  lbl10 targets 
----[known stack info]------------

 lbl0 (-1) : NOP	 Stack:0	Consumes:[] Produces:[] sources  targets  lbl1
 lbl1 (0) : LSTORE_0	 Stack:0	Consumes:[null ] Produces:[] sources  lbl0 targets  lbl2
 lbl2 (1) : DUP_X1	 Stack:-1	Consumes:[] Produces:[] sources  lbl1 targets  lbl3
 lbl3 (2) : ICONST_M1	 Stack:-1	Consumes:[] Produces:[] sources  lbl2 targets  lbl4
 lbl4 (3) : LSTORE_1	 Stack:-1	Consumes:[] Produces:[] sources  lbl3 targets  lbl5
 lbl5 (4) : LSTORE_2	 Stack:-1	Consumes:[] Produces:[] sources  lbl4 targets  lbl6
 lbl6 (5) : LCMP	 Stack:-1	Consumes:[] Produces:[] sources  lbl5 targets  lbl7
 lbl7 (6) : NOP	 Stack:-1	Consumes:[] Produces:[] sources  lbl6 targets  lbl8
 lbl8 (7) : FCONST_2	 Stack:-1	Consumes:[] Produces:[] sources  lbl7 targets  lbl9
 lbl9 (8) : ICONST_1	 Stack:-1	Consumes:[] Produces:[] sources  lbl8 targets  lbl10
 lbl10 (9) : NOP	 Stack:-1	Consumes:[] Produces:[] sources  lbl9 targets  lbl11
 lbl11 (10) : ISUB	 Stack:-1	Consumes:[] Produces:[] sources  lbl10 targets 
----[known stack info]------------

 lbl0 (-1) : NOP	 Stack:0	Consumes:[] Produces:[] sources  targets  lbl1
 lbl1 (0) : LSTORE_0	 Stack:0	Consumes:[null ] Produces:[] sources  lbl0 targets  lbl2
 lbl2 (1) : DUP_X1	 Stack:-1	Consumes:[] Produces:[] sources  lbl1 targets  lbl3
 lbl3 (2) : ICONST_M1	 Stack:-1	Consumes:[] Produces:[] sources  lbl2 targets  lbl4
 lbl4 (3) : LSTORE_1	 Stack:-1	Consumes:[] Produces:[] sources  lbl3 targets  lbl5
 lbl5 (4) : LSTORE_2	 Stack:-1	Consumes:[] Produces:[] sources  lbl4 targets  lbl6
 lbl6 (5) : LCMP	 Stack:-1	Consumes:[] Produces:[] sources  lbl5 targets  lbl7
 lbl7 (6) : NOP	 Stack:-1	Consumes:[] Produces:[] sources  lbl6 targets  lbl8
 lbl8 (7) : FCONST_2	 Stack:-1	Consumes:[] Produces:[] sources  lbl7 targets  lbl9
 lbl9 (8) : ICONST_1	 Stack:-1	Consumes:[] Produces:[] sources  lbl8 targets  lbl10
 lbl10 (9) : NOP	 Stack:-1	Consumes:[] Produces:[] sources  lbl9 targets  lbl11
 lbl11 (10) : ISUB	 Stack:-1	Consumes:[] Produces:[] sources  lbl10 targets 
----[known stack info]------------

 lbl0 (-1) : NOP	 Stack:0	Consumes:[] Produces:[] sources  targets  lbl1
 lbl1 (0) : LSTORE_0	 Stack:0	Consumes:[null ] Produces:[] sources  lbl0 targets  lbl2
 lbl2 (1) : DUP_X1	 Stack:-1	Consumes:[] Produces:[] sources  lbl1 targets  lbl3
 lbl3 (2) : ICONST_M1	 Stack:-1	Consumes:[] Produces:[] sources  lbl2 targets  lbl4
 lbl4 (3) : LSTORE_1	 Stack:-1	Consumes:[] Produces:[] sources  lbl3 targets  lbl5
 lbl5 (4) : LSTORE_2	 Stack:-1	Consumes:[] Produces:[] sources  lbl4 targets  lbl6
 lbl6 (5) : LCMP	 Stack:-1	Consumes:[] Produces:[] sources  lbl5 targets  lbl7
 lbl7 (6) : NOP	 Stack:-1	Consumes:[] Produces:[] sources  lbl6 targets  lbl8
 lbl8 (7) : FCONST_2	 Stack:-1	Consumes:[] Produces:[] sources  lbl7 targets  lbl9
 lbl9 (8) : ICONST_1	 Stack:-1	Consumes:[] Produces:[] sources  lbl8 targets  lbl10
 lbl10 (9) : NOP	 Stack:-1	Consumes:[] Produces:[] sources  lbl9 targets  lbl11
 lbl11 (10) : ISUB	 Stack:-1	Consumes:[] Produces:[] sources  lbl10 targets 
----[known stack info]------------

 lbl0 (-1) : NOP	 Stack:0	Consumes:[] Produces:[] sources  targets  lbl1
 lbl1 (0) : LSTORE_0	 Stack:0	Consumes:[null ] Produces:[] sources  lbl0 targets  lbl2
 lbl2 (1) : DUP_X1	 Stack:-1	Consumes:[] Produces:[] sources  lbl1 targets  lbl3
 lbl3 (2) : ICONST_M1	 Stack:-1	Consumes:[] Produces:[] sources  lbl2 targets  lbl4
 lbl4 (3) : LSTORE_1	 Stack:-1	Consumes:[] Produces:[] sources  lbl3 targets  lbl5
 lbl5 (4) : LSTORE_2	 Stack:-1	Consumes:[] Produces:[] sources  lbl4 targets  lbl6
 lbl6 (5) : LCMP	 Stack:-1	Consumes:[] Produces:[] sources  lbl5 targets  lbl7
 lbl7 (6) : NOP	 Stack:-1	Consumes:[] Produces:[] sources  lbl6 targets  lbl8
 lbl8 (7) : FCONST_2	 Stack:-1	Consumes:[] Produces:[] sources  lbl7 targets  lbl9
 lbl9 (8) : ICONST_1	 Stack:-1	Consumes:[] Produces:[] sources  lbl8 targets  lbl10
 lbl10 (9) : NOP	 Stack:-1	Consumes:[] Produces:[] sources  lbl9 targets  lbl11
 lbl11 (10) : ISUB	 Stack:-1	Consumes:[] Produces:[] sources  lbl10 targets 
----[known stack info]------------

 lbl0 (-1) : NOP	 Stack:0	Consumes:[] Produces:[] sources  targets  lbl1
 lbl1 (0) : LSTORE_0	 Stack:0	Consumes:[null ] Produces:[] sources  lbl0 targets  lbl2
 lbl2 (1) : DUP_X1	 Stack:-1	Consumes:[] Produces:[] sources  lbl1 targets  lbl3
 lbl3 (2) : ICONST_M1	 Stack:-1	Consumes:[] Produces:[] sources  lbl2 targets  lbl4
 lbl4 (3) : LSTORE_1	 Stack:-1	Consumes:[] Produces:[] sources  lbl3 targets  lbl5
 lbl5 (4) : LSTORE_2	 Stack:-1	Consumes:[] Produces:[] sources  lbl4 targets  lbl6
 lbl6 (5) : LCMP	 Stack:-1	Consumes:[] Produces:[] sources  lbl5 targets  lbl7
 lbl7 (6) : NOP	 Stack:-1	Consumes:[] Produces:[] sources  lbl6 targets  lbl8
 lbl8 (7) : FCONST_2	 Stack:-1	Consumes:[] Produces:[] sources  lbl7 targets  lbl9
 lbl9 (8) : ICONST_1	 Stack:-1	Consumes:[] Produces:[] sources  lbl8 targets  lbl10
 lbl10 (9) : NOP	 Stack:-1	Consumes:[] Produces:[] sources  lbl9 targets  lbl11
 lbl11 (10) : ISUB	 Stack:-1	Consumes:[] Produces:[] sources  lbl10 targets 
----[known stack info]------------

 lbl0 (-1) : NOP	 Stack:0	Consumes:[] Produces:[] sources  targets  lbl1
 lbl1 (0) : LSTORE_0	 Stack:0	Consumes:[null ] Produces:[] sources  lbl0 targets  lbl2
 lbl2 (1) : DUP_X1	 Stack:-1	Consumes:[] Produces:[] sources  lbl1 targets  lbl3
 lbl3 (2) : ICONST_M1	 Stack:-1	Consumes:[] Produces:[] sources  lbl2 targets  lbl4
 lbl4 (3) : LSTORE_1	 Stack:-1	Consumes:[] Produces:[] sources  lbl3 targets  lbl5
 lbl5 (4) : LSTORE_2	 Stack:-1	Consumes:[] Produces:[] sources  lbl4 targets  lbl6
 lbl6 (5) : LCMP	 Stack:-1	Consumes:[] Produces:[] sources  lbl5 targets  lbl7
 lbl7 (6) : NOP	 Stack:-1	Consumes:[] Produces:[] sources  lbl6 targets  lbl8
 lbl8 (7) : FCONST_2	 Stack:-1	Consumes:[] Produces:[] sources  lbl7 targets  lbl9
 lbl9 (8) : ICONST_1	 Stack:-1	Consumes:[] Produces:[] sources  lbl8 targets  lbl10
 lbl10 (9) : NOP	 Stack:-1	Consumes:[] Produces:[] sources  lbl9 targets  lbl11
 lbl11 (10) : ISUB	 Stack:-1	Consumes:[] Produces:[] sources  lbl10 targets 
----[known stack info]------------

 lbl0 (-1) : NOP	 Stack:0	Consumes:[] Produces:[] sources  targets  lbl1
 lbl1 (0) : DLOAD_1	 Stack:0	Consumes:[] Produces:[12 ] sources  lbl0 targets  lbl2
 lbl2 (1) : IALOAD	 Stack:1	Consumes:[12 null ] Produces:[] sources  lbl1 targets  lbl3
 lbl3 (2) : NOP	 Stack:-1	Consumes:[] Produces:[] sources  lbl2 targets  lbl4
 lbl4 (3) : ICONST_5	 Stack:-1	Consumes:[] Produces:[] sources  lbl3 targets  lbl5
 lbl5 (4) : DUP_X1	 Stack:-1	Consumes:[] Produces:[] sources  lbl4 targets  lbl6
 lbl6 (5) : ICONST_2	 Stack:-1	Consumes:[] Produces:[] sources  lbl5 targets  lbl7
 lbl7 (6) : IF_ACMPNE	 Stack:-1	Consumes:[] Produces:[] sources  lbl6 targets  lbl8 lbl10
 lbl8 (9) : DUP_X1	 Stack:-1	Consumes:[] Produces:[] sources  lbl7 targets  lbl9
 lbl9 (10) : ACONST_NULL	 Stack:-1	Consumes:[] Produces:[] sources  lbl8 targets  lbl10
 lbl10 (11) : LLOAD_2	 Stack:-1	Consumes:[] Produces:[] sources  lbl7 lbl9 targets  lbl11
 lbl11 (12) : LSTORE_0	 Stack:-1	Consumes:[] Produces:[] sources  lbl10 targets  lbl12
 lbl12 (13) : DUP_X1	 Stack:-1	Consumes:[] Produces:[] sources  lbl11 targets  lbl13
 lbl13 (14) : ICONST_0	 Stack:-1	Consumes:[] Produces:[] sources  lbl12 targets  lbl14
 lbl14 (15) : DUP_X1	 Stack:-1	Consumes:[] Produces:[] sources  lbl13 targets  lbl15
 lbl15 (16) : ICONST_1	 Stack:-1	Consumes:[] Produces:[] sources  lbl14 targets  lbl16
 lbl16 (17) : LSTORE_2	 Stack:-1	Consumes:[] Produces:[] sources  lbl15 targets  lbl17
 lbl17 (18) : LCMP	 Stack:-1	Consumes:[] Produces:[] sources  lbl16 targets  lbl18
 lbl18 (19) : NOP	 Stack:-1	Consumes:[] Produces:[] sources  lbl17 targets  lbl19
 lbl19 (20) : FCONST_2	 Stack:-1	Consumes:[] Produces:[] sources  lbl18 targets  lbl20
 lbl20 (21) : ICONST_1	 Stack:-1	Consumes:[] Produces:[] sources  lbl19 targets  lbl21
 lbl21 (22) : NOP	 Stack:-1	Consumes:[] Produces:[] sources  lbl20 targets  lbl22
 lbl22 (23) : ISUB	 Stack:-1	Consumes:[] Produces:[] sources  lbl21 targets 
----[known stack info]------------

 lbl0 (-1) : NOP	 Stack:0	Consumes:[] Produces:[] sources  targets  lbl1
 lbl1 (0) : DLOAD_1	 Stack:0	Consumes:[] Produces:[13 ] sources  lbl0 targets  lbl2
 lbl2 (1) : IALOAD	 Stack:1	Consumes:[13 null ] Produces:[] sources  lbl1 targets  lbl3
 lbl3 (2) : NOP	 Stack:-1	Consumes:[] Produces:[] sources  lbl2 targets  lbl4
 lbl4 (3) : ICONST_5	 Stack:-1	Consumes:[] Produces:[] sources  lbl3 targets  lbl5
 lbl5 (4) : DUP_X1	 Stack:-1	Consumes:[] Produces:[] sources  lbl4 targets  lbl6
 lbl6 (5) : ICONST_2	 Stack:-1	Consumes:[] Produces:[] sources  lbl5 targets  lbl7
 lbl7 (6) : IF_ACMPNE	 Stack:-1	Consumes:[] Produces:[] sources  lbl6 targets  lbl8 lbl10
 lbl8 (9) : DUP_X1	 Stack:-1	Consumes:[] Produces:[] sources  lbl7 targets  lbl9
 lbl9 (10) : ACONST_NULL	 Stack:-1	Consumes:[] Produces:[] sources  lbl8 targets  lbl10
 lbl10 (11) : LLOAD_2	 Stack:-1	Consumes:[] Produces:[] sources  lbl7 lbl9 targets  lbl11
 lbl11 (12) : LSTORE_0	 Stack:-1	Consumes:[] Produces:[] sources  lbl10 targets  lbl12
 lbl12 (13) : DUP_X1	 Stack:-1	Consumes:[] Produces:[] sources  lbl11 targets  lbl13
 lbl13 (14) : ICONST_0	 Stack:-1	Consumes:[] Produces:[] sources  lbl12 targets  lbl14
 lbl14 (15) : DUP_X1	 Stack:-1	Consumes:[] Produces:[] sources  lbl13 targets  lbl15
 lbl15 (16) : ICONST_1	 Stack:-1	Consumes:[] Produces:[] sources  lbl14 targets  lbl16
 lbl16 (17) : LSTORE_2	 Stack:-1	Consumes:[] Produces:[] sources  lbl15 targets  lbl17
 lbl17 (18) : LCMP	 Stack:-1	Consumes:[] Produces:[] sources  lbl16 targets  lbl18
 lbl18 (19) : NOP	 Stack:-1	Consumes:[] Produces:[] sources  lbl17 targets  lbl19
 lbl19 (20) : FCONST_2	 Stack:-1	Consumes:[] Produces:[] sources  lbl18 targets  lbl20
 lbl20 (21) : ICONST_1	 Stack:-1	Consumes:[] Produces:[] sources  lbl19 targets  lbl21
 lbl21 (22) : NOP	 Stack:-1	Consumes:[] Produces:[] sources  lbl20 targets  lbl22
 lbl22 (23) : ISUB	 Stack:-1	Consumes:[] Produces:[] sources  lbl21 targets 
----[known stack info]------------

 lbl0 (-1) : NOP	 Stack:0	Consumes:[] Produces:[] sources  targets  lbl1
 lbl1 (0) : DLOAD_1	 Stack:0	Consumes:[] Produces:[14 ] sources  lbl0 targets  lbl2
 lbl2 (1) : IALOAD	 Stack:1	Consumes:[14 null ] Produces:[] sources  lbl1 targets  lbl3
 lbl3 (2) : NOP	 Stack:-1	Consumes:[] Produces:[] sources  lbl2 targets  lbl4
 lbl4 (3) : ICONST_5	 Stack:-1	Consumes:[] Produces:[] sources  lbl3 targets  lbl5
 lbl5 (4) : DUP_X1	 Stack:-1	Consumes:[] Produces:[] sources  lbl4 targets  lbl6
 lbl6 (5) : ICONST_2	 Stack:-1	Consumes:[] Produces:[] sources  lbl5 targets  lbl7
 lbl7 (6) : IF_ACMPNE	 Stack:-1	Consumes:[] Produces:[] sources  lbl6 targets  lbl8 lbl10
 lbl8 (9) : DUP_X1	 Stack:-1	Consumes:[] Produces:[] sources  lbl7 targets  lbl9
 lbl9 (10) : ACONST_NULL	 Stack:-1	Consumes:[] Produces:[] sources  lbl8 targets  lbl10
 lbl10 (11) : LLOAD_2	 Stack:-1	Consumes:[] Produces:[] sources  lbl7 lbl9 targets  lbl11
 lbl11 (12) : LSTORE_0	 Stack:-1	Consumes:[] Produces:[] sources  lbl10 targets  lbl12
 lbl12 (13) : DUP_X1	 Stack:-1	Consumes:[] Produces:[] sources  lbl11 targets  lbl13
 lbl13 (14) : ICONST_0	 Stack:-1	Consumes:[] Produces:[] sources  lbl12 targets  lbl14
 lbl14 (15) : DUP_X1	 Stack:-1	Consumes:[] Produces:[] sources  lbl13 targets  lbl15
 lbl15 (16) : ICONST_1	 Stack:-1	Consumes:[] Produces:[] sources  lbl14 targets  lbl16
 lbl16 (17) : LSTORE_2	 Stack:-1	Consumes:[] Produces:[] sources  lbl15 targets  lbl17
 lbl17 (18) : LCMP	 Stack:-1	Consumes:[] Produces:[] sources  lbl16 targets  lbl18
 lbl18 (19) : NOP	 Stack:-1	Consumes:[] Produces:[] sources  lbl17 targets  lbl19
 lbl19 (20) : FCONST_2	 Stack:-1	Consumes:[] Produces:[] sources  lbl18 targets  lbl20
 lbl20 (21) : ICONST_1	 Stack:-1	Consumes:[] Produces:[] sources  lbl19 targets  lbl21
 lbl21 (22) : NOP	 Stack:-1	Consumes:[] Produces:[] sources  lbl20 targets  lbl22
 lbl22 (23) : ISUB	 Stack:-1	Consumes:[] Produces:[] sources  lbl21 targets 
----[known stack info]------------

 lbl0 (-1) : NOP	 Stack:0	Consumes:[] Produces:[] sources  targets  lbl1
 lbl1 (0) : DLOAD_1	 Stack:0	Consumes:[] Produces:[15 ] sources  lbl0 targets  lbl2
 lbl2 (1) : IALOAD	 Stack:1	Consumes:[15 null ] Produces:[] sources  lbl1 targets  lbl3
 lbl3 (2) : NOP	 Stack:-1	Consumes:[] Produces:[] sources  lbl2 targets  lbl4
 lbl4 (3) : ICONST_5	 Stack:-1	Consumes:[] Produces:[] sources  lbl3 targets  lbl5
 lbl5 (4) : DUP_X1	 Stack:-1	Consumes:[] Produces:[] sources  lbl4 targets  lbl6
 lbl6 (5) : ICONST_2	 Stack:-1	Consumes:[] Produces:[] sources  lbl5 targets  lbl7
 lbl7 (6) : IF_ACMPNE	 Stack:-1	Consumes:[] Produces:[] sources  lbl6 targets  lbl8 lbl10
 lbl8 (9) : DUP_X1	 Stack:-1	Consumes:[] Produces:[] sources  lbl7 targets  lbl9
 lbl9 (10) : ACONST_NULL	 Stack:-1	Consumes:[] Produces:[] sources  lbl8 targets  lbl10
 lbl10 (11) : LLOAD_2	 Stack:-1	Consumes:[] Produces:[] sources  lbl7 lbl9 targets  lbl11
 lbl11 (12) : LSTORE_0	 Stack:-1	Consumes:[] Produces:[] sources  lbl10 targets  lbl12
 lbl12 (13) : DUP_X1	 Stack:-1	Consumes:[] Produces:[] sources  lbl11 targets  lbl13
 lbl13 (14) : ICONST_0	 Stack:-1	Consumes:[] Produces:[] sources  lbl12 targets  lbl14
 lbl14 (15) : DUP_X1	 Stack:-1	Consumes:[] Produces:[] sources  lbl13 targets  lbl15
 lbl15 (16) : ICONST_1	 Stack:-1	Consumes:[] Produces:[] sources  lbl14 targets  lbl16
 lbl16 (17) : LSTORE_2	 Stack:-1	Consumes:[] Produces:[] sources  lbl15 targets  lbl17
 lbl17 (18) : LCMP	 Stack:-1	Consumes:[] Produces:[] sources  lbl16 targets  lbl18
 lbl18 (19) : NOP	 Stack:-1	Consumes:[] Produces:[] sources  lbl17 targets  lbl19
 lbl19 (20) : FCONST_2	 Stack:-1	Consumes:[] Produces:[] sources  lbl18 targets  lbl20
 lbl20 (21) : ICONST_1	 Stack:-1	Consumes:[] Produces:[] sources  lbl19 targets  lbl21
 lbl21 (22) : NOP	 Stack:-1	Consumes:[] Produces:[] sources  lbl20 targets  lbl22
 lbl22 (23) : ISUB	 Stack:-1	Consumes:[] Produces:[] sources  lbl21 targets 
----[known stack info]------------

 lbl0 (-1) : NOP	 Stack:0	Consumes:[] Produces:[] sources  targets  lbl1
 lbl1 (0) : DLOAD_1	 Stack:0	Consumes:[] Produces:[16 ] sources  lbl0 targets  lbl2
 lbl2 (1) : IALOAD	 Stack:1	Consumes:[16 null ] Produces:[] sources  lbl1 targets  lbl3
 lbl3 (2) : NOP	 Stack:-1	Consumes:[] Produces:[] sources  lbl2 targets  lbl4
 lbl4 (3) : ICONST_5	 Stack:-1	Consumes:[] Produces:[] sources  lbl3 targets  lbl5
 lbl5 (4) : DUP_X1	 Stack:-1	Consumes:[] Produces:[] sources  lbl4 targets  lbl6
 lbl6 (5) : ICONST_2	 Stack:-1	Consumes:[] Produces:[] sources  lbl5 targets  lbl7
 lbl7 (6) : IF_ACMPNE	 Stack:-1	Consumes:[] Produces:[] sources  lbl6 targets  lbl8 lbl10
 lbl8 (9) : DUP_X1	 Stack:-1	Consumes:[] Produces:[] sources  lbl7 targets  lbl9
 lbl9 (10) : ACONST_NULL	 Stack:-1	Consumes:[] Produces:[] sources  lbl8 targets  lbl10
 lbl10 (11) : LLOAD_2	 Stack:-1	Consumes:[] Produces:[] sources  lbl7 lbl9 targets  lbl11
 lbl11 (12) : LSTORE_0	 Stack:-1	Consumes:[] Produces:[] sources  lbl10 targets  lbl12
 lbl12 (13) : DUP_X1	 Stack:-1	Consumes:[] Produces:[] sources  lbl11 targets  lbl13
 lbl13 (14) : ICONST_0	 Stack:-1	Consumes:[] Produces:[] sources  lbl12 targets  lbl14
 lbl14 (15) : DUP_X1	 Stack:-1	Consumes:[] Produces:[] sources  lbl13 targets  lbl15
 lbl15 (16) : ICONST_1	 Stack:-1	Consumes:[] Produces:[] sources  lbl14 targets  lbl16
 lbl16 (17) : LSTORE_2	 Stack:-1	Consumes:[] Produces:[] sources  lbl15 targets  lbl17
 lbl17 (18) : LCMP	 Stack:-1	Consumes:[] Produces:[] sources  lbl16 targets  lbl18
 lbl18 (19) : NOP	 Stack:-1	Consumes:[] Produces:[] sources  lbl17 targets  lbl19
 lbl19 (20) : FCONST_2	 Stack:-1	Consumes:[] Produces:[] sources  lbl18 targets  lbl20
 lbl20 (21) : ICONST_1	 Stack:-1	Consumes:[] Produces:[] sources  lbl19 targets  lbl21
 lbl21 (22) : NOP	 Stack:-1	Consumes:[] Produces:[] sources  lbl20 targets  lbl22
 lbl22 (23) : ISUB	 Stack:-1	Consumes:[] Produces:[] sources  lbl21 targets 
----[known stack info]------------

 lbl0 (-1) : NOP	 Stack:0	Consumes:[] Produces:[] sources  targets  lbl1
 lbl1 (0) : DLOAD_1	 Stack:0	Consumes:[] Produces:[17 ] sources  lbl0 targets  lbl2
 lbl2 (1) : IALOAD	 Stack:1	Consumes:[17 null ] Produces:[] sources  lbl1 targets  lbl3
 lbl3 (2) : NOP	 Stack:-1	Consumes:[] Produces:[] sources  lbl2 targets  lbl4
 lbl4 (3) : ICONST_5	 Stack:-1	Consumes:[] Produces:[] sources  lbl3 targets  lbl5
 lbl5 (4) : DUP_X1	 Stack:-1	Consumes:[] Produces:[] sources  lbl4 targets  lbl6
 lbl6 (5) : ICONST_2	 Stack:-1	Consumes:[] Produces:[] sources  lbl5 targets  lbl7
 lbl7 (6) : IF_ACMPNE	 Stack:-1	Consumes:[] Produces:[] sources  lbl6 targets  lbl8 lbl10
 lbl8 (9) : DUP_X1	 Stack:-1	Consumes:[] Produces:[] sources  lbl7 targets  lbl9
 lbl9 (10) : ACONST_NULL	 Stack:-1	Consumes:[] Produces:[] sources  lbl8 targets  lbl10
 lbl10 (11) : LLOAD_2	 Stack:-1	Consumes:[] Produces:[] sources  lbl7 lbl9 targets  lbl11
 lbl11 (12) : LSTORE_0	 Stack:-1	Consumes:[] Produces:[] sources  lbl10 targets  lbl12
 lbl12 (13) : DUP_X1	 Stack:-1	Consumes:[] Produces:[] sources  lbl11 targets  lbl13
 lbl13 (14) : ICONST_0	 Stack:-1	Consumes:[] Produces:[] sources  lbl12 targets  lbl14
 lbl14 (15) : DUP_X1	 Stack:-1	Consumes:[] Produces:[] sources  lbl13 targets  lbl15
 lbl15 (16) : ICONST_1	 Stack:-1	Consumes:[] Produces:[] sources  lbl14 targets  lbl16
 lbl16 (17) : LSTORE_2	 Stack:-1	Consumes:[] Produces:[] sources  lbl15 targets  lbl17
 lbl17 (18) : LCMP	 Stack:-1	Consumes:[] Produces:[] sources  lbl16 targets  lbl18
 lbl18 (19) : NOP	 Stack:-1	Consumes:[] Produces:[] sources  lbl17 targets  lbl19
 lbl19 (20) : FCONST_2	 Stack:-1	Consumes:[] Produces:[] sources  lbl18 targets  lbl20
 lbl20 (21) : ICONST_1	 Stack:-1	Consumes:[] Produces:[] sources  lbl19 targets  lbl21
 lbl21 (22) : NOP	 Stack:-1	Consumes:[] Produces:[] sources  lbl20 targets  lbl22
 lbl22 (23) : ISUB	 Stack:-1	Consumes:[] Produces:[] sources  lbl21 targets 
----[known stack info]------------

 lbl0 (-1) : NOP	 Stack:0	Consumes:[] Produces:[] sources  targets  lbl1
 lbl1 (0) : DLOAD_1	 Stack:0	Consumes:[] Produces:[18 ] sources  lbl0 targets  lbl2
 lbl2 (1) : IALOAD	 Stack:1	Consumes:[18 null ] Produces:[] sources  lbl1 targets  lbl3
 lbl3 (2) : NOP	 Stack:-1	Consumes:[] Produces:[] sources  lbl2 targets  lbl4
 lbl4 (3) : ICONST_5	 Stack:-1	Consumes:[] Produces:[] sources  lbl3 targets  lbl5
 lbl5 (4) : DUP_X1	 Stack:-1	Consumes:[] Produces:[] sources  lbl4 targets  lbl6
 lbl6 (5) : ICONST_2	 Stack:-1	Consumes:[] Produces:[] sources  lbl5 targets  lbl7
 lbl7 (6) : IF_ACMPNE	 Stack:-1	Consumes:[] Produces:[] sources  lbl6 targets  lbl8 lbl10
 lbl8 (9) : DUP_X1	 Stack:-1	Consumes:[] Produces:[] sources  lbl7 targets  lbl9
 lbl9 (10) : ACONST_NULL	 Stack:-1	Consumes:[] Produces:[] sources  lbl8 targets  lbl10
 lbl10 (11) : LLOAD_2	 Stack:-1	Consumes:[] Produces:[] sources  lbl7 lbl9 targets  lbl11
 lbl11 (12) : LSTORE_0	 Stack:-1	Consumes:[] Produces:[] sources  lbl10 targets  lbl12
 lbl12 (13) : DUP_X1	 Stack:-1	Consumes:[] Produces:[] sources  lbl11 targets  lbl13
 lbl13 (14) : ICONST_0	 Stack:-1	Consumes:[] Produces:[] sources  lbl12 targets  lbl14
 lbl14 (15) : DUP_X1	 Stack:-1	Consumes:[] Produces:[] sources  lbl13 targets  lbl15
 lbl15 (16) : ICONST_1	 Stack:-1	Consumes:[] Produces:[] sources  lbl14 targets  lbl16
 lbl16 (17) : LSTORE_2	 Stack:-1	Consumes:[] Produces:[] sources  lbl15 targets  lbl17
 lbl17 (18) : LCMP	 Stack:-1	Consumes:[] Produces:[] sources  lbl16 targets  lbl18
 lbl18 (19) : NOP	 Stack:-1	Consumes:[] Produces:[] sources  lbl17 targets  lbl19
 lbl19 (20) : FCONST_2	 Stack:-1	Consumes:[] Produces:[] sources  lbl18 targets  lbl20
 lbl20 (21) : ICONST_1	 Stack:-1	Consumes:[] Produces:[] sources  lbl19 targets  lbl21
 lbl21 (22) : NOP	 Stack:-1	Consumes:[] Produces:[] sources  lbl20 targets  lbl22
 lbl22 (23) : ISUB	 Stack:-1	Consumes:[] Produces:[] sources  lbl21 targets 
----[known stack info]------------

 lbl0 (-1) : NOP	 Stack:0	Consumes:[] Produces:[] sources  targets  lbl1
 lbl1 (0) : DLOAD_1	 Stack:0	Consumes:[] Produces:[19 ] sources  lbl0 targets  lbl2
 lbl2 (1) : IALOAD	 Stack:1	Consumes:[19 null ] Produces:[] sources  lbl1 targets  lbl3
 lbl3 (2) : NOP	 Stack:-1	Consumes:[] Produces:[] sources  lbl2 targets  lbl4
 lbl4 (3) : ICONST_5	 Stack:-1	Consumes:[] Produces:[] sources  lbl3 targets  lbl5
 lbl5 (4) : DUP_X1	 Stack:-1	Consumes:[] Produces:[] sources  lbl4 targets  lbl6
 lbl6 (5) : ICONST_2	 Stack:-1	Consumes:[] Produces:[] sources  lbl5 targets  lbl7
 lbl7 (6) : IF_ACMPNE	 Stack:-1	Consumes:[] Produces:[] sources  lbl6 targets  lbl8 lbl10
 lbl8 (9) : DUP_X1	 Stack:-1	Consumes:[] Produces:[] sources  lbl7 targets  lbl9
 lbl9 (10) : ACONST_NULL	 Stack:-1	Consumes:[] Produces:[] sources  lbl8 targets  lbl10
 lbl10 (11) : LLOAD_2	 Stack:-1	Consumes:[] Produces:[] sources  lbl7 lbl9 targets  lbl11
 lbl11 (12) : LSTORE_0	 Stack:-1	Consumes:[] Produces:[] sources  lbl10 targets  lbl12
 lbl12 (13) : DUP_X1	 Stack:-1	Consumes:[] Produces:[] sources  lbl11 targets  lbl13
 lbl13 (14) : ICONST_0	 Stack:-1	Consumes:[] Produces:[] sources  lbl12 targets  lbl14
 lbl14 (15) : DUP_X1	 Stack:-1	Consumes:[] Produces:[] sources  lbl13 targets  lbl15
 lbl15 (16) : ICONST_1	 Stack:-1	Consumes:[] Produces:[] sources  lbl14 targets  lbl16
 lbl16 (17) : LSTORE_2	 Stack:-1	Consumes:[] Produces:[] sources  lbl15 targets  lbl17
 lbl17 (18) : LCMP	 Stack:-1	Consumes:[] Produces:[] sources  lbl16 targets  lbl18
 lbl18 (19) : NOP	 Stack:-1	Consumes:[] Produces:[] sources  lbl17 targets  lbl19
 lbl19 (20) : FCONST_2	 Stack:-1	Consumes:[] Produces:[] sources  lbl18 targets  lbl20
 lbl20 (21) : ICONST_1	 Stack:-1	Consumes:[] Produces:[] sources  lbl19 targets  lbl21
 lbl21 (22) : NOP	 Stack:-1	Consumes:[] Produces:[] sources  lbl20 targets  lbl22
 lbl22 (23) : ISUB	 Stack:-1	Consumes:[] Produces:[] sources  lbl21 targets 
----[known stack info]------------

 lbl0 (-1) : NOP	 Stack:0	Consumes:[] Produces:[] sources  targets  lbl1
 lbl1 (0) : DLOAD_1	 Stack:0	Consumes:[] Produces:[20 ] sources  lbl0 targets  lbl2
 lbl2 (1) : IALOAD	 Stack:1	Consumes:[20 null ] Produces:[] sources  lbl1 targets  lbl3
 lbl3 (2) : NOP	 Stack:-1	Consumes:[] Produces:[] sources  lbl2 targets  lbl4
 lbl4 (3) : ICONST_5	 Stack:-1	Consumes:[] Produces:[] sources  lbl3 targets  lbl5
 lbl5 (4) : DUP_X1	 Stack:-1	Consumes:[] Produces:[] sources  lbl4 targets  lbl6
 lbl6 (5) : ICONST_2	 Stack:-1	Consumes:[] Produces:[] sources  lbl5 targets  lbl7
 lbl7 (6) : IF_ACMPNE	 Stack:-1	Consumes:[] Produces:[] sources  lbl6 targets  lbl8 lbl10
 lbl8 (9) : DUP_X1	 Stack:-1	Consumes:[] Produces:[] sources  lbl7 targets  lbl9
 lbl9 (10) : ACONST_NULL	 Stack:-1	Consumes:[] Produces:[] sources  lbl8 targets  lbl10
 lbl10 (11) : LLOAD_2	 Stack:-1	Consumes:[] Produces:[] sources  lbl7 lbl9 targets  lbl11
 lbl11 (12) : LSTORE_0	 Stack:-1	Consumes:[] Produces:[] sources  lbl10 targets  lbl12
 lbl12 (13) : DUP_X1	 Stack:-1	Consumes:[] Produces:[] sources  lbl11 targets  lbl13
 lbl13 (14) : ICONST_0	 Stack:-1	Consumes:[] Produces:[] sources  lbl12 targets  lbl14
 lbl14 (15) : DUP_X1	 Stack:-1	Consumes:[] Produces:[] sources  lbl13 targets  lbl15
 lbl15 (16) : ICONST_1	 Stack:-1	Consumes:[] Produces:[] sources  lbl14 targets  lbl16
 lbl16 (17) : LSTORE_2	 Stack:-1	Consumes:[] Produces:[] sources  lbl15 targets  lbl17
 lbl17 (18) : LCMP	 Stack:-1	Consumes:[] Produces:[] sources  lbl16 targets  lbl18
 lbl18 (19) : NOP	 Stack:-1	Consumes:[] Produces:[] sources  lbl17 targets  lbl19
 lbl19 (20) : FCONST_2	 Stack:-1	Consumes:[] Produces:[] sources  lbl18 targets  lbl20
 lbl20 (21) : ICONST_1	 Stack:-1	Consumes:[] Produces:[] sources  lbl19 targets  lbl21
 lbl21 (22) : NOP	 Stack:-1	Consumes:[] Produces:[] sources  lbl20 targets  lbl22
 lbl22 (23) : ISUB	 Stack:-1	Consumes:[] Produces:[] sources  lbl21 targets 
----[known stack info]------------

 lbl0 (-1) : NOP	 Stack:0	Consumes:[] Produces:[] sources  targets  lbl1
 lbl1 (0) : DLOAD_1	 Stack:0	Consumes:[] Produces:[21 ] sources  lbl0 targets  lbl2
 lbl2 (1) : IALOAD	 Stack:1	Consumes:[21 null ] Produces:[] sources  lbl1 targets  lbl3
 lbl3 (2) : NOP	 Stack:-1	Consumes:[] Produces:[] sources  lbl2 targets  lbl4
 lbl4 (3) : ICONST_5	 Stack:-1	Consumes:[] Produces:[] sources  lbl3 targets  lbl5
 lbl5 (4) : DUP_X1	 Stack:-1	Consumes:[] Produces:[] sources  lbl4 targets  lbl6
 lbl6 (5) : ICONST_2	 Stack:-1	Consumes:[] Produces:[] sources  lbl5 targets  lbl7
 lbl7 (6) : IF_ACMPNE	 Stack:-1	Consumes:[] Produces:[] sources  lbl6 targets  lbl8 lbl10
 lbl8 (9) : DUP_X1	 Stack:-1	Consumes:[] Produces:[] sources  lbl7 targets  lbl9
 lbl9 (10) : ACONST_NULL	 Stack:-1	Consumes:[] Produces:[] sources  lbl8 targets  lbl10
 lbl10 (11) : LLOAD_2	 Stack:-1	Consumes:[] Produces:[] sources  lbl7 lbl9 targets  lbl11
 lbl11 (12) : LSTORE_0	 Stack:-1	Consumes:[] Produces:[] sources  lbl10 targets  lbl12
 lbl12 (13) : DUP_X1	 Stack:-1	Consumes:[] Produces:[] sources  lbl11 targets  lbl13
 lbl13 (14) : ICONST_0	 Stack:-1	Consumes:[] Produces:[] sources  lbl12 targets  lbl14
 lbl14 (15) : DUP_X1	 Stack:-1	Consumes:[] Produces:[] sources  lbl13 targets  lbl15
 lbl15 (16) : ICONST_1	 Stack:-1	Consumes:[] Produces:[] sources  lbl14 targets  lbl16
 lbl16 (17) : LSTORE_2	 Stack:-1	Consumes:[] Produces:[] sources  lbl15 targets  lbl17
 lbl17 (18) : LCMP	 Stack:-1	Consumes:[] Produces:[] sources  lbl16 targets  lbl18
 lbl18 (19) : NOP	 Stack:-1	Consumes:[] Produces:[] sources  lbl17 targets  lbl19
 lbl19 (20) : FCONST_2	 Stack:-1	Consumes:[] Produces:[] sources  lbl18 targets  lbl20
 lbl20 (21) : ICONST_1	 Stack:-1	Consumes:[] Produces:[] sources  lbl19 targets  lbl21
 lbl21 (22) : NOP	 Stack:-1	Consumes:[] Produces:[] sources  lbl20 targets  lbl22
 lbl22 (23) : ISUB	 Stack:-1	Consumes:[] Produces:[] sources  lbl21 targets 
----[known stack info]------------

 lbl0 (-1) : NOP	 Stack:0	Consumes:[] Produces:[] sources  targets  lbl1
 lbl1 (0) : LSTORE_0	 Stack:0	Consumes:[null ] Produces:[] sources  lbl0 targets  lbl2
 lbl2 (1) : DUP_X1	 Stack:-1	Consumes:[] Produces:[] sources  lbl1 targets  lbl3
 lbl3 (2) : ICONST_0	 Stack:-1	Consumes:[] Produces:[] sources  lbl2 targets  lbl4
 lbl4 (3) : DUP_X1	 Stack:-1	Consumes:[] Produces:[] sources  lbl3 targets  lbl5
 lbl5 (4) : ICONST_1	 Stack:-1	Consumes:[] Produces:[] sources  lbl4 targets  lbl6
 lbl6 (5) : LCMP	 Stack:-1	Consumes:[] Produces:[] sources  lbl5 targets  lbl7
 lbl7 (6) : NOP	 Stack:-1	Consumes:[] Produces:[] sources  lbl6 targets  lbl8
 lbl8 (7) : FCONST_1	 Stack:-1	Consumes:[] Produces:[] sources  lbl7 targets  lbl9
 lbl9 (8) : ICONST_0	 Stack:-1	Consumes:[] Produces:[] sources  lbl8 targets  lbl10
 lbl10 (9) : NOP	 Stack:-1	Consumes:[] Produces:[] sources  lbl9 targets  lbl11
 lbl11 (10) : LLOAD_1	 Stack:-1	Consumes:[] Produces:[] sources  lbl10 targets  lbl12
 lbl12 (11) : LSTORE_1	 Stack:-1	Consumes:[] Produces:[] sources  lbl11 targets  lbl13
 lbl13 (12) : DUP_X1	 Stack:-1	Consumes:[] Produces:[] sources  lbl12 targets  lbl14
 lbl14 (13) : ICONST_2	 Stack:-1	Consumes:[] Produces:[] sources  lbl13 targets  lbl15
 lbl15 (14) : RETURN	 Stack:-1	Consumes:[] Produces:[] sources  lbl14 targets 
 lbl16 (15) : NOP	 Stack:-1	Consumes:[] Produces:[] sources  targets  lbl17
 lbl17 (16) : FCONST_0	 Stack:-1	Consumes:[] Produces:[] sources  lbl16 targets  lbl18
 lbl18 (17) : I2S	 Stack:-1	Consumes:[] Produces:[] sources  lbl17 targets 
----[known stack info]------------

 lbl0 (-1) : NOP	 Stack:0	Consumes:[] Produces:[] sources  targets  lbl1
 lbl1 (0) : LSTORE_0	 Stack:0	Consumes:[null ] Produces:[] sources  lbl0 targets  lbl2
 lbl2 (1) : DUP_X1	 Stack:-1	Consumes:[] Produces:[] sources  lbl1 targets  lbl3
 lbl3 (2) : ICONST_0	 Stack:-1	Consumes:[] Produces:[] sources  lbl2 targets  lbl4
 lbl4 (3) : DUP_X1	 Stack:-1	Consumes:[] Produces:[] sources  lbl3 targets  lbl5
 lbl5 (4) : ICONST_1	 Stack:-1	Consumes:[] Produces:[] sources  lbl4 targets  lbl6
 lbl6 (5) : LCMP	 Stack:-1	Consumes:[] Produces:[] sources  lbl5 targets  lbl7
 lbl7 (6) : NOP	 Stack:-1	Consumes:[] Produces:[] sources  lbl6 targets  lbl8
 lbl8 (7) : FCONST_1	 Stack:-1	Consumes:[] Produces:[] sources  lbl7 targets  lbl9
 lbl9 (8) : ICONST_0	 Stack:-1	Consumes:[] Produces:[] sources  lbl8 targets  lbl10
 lbl10 (9) : NOP	 Stack:-1	Consumes:[] Produces:[] sources  lbl9 targets  lbl11
 lbl11 (10) : LLOAD_1	 Stack:-1	Consumes:[] Produces:[] sources  lbl10 targets  lbl12
 lbl12 (11) : LSTORE_1	 Stack:-1	Consumes:[] Produces:[] sources  lbl11 targets  lbl13
 lbl13 (12) : DUP_X1	 Stack:-1	Consumes:[] Produces:[] sources  lbl12 targets  lbl14
 lbl14 (13) : ICONST_2	 Stack:-1	Consumes:[] Produces:[] sources  lbl13 targets  lbl15
 lbl15 (14) : RETURN	 Stack:-1	Consumes:[] Produces:[] sources  lbl14 targets 
 lbl16 (15) : NOP	 Stack:-1	Consumes:[] Produces:[] sources  targets  lbl17
 lbl17 (16) : FCONST_0	 Stack:-1	Consumes:[] Produces:[] sources  lbl16 targets  lbl18
 lbl18 (17) : I2S	 Stack:-1	Consumes:[] Produces:[] sources  lbl17 targets 
----[known stack info]------------

 lbl0 (-1) : NOP	 Stack:0	Consumes:[] Produces:[] sources  targets  lbl1
 lbl1 (0) : LSTORE_0	 Stack:0	Consumes:[null ] Produces:[] sources  lbl0 targets  lbl2
 lbl2 (1) : DUP_X1	 Stack:-1	Consumes:[] Produces:[] sources  lbl1 targets  lbl3
 lbl3 (2) : ICONST_0	 Stack:-1	Consumes:[] Produces:[] sources  lbl2 targets  lbl4
 lbl4 (3) : DUP_X1	 Stack:-1	Consumes:[] Produces:[] sources  lbl3 targets  lbl5
 lbl5 (4) : ICONST_1	 Stack:-1	Consumes:[] Produces:[] sources  lbl4 targets  lbl6
 lbl6 (5) : LCMP	 Stack:-1	Consumes:[] Produces:[] sources  lbl5 targets  lbl7
 lbl7 (6) : NOP	 Stack:-1	Consumes:[] Produces:[] sources  lbl6 targets  lbl8
 lbl8 (7) : FCONST_1	 Stack:-1	Consumes:[] Produces:[] sources  lbl7 targets  lbl9
 lbl9 (8) : ICONST_0	 Stack:-1	Consumes:[] Produces:[] sources  lbl8 targets  lbl10
 lbl10 (9) : NOP	 Stack:-1	Consumes:[] Produces:[] sources  lbl9 targets  lbl11
 lbl11 (10) : LLOAD_1	 Stack:-1	Consumes:[] Produces:[] sources  lbl10 targets  lbl12
 lbl12 (11) : LSTORE_1	 Stack:-1	Consumes:[] Produces:[] sources  lbl11 targets  lbl13
 lbl13 (12) : DUP_X1	 Stack:-1	Consumes:[] Produces:[] sources  lbl12 targets  lbl14
 lbl14 (13) : ICONST_2	 Stack:-1	Consumes:[] Produces:[] sources  lbl13 targets  lbl15
 lbl15 (14) : RETURN	 Stack:-1	Consumes:[] Produces:[] sources  lbl14 targets 
 lbl16 (15) : NOP	 Stack:-1	Consumes:[] Produces:[] sources  targets  lbl17
 lbl17 (16) : FCONST_0	 Stack:-1	Consumes:[] Produces:[] sources  lbl16 targets  lbl18
 lbl18 (17) : I2S	 Stack:-1	Consumes:[] Produces:[] sources  lbl17 targets 
----[known stack info]------------

 lbl0 (-1) : NOP	 Stack:0	Consumes:[] Produces:[] sources  targets  lbl1
 lbl1 (0) : LSTORE_0	 Stack:0	Consumes:[null ] Produces:[] sources  lbl0 targets  lbl2
 lbl2 (1) : DUP_X1	 Stack:-1	Consumes:[] Produces:[] sources  lbl1 targets  lbl3
 lbl3 (2) : ICONST_0	 Stack:-1	Consumes:[] Produces:[] sources  lbl2 targets  lbl4
 lbl4 (3) : DUP_X1	 Stack:-1	Consumes:[] Produces:[] sources  lbl3 targets  lbl5
 lbl5 (4) : ICONST_1	 Stack:-1	Consumes:[] Produces:[] sources  lbl4 targets  lbl6
 lbl6 (5) : LCMP	 Stack:-1	Consumes:[] Produces:[] sources  lbl5 targets  lbl7
 lbl7 (6) : NOP	 Stack:-1	Consumes:[] Produces:[] sources  lbl6 targets  lbl8
 lbl8 (7) : FCONST_1	 Stack:-1	Consumes:[] Produces:[] sources  lbl7 targets  lbl9
 lbl9 (8) : ICONST_0	 Stack:-1	Consumes:[] Produces:[] sources  lbl8 targets  lbl10
 lbl10 (9) : NOP	 Stack:-1	Consumes:[] Produces:[] sources  lbl9 targets  lbl11
 lbl11 (10) : LLOAD_1	 Stack:-1	Consumes:[] Produces:[] sources  lbl10 targets  lbl12
 lbl12 (11) : LSTORE_1	 Stack:-1	Consumes:[] Produces:[] sources  lbl11 targets  lbl13
 lbl13 (12) : DUP_X1	 Stack:-1	Consumes:[] Produces:[] sources  lbl12 targets  lbl14
 lbl14 (13) : ICONST_2	 Stack:-1	Consumes:[] Produces:[] sources  lbl13 targets  lbl15
 lbl15 (14) : RETURN	 Stack:-1	Consumes:[] Produces:[] sources  lbl14 targets 
 lbl16 (15) : NOP	 Stack:-1	Consumes:[] Produces:[] sources  targets  lbl17
 lbl17 (16) : FCONST_0	 Stack:-1	Consumes:[] Produces:[] sources  lbl16 targets  lbl18
 lbl18 (17) : I2S	 Stack:-1	Consumes:[] Produces:[] sources  lbl17 targets 
----[known stack info]------------

 lbl0 (-1) : NOP	 Stack:0	Consumes:[] Produces:[] sources  targets  lbl1
 lbl1 (0) : LSTORE_0	 Stack:0	Consumes:[null ] Produces:[] sources  lbl0 targets  lbl2
 lbl2 (1) : DUP_X1	 Stack:-1	Consumes:[] Produces:[] sources  lbl1 targets  lbl3
 lbl3 (2) : ICONST_0	 Stack:-1	Consumes:[] Produces:[] sources  lbl2 targets  lbl4
 lbl4 (3) : DUP_X1	 Stack:-1	Consumes:[] Produces:[] sources  lbl3 targets  lbl5
 lbl5 (4) : ICONST_1	 Stack:-1	Consumes:[] Produces:[] sources  lbl4 targets  lbl6
 lbl6 (5) : LCMP	 Stack:-1	Consumes:[] Produces:[] sources  lbl5 targets  lbl7
 lbl7 (6) : NOP	 Stack:-1	Consumes:[] Produces:[] sources  lbl6 targets  lbl8
 lbl8 (7) : FCONST_1	 Stack:-1	Consumes:[] Produces:[] sources  lbl7 targets  lbl9
 lbl9 (8) : ICONST_0	 Stack:-1	Consumes:[] Produces:[] sources  lbl8 targets  lbl10
 lbl10 (9) : NOP	 Stack:-1	Consumes:[] Produces:[] sources  lbl9 targets  lbl11
 lbl11 (10) : LLOAD_1	 Stack:-1	Consumes:[] Produces:[] sources  lbl10 targets  lbl12
 lbl12 (11) : LSTORE_1	 Stack:-1	Consumes:[] Produces:[] sources  lbl11 targets  lbl13
 lbl13 (12) : DUP_X1	 Stack:-1	Consumes:[] Produces:[] sources  lbl12 targets  lbl14
 lbl14 (13) : ICONST_2	 Stack:-1	Consumes:[] Produces:[] sources  lbl13 targets  lbl15
 lbl15 (14) : RETURN	 Stack:-1	Consumes:[] Produces:[] sources  lbl14 targets 
 lbl16 (15) : NOP	 Stack:-1	Consumes:[] Produces:[] sources  targets  lbl17
 lbl17 (16) : FCONST_0	 Stack:-1	Consumes:[] Produces:[] sources  lbl16 targets  lbl18
 lbl18 (17) : I2S	 Stack:-1	Consumes:[] Produces:[] sources  lbl17 targets 
----[known stack info]------------

 lbl0 (-1) : NOP	 Stack:0	Consumes:[] Produces:[] sources  targets  lbl1
 lbl1 (0) : LSTORE_0	 Stack:0	Consumes:[null ] Produces:[] sources  lbl0 targets  lbl2
 lbl2 (1) : DUP_X1	 Stack:-1	Consumes:[] Produces:[] sources  lbl1 targets  lbl3
 lbl3 (2) : ICONST_0	 Stack:-1	Consumes:[] Produces:[] sources  lbl2 targets  lbl4
 lbl4 (3) : DUP_X1	 Stack:-1	Consumes:[] Produces:[] sources  lbl3 targets  lbl5
 lbl5 (4) : ICONST_1	 Stack:-1	Consumes:[] Produces:[] sources  lbl4 targets  lbl6
 lbl6 (5) : LCMP	 Stack:-1	Consumes:[] Produces:[] sources  lbl5 targets  lbl7
 lbl7 (6) : NOP	 Stack:-1	Consumes:[] Produces:[] sources  lbl6 targets  lbl8
 lbl8 (7) : FCONST_1	 Stack:-1	Consumes:[] Produces:[] sources  lbl7 targets  lbl9
 lbl9 (8) : ICONST_0	 Stack:-1	Consumes:[] Produces:[] sources  lbl8 targets  lbl10
 lbl10 (9) : NOP	 Stack:-1	Consumes:[] Produces:[] sources  lbl9 targets  lbl11
 lbl11 (10) : LLOAD_1	 Stack:-1	Consumes:[] Produces:[] sources  lbl10 targets  lbl12
 lbl12 (11) : LSTORE_1	 Stack:-1	Consumes:[] Produces:[] sources  lbl11 targets  lbl13
 lbl13 (12) : DUP_X1	 Stack:-1	Consumes:[] Produces:[] sources  lbl12 targets  lbl14
 lbl14 (13) : ICONST_2	 Stack:-1	Consumes:[] Produces:[] sources  lbl13 targets  lbl15
 lbl15 (14) : RETURN	 Stack:-1	Consumes:[] Produces:[] sources  lbl14 targets 
 lbl16 (15) : NOP	 Stack:-1	Consumes:[] Produces:[] sources  targets  lbl17
 lbl17 (16) : FCONST_0	 Stack:-1	Consumes:[] Produces:[] sources  lbl16 targets  lbl18
 lbl18 (17) : I2S	 Stack:-1	Consumes:[] Produces:[] sources  lbl17 targets 
----[known stack info]------------

 lbl0 (-1) : NOP	 Stack:0	Consumes:[] Produces:[] sources  targets  lbl1
 lbl1 (0) : LSTORE_0	 Stack:0	Consumes:[null ] Produces:[] sources  lbl0 targets  lbl2
 lbl2 (1) : DUP_X1	 Stack:-1	Consumes:[] Produces:[] sources  lbl1 targets  lbl3
 lbl3 (2) : ICONST_0	 Stack:-1	Consumes:[] Produces:[] sources  lbl2 targets  lbl4
 lbl4 (3) : DUP_X1	 Stack:-1	Consumes:[] Produces:[] sources  lbl3 targets  lbl5
 lbl5 (4) : ICONST_1	 Stack:-1	Consumes:[] Produces:[] sources  lbl4 targets  lbl6
 lbl6 (5) : LCMP	 Stack:-1	Consumes:[] Produces:[] sources  lbl5 targets  lbl7
 lbl7 (6) : NOP	 Stack:-1	Consumes:[] Produces:[] sources  lbl6 targets  lbl8
 lbl8 (7) : FCONST_1	 Stack:-1	Consumes:[] Produces:[] sources  lbl7 targets  lbl9
 lbl9 (8) : ICONST_0	 Stack:-1	Consumes:[] Produces:[] sources  lbl8 targets  lbl10
 lbl10 (9) : NOP	 Stack:-1	Consumes:[] Produces:[] sources  lbl9 targets  lbl11
 lbl11 (10) : LLOAD_1	 Stack:-1	Consumes:[] Produces:[] sources  lbl10 targets  lbl12
 lbl12 (11) : LSTORE_1	 Stack:-1	Consumes:[] Produces:[] sources  lbl11 targets  lbl13
 lbl13 (12) : DUP_X1	 Stack:-1	Consumes:[] Produces:[] sources  lbl12 targets  lbl14
 lbl14 (13) : ICONST_2	 Stack:-1	Consumes:[] Produces:[] sources  lbl13 targets  lbl15
 lbl15 (14) : RETURN	 Stack:-1	Consumes:[] Produces:[] sources  lbl14 targets 
 lbl16 (15) : NOP	 Stack:-1	Consumes:[] Produces:[] sources  targets  lbl17
 lbl17 (16) : FCONST_0	 Stack:-1	Consumes:[] Produces:[] sources  lbl16 targets  lbl18
 lbl18 (17) : I2S	 Stack:-1	Consumes:[] Produces:[] sources  lbl17 targets 
----[known stack info]------------

 lbl0 (-1) : NOP	 Stack:0	Consumes:[] Produces:[] sources  targets  lbl1
 lbl1 (0) : LSTORE_0	 Stack:0	Consumes:[null ] Produces:[] sources  lbl0 targets  lbl2
 lbl2 (1) : DUP_X1	 Stack:-1	Consumes:[] Produces:[] sources  lbl1 targets  lbl3
 lbl3 (2) : ICONST_0	 Stack:-1	Consumes:[] Produces:[] sources  lbl2 targets  lbl4
 lbl4 (3) : DUP_X1	 Stack:-1	Consumes:[] Produces:[] sources  lbl3 targets  lbl5
 lbl5 (4) : ICONST_1	 Stack:-1	Consumes:[] Produces:[] sources  lbl4 targets  lbl6
 lbl6 (5) : LCMP	 Stack:-1	Consumes:[] Produces:[] sources  lbl5 targets  lbl7
 lbl7 (6) : NOP	 Stack:-1	Consumes:[] Produces:[] sources  lbl6 targets  lbl8
 lbl8 (7) : FCONST_1	 Stack:-1	Consumes:[] Produces:[] sources  lbl7 targets  lbl9
 lbl9 (8) : ICONST_0	 Stack:-1	Consumes:[] Produces:[] sources  lbl8 targets  lbl10
 lbl10 (9) : NOP	 Stack:-1	Consumes:[] Produces:[] sources  lbl9 targets  lbl11
 lbl11 (10) : LLOAD_1	 Stack:-1	Consumes:[] Produces:[] sources  lbl10 targets  lbl12
 lbl12 (11) : LSTORE_1	 Stack:-1	Consumes:[] Produces:[] sources  lbl11 targets  lbl13
 lbl13 (12) : DUP_X1	 Stack:-1	Consumes:[] Produces:[] sources  lbl12 targets  lbl14
 lbl14 (13) : ICONST_2	 Stack:-1	Consumes:[] Produces:[] sources  lbl13 targets  lbl15
 lbl15 (14) : RETURN	 Stack:-1	Consumes:[] Produces:[] sources  lbl14 targets 
 lbl16 (15) : NOP	 Stack:-1	Consumes:[] Produces:[] sources  targets  lbl17
 lbl17 (16) : FCONST_0	 Stack:-1	Consumes:[] Produces:[] sources  lbl16 targets  lbl18
 lbl18 (17) : I2S	 Stack:-1	Consumes:[] Produces:[] sources  lbl17 targets 
----[known stack info]------------

 lbl0 (-1) : NOP	 Stack:0	Consumes:[] Produces:[] sources  targets  lbl1
 lbl1 (0) : LSTORE_0	 Stack:0	Consumes:[null ] Produces:[] sources  lbl0 targets  lbl2
 lbl2 (1) : DUP_X1	 Stack:-1	Consumes:[] Produces:[] sources  lbl1 targets  lbl3
 lbl3 (2) : ICONST_0	 Stack:-1	Consumes:[] Produces:[] sources  lbl2 targets  lbl4
 lbl4 (3) : DUP_X1	 Stack:-1	Consumes:[] Produces:[] sources  lbl3 targets  lbl5
 lbl5 (4) : ICONST_1	 Stack:-1	Consumes:[] Produces:[] sources  lbl4 targets  lbl6
 lbl6 (5) : LCMP	 Stack:-1	Consumes:[] Produces:[] sources  lbl5 targets  lbl7
 lbl7 (6) : NOP	 Stack:-1	Consumes:[] Produces:[] sources  lbl6 targets  lbl8
 lbl8 (7) : FCONST_1	 Stack:-1	Consumes:[] Produces:[] sources  lbl7 targets  lbl9
 lbl9 (8) : ICONST_0	 Stack:-1	Consumes:[] Produces:[] sources  lbl8 targets  lbl10
 lbl10 (9) : NOP	 Stack:-1	Consumes:[] Produces:[] sources  lbl9 targets  lbl11
 lbl11 (10) : LLOAD_1	 Stack:-1	Consumes:[] Produces:[] sources  lbl10 targets  lbl12
 lbl12 (11) : LSTORE_1	 Stack:-1	Consumes:[] Produces:[] sources  lbl11 targets  lbl13
 lbl13 (12) : DUP_X1	 Stack:-1	Consumes:[] Produces:[] sources  lbl12 targets  lbl14
 lbl14 (13) : ICONST_2	 Stack:-1	Consumes:[] Produces:[] sources  lbl13 targets  lbl15
 lbl15 (14) : RETURN	 Stack:-1	Consumes:[] Produces:[] sources  lbl14 targets 
 lbl16 (15) : NOP	 Stack:-1	Consumes:[] Produces:[] sources  targets  lbl17
 lbl17 (16) : FCONST_0	 Stack:-1	Consumes:[] Produces:[] sources  lbl16 targets  lbl18
 lbl18 (17) : I2S	 Stack:-1	Consumes:[] Produces:[] sources  lbl17 targets 
----[known stack info]------------

 lbl0 (-1) : NOP	 Stack:0	Consumes:[] Produces:[] sources  targets  lbl1
 lbl1 (0) : LSTORE_0	 Stack:0	Consumes:[null ] Produces:[] sources  lbl0 targets  lbl2
 lbl2 (1) : DUP_X1	 Stack:-1	Consumes:[] Produces:[] sources  lbl1 targets  lbl3
 lbl3 (2) : ICONST_0	 Stack:-1	Consumes:[] Produces:[] sources  lbl2 targets  lbl4
 lbl4 (3) : DUP_X1	 Stack:-1	Consumes:[] Produces:[] sources  lbl3 targets  lbl5
 lbl5 (4) : ICONST_1	 Stack:-1	Consumes:[] Produces:[] sources  lbl4 targets  lbl6
 lbl6 (5) : LCMP	 Stack:-1	Consumes:[] Produces:[] sources  lbl5 targets  lbl7
 lbl7 (6) : NOP	 Stack:-1	Consumes:[] Produces:[] sources  lbl6 targets  lbl8
 lbl8 (7) : FCONST_1	 Stack:-1	Consumes:[] Produces:[] sources  lbl7 targets  lbl9
 lbl9 (8) : ICONST_0	 Stack:-1	Consumes:[] Produces:[] sources  lbl8 targets  lbl10
 lbl10 (9) : NOP	 Stack:-1	Consumes:[] Produces:[] sources  lbl9 targets  lbl11
 lbl11 (10) : LLOAD_1	 Stack:-1	Consumes:[] Produces:[] sources  lbl10 targets  lbl12
 lbl12 (11) : LSTORE_1	 Stack:-1	Consumes:[] Produces:[] sources  lbl11 targets  lbl13
 lbl13 (12) : DUP_X1	 Stack:-1	Consumes:[] Produces:[] sources  lbl12 targets  lbl14
 lbl14 (13) : ICONST_2	 Stack:-1	Consumes:[] Produces:[] sources  lbl13 targets  lbl15
 lbl15 (14) : RETURN	 Stack:-1	Consumes:[] Produces:[] sources  lbl14 targets 
 lbl16 (15) : NOP	 Stack:-1	Consumes:[] Produces:[] sources  targets  lbl17
 lbl17 (16) : FCONST_0	 Stack:-1	Consumes:[] Produces:[] sources  lbl16 targets  lbl18
 lbl18 (17) : I2S	 Stack:-1	Consumes:[] Produces:[] sources  lbl17 targets 
----[known stack info]------------

 lbl0 (-1) : NOP	 Stack:0	Consumes:[] Produces:[] sources  targets  lbl1
 lbl1 (0) : LSTORE_0	 Stack:0	Consumes:[null ] Produces:[] sources  lbl0 targets  lbl2
 lbl2 (1) : LSTORE_1	 Stack:-1	Consumes:[] Produces:[] sources  lbl1 targets  lbl3
 lbl3 (2) : DRETURN	 Stack:-1	Consumes:[] Produces:[] sources  lbl2 targets 
 lbl4 (3) : MONITORENTER	 Stack:-1	Consumes:[] Produces:[] sources  targets  lbl5
 lbl5 (4) : NOP	 Stack:-1	Consumes:[] Produces:[] sources  lbl4 targets  lbl6
 lbl6 (5) : ICONST_5	 Stack:-1	Consumes:[] Produces:[] sources  lbl5 targets  lbl7
 lbl7 (6) : ISUB	 Stack:-1	Consumes:[] Produces:[] sources  lbl6 targets 
----[known stack info]------------

 lbl0 (-1) : NOP	 Stack:0	Consumes:[] Produces:[] sources  targets  lbl1
 lbl1 (0) : LSTORE_0	 Stack:0	Consumes:[null ] Produces:[] sources  lbl0 targets  lbl2
 lbl2 (1) : LSTORE_1	 Stack:-1	Consumes:[] Produces:[] sources  lbl1 targets  lbl3
 lbl3 (2) : DRETURN	 Stack:-1	Consumes:[] Produces:[] sources  lbl2 targets 
 lbl4 (3) : MONITORENTER	 Stack:-1	Consumes:[] Produces:[] sources  targets  lbl5
 lbl5 (4) : NOP	 Stack:-1	Consumes:[] Produces:[] sources  lbl4 targets  lbl6
 lbl6 (5) : ICONST_5	 Stack:-1	Consumes:[] Produces:[] sources  lbl5 targets  lbl7
 lbl7 (6) : ISUB	 Stack:-1	Consumes:[] Produces:[] sources  lbl6 targets 
----[known stack info]------------

 lbl0 (-1) : NOP	 Stack:0	Consumes:[] Produces:[] sources  targets  lbl1
 lbl1 (0) : LSTORE_0	 Stack:0	Consumes:[null ] Produces:[] sources  lbl0 targets  lbl2
 lbl2 (1) : LSTORE_1	 Stack:-1	Consumes:[] Produces:[] sources  lbl1 targets  lbl3
 lbl3 (2) : DRETURN	 Stack:-1	Consumes:[] Produces:[] sources  lbl2 targets 
 lbl4 (3) : MONITORENTER	 Stack:-1	Consumes:[] Produces:[] sources  targets  lbl5
 lbl5 (4) : NOP	 Stack:-1	Consumes:[] Produces:[] sources  lbl4 targets  lbl6
 lbl6 (5) : ICONST_5	 Stack:-1	Consumes:[] Produces:[] sources  lbl5 targets  lbl7
 lbl7 (6) : ISUB	 Stack:-1	Consumes:[] Produces:[] sources  lbl6 targets 
----[known stack info]------------

 lbl0 (-1) : NOP	 Stack:0	Consumes:[] Produces:[] sources  targets  lbl1
 lbl1 (0) : LSTORE_0	 Stack:0	Consumes:[null ] Produces:[] sources  lbl0 targets  lbl2
 lbl2 (1) : LSTORE_1	 Stack:-1	Consumes:[] Produces:[] sources  lbl1 targets  lbl3
 lbl3 (2) : DRETURN	 Stack:-1	Consumes:[] Produces:[] sources  lbl2 targets 
 lbl4 (3) : MONITORENTER	 Stack:-1	Consumes:[] Produces:[] sources  targets  lbl5
 lbl5 (4) : NOP	 Stack:-1	Consumes:[] Produces:[] sources  lbl4 targets  lbl6
 lbl6 (5) : ICONST_5	 Stack:-1	Consumes:[] Produces:[] sources  lbl5 targets  lbl7
 lbl7 (6) : ISUB	 Stack:-1	Consumes:[] Produces:[] sources  lbl6 targets 
----[known stack info]------------

 lbl0 (-1) : NOP	 Stack:0	Consumes:[] Produces:[] sources  targets  lbl1
 lbl1 (0) : LSTORE_0	 Stack:0	Consumes:[null ] Produces:[] sources  lbl0 targets  lbl2
 lbl2 (1) : LSTORE_1	 Stack:-1	Consumes:[] Produces:[] sources  lbl1 targets  lbl3
 lbl3 (2) : DRETURN	 Stack:-1	Consumes:[] Produces:[] sources  lbl2 targets 
 lbl4 (3) : MONITORENTER	 Stack:-1	Consumes:[] Produces:[] sources  targets  lbl5
 lbl5 (4) : NOP	 Stack:-1	Consumes:[] Produces:[] sources  lbl4 targets  lbl6
 lbl6 (5) : ICONST_5	 Stack:-1	Consumes:[] Produces:[] sources  lbl5 targets  lbl7
 lbl7 (6) : ISUB	 Stack:-1	Consumes:[] Produces:[] sources  lbl6 targets 
----[known stack info]------------

 lbl0 (-1) : NOP	 Stack:0	Consumes:[] Produces:[] sources  targets  lbl1
 lbl1 (0) : LSTORE_0	 Stack:0	Consumes:[null ] Produces:[] sources  lbl0 targets  lbl2
 lbl2 (1) : LSTORE_1	 Stack:-1	Consumes:[] Produces:[] sources  lbl1 targets  lbl3
 lbl3 (2) : DRETURN	 Stack:-1	Consumes:[] Produces:[] sources  lbl2 targets 
 lbl4 (3) : MONITORENTER	 Stack:-1	Consumes:[] Produces:[] sources  targets  lbl5
 lbl5 (4) : NOP	 Stack:-1	Consumes:[] Produces:[] sources  lbl4 targets  lbl6
 lbl6 (5) : ICONST_5	 Stack:-1	Consumes:[] Produces:[] sources  lbl5 targets  lbl7
 lbl7 (6) : ISUB	 Stack:-1	Consumes:[] Produces:[] sources  lbl6 targets 
----[known stack info]------------

 lbl0 (-1) : NOP	 Stack:0	Consumes:[] Produces:[] sources  targets  lbl1
 lbl1 (0) : LSTORE_0	 Stack:0	Consumes:[null ] Produces:[] sources  lbl0 targets  lbl2
 lbl2 (1) : LSTORE_1	 Stack:-1	Consumes:[] Produces:[] sources  lbl1 targets  lbl3
 lbl3 (2) : DRETURN	 Stack:-1	Consumes:[] Produces:[] sources  lbl2 targets 
 lbl4 (3) : MONITORENTER	 Stack:-1	Consumes:[] Produces:[] sources  targets  lbl5
 lbl5 (4) : NOP	 Stack:-1	Consumes:[] Produces:[] sources  lbl4 targets  lbl6
 lbl6 (5) : ICONST_5	 Stack:-1	Consumes:[] Produces:[] sources  lbl5 targets  lbl7
 lbl7 (6) : ISUB	 Stack:-1	Consumes:[] Produces:[] sources  lbl6 targets 
----[known stack info]------------

 lbl0 (-1) : NOP	 Stack:0	Consumes:[] Produces:[] sources  targets  lbl1
 lbl1 (0) : LSTORE_0	 Stack:0	Consumes:[null ] Produces:[] sources  lbl0 targets  lbl2
 lbl2 (1) : LSTORE_1	 Stack:-1	Consumes:[] Produces:[] sources  lbl1 targets  lbl3
 lbl3 (2) : DRETURN	 Stack:-1	Consumes:[] Produces:[] sources  lbl2 targets 
 lbl4 (3) : MONITORENTER	 Stack:-1	Consumes:[] Produces:[] sources  targets  lbl5
 lbl5 (4) : NOP	 Stack:-1	Consumes:[] Produces:[] sources  lbl4 targets  lbl6
 lbl6 (5) : ICONST_5	 Stack:-1	Consumes:[] Produces:[] sources  lbl5 targets  lbl7
 lbl7 (6) : ISUB	 Stack:-1	Consumes:[] Produces:[] sources  lbl6 targets 
----[known stack info]------------

 lbl0 (-1) : NOP	 Stack:0	Consumes:[] Produces:[] sources  targets  lbl1
 lbl1 (0) : LSTORE_0	 Stack:0	Consumes:[null ] Produces:[] sources  lbl0 targets  lbl2
 lbl2 (1) : LSTORE_1	 Stack:-1	Consumes:[] Produces:[] sources  lbl1 targets  lbl3
 lbl3 (2) : DRETURN	 Stack:-1	Consumes:[] Produces:[] sources  lbl2 targets 
 lbl4 (3) : MONITORENTER	 Stack:-1	Consumes:[] Produces:[] sources  targets  lbl5
 lbl5 (4) : NOP	 Stack:-1	Consumes:[] Produces:[] sources  lbl4 targets  lbl6
 lbl6 (5) : ICONST_5	 Stack:-1	Consumes:[] Produces:[] sources  lbl5 targets  lbl7
 lbl7 (6) : ISUB	 Stack:-1	Consumes:[] Produces:[] sources  lbl6 targets 
----[known stack info]------------

 lbl0 (-1) : NOP	 Stack:0	Consumes:[] Produces:[] sources  targets  lbl1
 lbl1 (0) : LSTORE_0	 Stack:0	Consumes:[null ] Produces:[] sources  lbl0 targets  lbl2
 lbl2 (1) : LSTORE_1	 Stack:-1	Consumes:[] Produces:[] sources  lbl1 targets  lbl3
 lbl3 (2) : DRETURN	 Stack:-1	Consumes:[] Produces:[] sources  lbl2 targets 
 lbl4 (3) : MONITORENTER	 Stack:-1	Consumes:[] Produces:[] sources  targets  lbl5
 lbl5 (4) : NOP	 Stack:-1	Consumes:[] Produces:[] sources  lbl4 targets  lbl6
 lbl6 (5) : ICONST_5	 Stack:-1	Consumes:[] Produces:[] sources  lbl5 targets  lbl7
 lbl7 (6) : ISUB	 Stack:-1	Consumes:[] Produces:[] sources  lbl6 targets 
----[known stack info]------------

 lbl0 (-1) : NOP	 Stack:0	Consumes:[] Produces:[] sources  targets  lbl1
 lbl1 (0) : LSTORE_0	 Stack:0	Consumes:[null ] Produces:[] sources  lbl0 targets  lbl2
 lbl2 (1) : MONITORENTER	 Stack:-1	Consumes:[] Produces:[] sources  lbl1 targets  lbl3
 lbl3 (2) : NOP	 Stack:-1	Consumes:[] Produces:[] sources  lbl2 targets  lbl4
 lbl4 (3) : ICONST_4	 Stack:-1	Consumes:[] Produces:[] sources  lbl3 targets  lbl5
 lbl5 (4) : ISUB	 Stack:-1	Consumes:[] Produces:[] sources  lbl4 targets 
----[known stack info]------------

 lbl0 (-1) : NOP	 Stack:0	Consumes:[] Produces:[] sources  targets  lbl1
 lbl1 (0) : LSTORE_0	 Stack:0	Consumes:[null ] Produces:[] sources  lbl0 targets  lbl2
 lbl2 (1) : MONITORENTER	 Stack:-1	Consumes:[] Produces:[] sources  lbl1 targets  lbl3
 lbl3 (2) : NOP	 Stack:-1	Consumes:[] Produces:[] sources  lbl2 targets  lbl4
 lbl4 (3) : ICONST_4	 Stack:-1	Consumes:[] Produces:[] sources  lbl3 targets  lbl5
 lbl5 (4) : ISUB	 Stack:-1	Consumes:[] Produces:[] sources  lbl4 targets 
----[known stack info]------------

 lbl0 (-1) : NOP	 Stack:0	Consumes:[] Produces:[] sources  targets  lbl1
 lbl1 (0) : LSTORE_0	 Stack:0	Consumes:[null ] Produces:[] sources  lbl0 targets  lbl2
 lbl2 (1) : MONITORENTER	 Stack:-1	Consumes:[] Produces:[] sources  lbl1 targets  lbl3
 lbl3 (2) : NOP	 Stack:-1	Consumes:[] Produces:[] sources  lbl2 targets  lbl4
 lbl4 (3) : ICONST_4	 Stack:-1	Consumes:[] Produces:[] sources  lbl3 targets  lbl5
 lbl5 (4) : ISUB	 Stack:-1	Consumes:[] Produces:[] sources  lbl4 targets 
----[known stack info]------------

 lbl0 (-1) : NOP	 Stack:0	Consumes:[] Produces:[] sources  targets  lbl1
 lbl1 (0) : LSTORE_0	 Stack:0	Consumes:[null ] Produces:[] sources  lbl0 targets  lbl2
 lbl2 (1) : MONITORENTER	 Stack:-1	Consumes:[] Produces:[] sources  lbl1 targets  lbl3
 lbl3 (2) : NOP	 Stack:-1	Consumes:[] Produces:[] sources  lbl2 targets  lbl4
 lbl4 (3) : ICONST_4	 Stack:-1	Consumes:[] Produces:[] sources  lbl3 targets  lbl5
 lbl5 (4) : ISUB	 Stack:-1	Consumes:[] Produces:[] sources  lbl4 targets 
----[known stack info]------------

 lbl0 (-1) : NOP	 Stack:0	Consumes:[] Produces:[] sources  targets  lbl1
 lbl1 (0) : LSTORE_0	 Stack:0	Consumes:[null ] Produces:[] sources  lbl0 targets  lbl2
 lbl2 (1) : MONITORENTER	 Stack:-1	Consumes:[] Produces:[] sources  lbl1 targets  lbl3
 lbl3 (2) : NOP	 Stack:-1	Consumes:[] Produces:[] sources  lbl2 targets  lbl4
 lbl4 (3) : ICONST_4	 Stack:-1	Consumes:[] Produces:[] sources  lbl3 targets  lbl5
 lbl5 (4) : ISUB	 Stack:-1	Consumes:[] Produces:[] sources  lbl4 targets 
----[known stack info]------------

 lbl0 (-1) : NOP	 Stack:0	Consumes:[] Produces:[] sources  targets  lbl1
 lbl1 (0) : LSTORE_0	 Stack:0	Consumes:[null ] Produces:[] sources  lbl0 targets  lbl2
 lbl2 (1) : MONITORENTER	 Stack:-1	Consumes:[] Produces:[] sources  lbl1 targets  lbl3
 lbl3 (2) : NOP	 Stack:-1	Consumes:[] Produces:[] sources  lbl2 targets  lbl4
 lbl4 (3) : ICONST_4	 Stack:-1	Consumes:[] Produces:[] sources  lbl3 targets  lbl5
 lbl5 (4) : ISUB	 Stack:-1	Consumes:[] Produces:[] sources  lbl4 targets 
----[known stack info]------------

 lbl0 (-1) : NOP	 Stack:0	Consumes:[] Produces:[] sources  targets  lbl1
 lbl1 (0) : LSTORE_0	 Stack:0	Consumes:[null ] Produces:[] sources  lbl0 targets  lbl2
 lbl2 (1) : MONITORENTER	 Stack:-1	Consumes:[] Produces:[] sources  lbl1 targets  lbl3
 lbl3 (2) : NOP	 Stack:-1	Consumes:[] Produces:[] sources  lbl2 targets  lbl4
 lbl4 (3) : ICONST_4	 Stack:-1	Consumes:[] Produces:[] sources  lbl3 targets  lbl5
 lbl5 (4) : ISUB	 Stack:-1	Consumes:[] Produces:[] sources  lbl4 targets 
----[known stack info]------------

 lbl0 (-1) : NOP	 Stack:0	Consumes:[] Produces:[] sources  targets  lbl1
 lbl1 (0) : LSTORE_0	 Stack:0	Consumes:[null ] Produces:[] sources  lbl0 targets  lbl2
 lbl2 (1) : MONITORENTER	 Stack:-1	Consumes:[] Produces:[] sources  lbl1 targets  lbl3
 lbl3 (2) : NOP	 Stack:-1	Consumes:[] Produces:[] sources  lbl2 targets  lbl4
 lbl4 (3) : ICONST_4	 Stack:-1	Consumes:[] Produces:[] sources  lbl3 targets  lbl5
 lbl5 (4) : ISUB	 Stack:-1	Consumes:[] Produces:[] sources  lbl4 targets 
----[known stack info]------------

 lbl0 (-1) : NOP	 Stack:0	Consumes:[] Produces:[] sources  targets  lbl1
 lbl1 (0) : LSTORE_0	 Stack:0	Consumes:[null ] Produces:[] sources  lbl0 targets  lbl2
 lbl2 (1) : MONITORENTER	 Stack:-1	Consumes:[] Produces:[] sources  lbl1 targets  lbl3
 lbl3 (2) : NOP	 Stack:-1	Consumes:[] Produces:[] sources  lbl2 targets  lbl4
 lbl4 (3) : ICONST_4	 Stack:-1	Consumes:[] Produces:[] sources  lbl3 targets  lbl5
 lbl5 (4) : ISUB	 Stack:-1	Consumes:[] Produces:[] sources  lbl4 targets 
----[known stack info]------------

 lbl0 (-1) : NOP	 Stack:0	Consumes:[] Produces:[] sources  targets  lbl1
 lbl1 (0) : LSTORE_0	 Stack:0	Consumes:[null ] Produces:[] sources  lbl0 targets  lbl2
 lbl2 (1) : MONITORENTER	 Stack:-1	Consumes:[] Produces:[] sources  lbl1 targets  lbl3
 lbl3 (2) : NOP	 Stack:-1	Consumes:[] Produces:[] sources  lbl2 targets  lbl4
 lbl4 (3) : ICONST_4	 Stack:-1	Consumes:[] Produces:[] sources  lbl3 targets  lbl5
 lbl5 (4) : ISUB	 Stack:-1	Consumes:[] Produces:[] sources  lbl4 targets 
----[known stack info]------------

 lbl0 (-1) : NOP	 Stack:0	Consumes:[] Produces:[] sources  targets  lbl1
 lbl1 (0) : LSTORE_0	 Stack:0	Consumes:[null ] Produces:[] sources  lbl0 targets  lbl2
 lbl2 (1) : MONITORENTER	 Stack:-1	Consumes:[] Produces:[] sources  lbl1 targets  lbl3
 lbl3 (2) : NOP	 Stack:-1	Consumes:[] Produces:[] sources  lbl2 targets  lbl4
 lbl4 (3) : LCONST_1	 Stack:-1	Consumes:[] Produces:[] sources  lbl3 targets  lbl5
 lbl5 (4) : LADD	 Stack:-1	Consumes:[] Produces:[] sources  lbl4 targets  lbl6
 lbl6 (5) : NOP	 Stack:-1	Consumes:[] Produces:[] sources  lbl5 targets  lbl7
 lbl7 (6) : ICONST_2	 Stack:-1	Consumes:[] Produces:[] sources  lbl6 targets  lbl8
 lbl8 (7) : DSUB	 Stack:-1	Consumes:[] Produces:[] sources  lbl7 targets  lbl9
 lbl9 (8) : NOP	 Stack:-1	Consumes:[] Produces:[] sources  lbl8 targets  lbl10
 lbl10 (9) : ICONST_1	 Stack:-1	Consumes:[] Produces:[] sources  lbl9 targets  lbl11
 lbl11 (10) : ISUB	 Stack:-1	Consumes:[] Produces:[] sources  lbl10 targets  lbl12
 lbl12 (11) : DADD	 Stack:-1	Consumes:[] Produces:[] sources  lbl11 targets  lbl13
 lbl13 (12) : NOP	 Stack:-1	Consumes:[] Produces:[] sources  lbl12 targets  lbl14
 lbl14 (13) : ACONST_NULL	 Stack:-1	Consumes:[] Produces:[] sources  lbl13 targets  lbl15
 lbl15 (14) : IDIV	 Stack:-1	Consumes:[] Produces:[] sources  lbl14 targets  lbl16
 lbl16 (15) : LSTORE_0	 Stack:-1	Consumes:[] Produces:[] sources  lbl15 targets  lbl17
 lbl17 (16) : MONITORENTER	 Stack:-1	Consumes:[] Produces:[] sources  lbl16 targets  lbl18
 lbl18 (17) : NOP	 Stack:-1	Consumes:[] Produces:[] sources  lbl17 targets  lbl19
 lbl19 (18) : LCONST_0	 Stack:-1	Consumes:[] Produces:[] sources  lbl18 targets  lbl20
 lbl20 (19) : MONITORENTER	 Stack:-1	Consumes:[] Produces:[] sources  lbl19 targets  lbl21
 lbl21 (20) : NOP	 Stack:-1	Consumes:[] Produces:[] sources  lbl20 targets  lbl22
 lbl22 (21) : ICONST_3	 Stack:-1	Consumes:[] Produces:[] sources  lbl21 targets  lbl23
 lbl23 (22) : CASTORE	 Stack:-1	Consumes:[] Produces:[] sources  lbl22 targets  lbl24
 lbl24 (23) : NOP	 Stack:-1	Consumes:[] Produces:[] sources  lbl23 targets  lbl25
 lbl25 (24) : ICONST_2	 Stack:-1	Consumes:[] Produces:[] sources  lbl24 targets  lbl26
 lbl26 (25) : ISUB	 Stack:-1	Consumes:[] Produces:[] sources  lbl25 targets 
----[known stack info]------------

 lbl0 (-1) : NOP	 Stack:0	Consumes:[] Produces:[] sources  targets  lbl1
 lbl1 (0) : LSTORE_0	 Stack:0	Consumes:[null ] Produces:[] sources  lbl0 targets  lbl2
 lbl2 (1) : MONITORENTER	 Stack:-1	Consumes:[] Produces:[] sources  lbl1 targets  lbl3
 lbl3 (2) : NOP	 Stack:-1	Consumes:[] Produces:[] sources  lbl2 targets  lbl4
 lbl4 (3) : LCONST_1	 Stack:-1	Consumes:[] Produces:[] sources  lbl3 targets  lbl5
 lbl5 (4) : LADD	 Stack:-1	Consumes:[] Produces:[] sources  lbl4 targets  lbl6
 lbl6 (5) : NOP	 Stack:-1	Consumes:[] Produces:[] sources  lbl5 targets  lbl7
 lbl7 (6) : ICONST_2	 Stack:-1	Consumes:[] Produces:[] sources  lbl6 targets  lbl8
 lbl8 (7) : DSUB	 Stack:-1	Consumes:[] Produces:[] sources  lbl7 targets  lbl9
 lbl9 (8) : NOP	 Stack:-1	Consumes:[] Produces:[] sources  lbl8 targets  lbl10
 lbl10 (9) : ICONST_1	 Stack:-1	Consumes:[] Produces:[] sources  lbl9 targets  lbl11
 lbl11 (10) : ISUB	 Stack:-1	Consumes:[] Produces:[] sources  lbl10 targets  lbl12
 lbl12 (11) : DADD	 Stack:-1	Consumes:[] Produces:[] sources  lbl11 targets  lbl13
 lbl13 (12) : NOP	 Stack:-1	Consumes:[] Produces:[] sources  lbl12 targets  lbl14
 lbl14 (13) : ACONST_NULL	 Stack:-1	Consumes:[] Produces:[] sources  lbl13 targets  lbl15
 lbl15 (14) : IDIV	 Stack:-1	Consumes:[] Produces:[] sources  lbl14 targets  lbl16
 lbl16 (15) : LSTORE_0	 Stack:-1	Consumes:[] Produces:[] sources  lbl15 targets  lbl17
 lbl17 (16) : MONITORENTER	 Stack:-1	Consumes:[] Produces:[] sources  lbl16 targets  lbl18
 lbl18 (17) : NOP	 Stack:-1	Consumes:[] Produces:[] sources  lbl17 targets  lbl19
 lbl19 (18) : LCONST_0	 Stack:-1	Consumes:[] Produces:[] sources  lbl18 targets  lbl20
 lbl20 (19) : MONITORENTER	 Stack:-1	Consumes:[] Produces:[] sources  lbl19 targets  lbl21
 lbl21 (20) : NOP	 Stack:-1	Consumes:[] Produces:[] sources  lbl20 targets  lbl22
 lbl22 (21) : ICONST_3	 Stack:-1	Consumes:[] Produces:[] sources  lbl21 targets  lbl23
 lbl23 (22) : CASTORE	 Stack:-1	Consumes:[] Produces:[] sources  lbl22 targets  lbl24
 lbl24 (23) : NOP	 Stack:-1	Consumes:[] Produces:[] sources  lbl23 targets  lbl25
 lbl25 (24) : ICONST_2	 Stack:-1	Consumes:[] Produces:[] sources  lbl24 targets  lbl26
 lbl26 (25) : ISUB	 Stack:-1	Consumes:[] Produces:[] sources  lbl25 targets 
----[known stack info]------------

 lbl0 (-1) : NOP	 Stack:0	Consumes:[] Produces:[] sources  targets  lbl1
 lbl1 (0) : LSTORE_0	 Stack:0	Consumes:[null ] Produces:[] sources  lbl0 targets  lbl2
 lbl2 (1) : MONITORENTER	 Stack:-1	Consumes:[] Produces:[] sources  lbl1 targets  lbl3
 lbl3 (2) : NOP	 Stack:-1	Consumes:[] Produces:[] sources  lbl2 targets  lbl4
 lbl4 (3) : LCONST_1	 Stack:-1	Consumes:[] Produces:[] sources  lbl3 targets  lbl5
 lbl5 (4) : LADD	 Stack:-1	Consumes:[] Produces:[] sources  lbl4 targets  lbl6
 lbl6 (5) : NOP	 Stack:-1	Consumes:[] Produces:[] sources  lbl5 targets  lbl7
 lbl7 (6) : ICONST_2	 Stack:-1	Consumes:[] Produces:[] sources  lbl6 targets  lbl8
 lbl8 (7) : DSUB	 Stack:-1	Consumes:[] Produces:[] sources  lbl7 targets  lbl9
 lbl9 (8) : NOP	 Stack:-1	Consumes:[] Produces:[] sources  lbl8 targets  lbl10
 lbl10 (9) : ICONST_1	 Stack:-1	Consumes:[] Produces:[] sources  lbl9 targets  lbl11
 lbl11 (10) : ISUB	 Stack:-1	Consumes:[] Produces:[] sources  lbl10 targets  lbl12
 lbl12 (11) : DADD	 Stack:-1	Consumes:[] Produces:[] sources  lbl11 targets  lbl13
 lbl13 (12) : NOP	 Stack:-1	Consumes:[] Produces:[] sources  lbl12 targets  lbl14
 lbl14 (13) : ACONST_NULL	 Stack:-1	Consumes:[] Produces:[] sources  lbl13 targets  lbl15
 lbl15 (14) : IDIV	 Stack:-1	Consumes:[] Produces:[] sources  lbl14 targets  lbl16
 lbl16 (15) : LSTORE_0	 Stack:-1	Consumes:[] Produces:[] sources  lbl15 targets  lbl17
 lbl17 (16) : MONITORENTER	 Stack:-1	Consumes:[] Produces:[] sources  lbl16 targets  lbl18
 lbl18 (17) : NOP	 Stack:-1	Consumes:[] Produces:[] sources  lbl17 targets  lbl19
 lbl19 (18) : LCONST_0	 Stack:-1	Consumes:[] Produces:[] sources  lbl18 targets  lbl20
 lbl20 (19) : MONITORENTER	 Stack:-1	Consumes:[] Produces:[] sources  lbl19 targets  lbl21
 lbl21 (20) : NOP	 Stack:-1	Consumes:[] Produces:[] sources  lbl20 targets  lbl22
 lbl22 (21) : ICONST_3	 Stack:-1	Consumes:[] Produces:[] sources  lbl21 targets  lbl23
 lbl23 (22) : CASTORE	 Stack:-1	Consumes:[] Produces:[] sources  lbl22 targets  lbl24
 lbl24 (23) : NOP	 Stack:-1	Consumes:[] Produces:[] sources  lbl23 targets  lbl25
 lbl25 (24) : ICONST_2	 Stack:-1	Consumes:[] Produces:[] sources  lbl24 targets  lbl26
 lbl26 (25) : ISUB	 Stack:-1	Consumes:[] Produces:[] sources  lbl25 targets 
----[known stack info]------------

 lbl0 (-1) : NOP	 Stack:0	Consumes:[] Produces:[] sources  targets  lbl1
 lbl1 (0) : LSTORE_0	 Stack:0	Consumes:[null ] Produces:[] sources  lbl0 targets  lbl2
 lbl2 (1) : MONITORENTER	 Stack:-1	Consumes:[] Produces:[] sources  lbl1 targets  lbl3
 lbl3 (2) : NOP	 Stack:-1	Consumes:[] Produces:[] sources  lbl2 targets  lbl4
 lbl4 (3) : LCONST_1	 Stack:-1	Consumes:[] Produces:[] sources  lbl3 targets  lbl5
 lbl5 (4) : LADD	 Stack:-1	Consumes:[] Produces:[] sources  lbl4 targets  lbl6
 lbl6 (5) : NOP	 Stack:-1	Consumes:[] Produces:[] sources  lbl5 targets  lbl7
 lbl7 (6) : ICONST_2	 Stack:-1	Consumes:[] Produces:[] sources  lbl6 targets  lbl8
 lbl8 (7) : DSUB	 Stack:-1	Consumes:[] Produces:[] sources  lbl7 targets  lbl9
 lbl9 (8) : NOP	 Stack:-1	Consumes:[] Produces:[] sources  lbl8 targets  lbl10
 lbl10 (9) : ICONST_1	 Stack:-1	Consumes:[] Produces:[] sources  lbl9 targets  lbl11
 lbl11 (10) : ISUB	 Stack:-1	Consumes:[] Produces:[] sources  lbl10 targets  lbl12
 lbl12 (11) : DADD	 Stack:-1	Consumes:[] Produces:[] sources  lbl11 targets  lbl13
 lbl13 (12) : NOP	 Stack:-1	Consumes:[] Produces:[] sources  lbl12 targets  lbl14
 lbl14 (13) : ACONST_NULL	 Stack:-1	Consumes:[] Produces:[] sources  lbl13 targets  lbl15
 lbl15 (14) : IDIV	 Stack:-1	Consumes:[] Produces:[] sources  lbl14 targets  lbl16
 lbl16 (15) : LSTORE_0	 Stack:-1	Consumes:[] Produces:[] sources  lbl15 targets  lbl17
 lbl17 (16) : MONITORENTER	 Stack:-1	Consumes:[] Produces:[] sources  lbl16 targets  lbl18
 lbl18 (17) : NOP	 Stack:-1	Consumes:[] Produces:[] sources  lbl17 targets  lbl19
 lbl19 (18) : LCONST_0	 Stack:-1	Consumes:[] Produces:[] sources  lbl18 targets  lbl20
 lbl20 (19) : MONITORENTER	 Stack:-1	Consumes:[] Produces:[] sources  lbl19 targets  lbl21
 lbl21 (20) : NOP	 Stack:-1	Consumes:[] Produces:[] sources  lbl20 targets  lbl22
 lbl22 (21) : ICONST_3	 Stack:-1	Consumes:[] Produces:[] sources  lbl21 targets  lbl23
 lbl23 (22) : CASTORE	 Stack:-1	Consumes:[] Produces:[] sources  lbl22 targets  lbl24
 lbl24 (23) : NOP	 Stack:-1	Consumes:[] Produces:[] sources  lbl23 targets  lbl25
 lbl25 (24) : ICONST_2	 Stack:-1	Consumes:[] Produces:[] sources  lbl24 targets  lbl26
 lbl26 (25) : ISUB	 Stack:-1	Consumes:[] Produces:[] sources  lbl25 targets 
----[known stack info]------------

 lbl0 (-1) : NOP	 Stack:0	Consumes:[] Produces:[] sources  targets  lbl1
 lbl1 (0) : LSTORE_0	 Stack:0	Consumes:[null ] Produces:[] sources  lbl0 targets  lbl2
 lbl2 (1) : MONITORENTER	 Stack:-1	Consumes:[] Produces:[] sources  lbl1 targets  lbl3
 lbl3 (2) : NOP	 Stack:-1	Consumes:[] Produces:[] sources  lbl2 targets  lbl4
 lbl4 (3) : LCONST_1	 Stack:-1	Consumes:[] Produces:[] sources  lbl3 targets  lbl5
 lbl5 (4) : LADD	 Stack:-1	Consumes:[] Produces:[] sources  lbl4 targets  lbl6
 lbl6 (5) : NOP	 Stack:-1	Consumes:[] Produces:[] sources  lbl5 targets  lbl7
 lbl7 (6) : ICONST_2	 Stack:-1	Consumes:[] Produces:[] sources  lbl6 targets  lbl8
 lbl8 (7) : DSUB	 Stack:-1	Consumes:[] Produces:[] sources  lbl7 targets  lbl9
 lbl9 (8) : NOP	 Stack:-1	Consumes:[] Produces:[] sources  lbl8 targets  lbl10
 lbl10 (9) : ICONST_1	 Stack:-1	Consumes:[] Produces:[] sources  lbl9 targets  lbl11
 lbl11 (10) : ISUB	 Stack:-1	Consumes:[] Produces:[] sources  lbl10 targets  lbl12
 lbl12 (11) : DADD	 Stack:-1	Consumes:[] Produces:[] sources  lbl11 targets  lbl13
 lbl13 (12) : NOP	 Stack:-1	Consumes:[] Produces:[] sources  lbl12 targets  lbl14
 lbl14 (13) : ACONST_NULL	 Stack:-1	Consumes:[] Produces:[] sources  lbl13 targets  lbl15
 lbl15 (14) : IDIV	 Stack:-1	Consumes:[] Produces:[] sources  lbl14 targets  lbl16
 lbl16 (15) : LSTORE_0	 Stack:-1	Consumes:[] Produces:[] sources  lbl15 targets  lbl17
 lbl17 (16) : MONITORENTER	 Stack:-1	Consumes:[] Produces:[] sources  lbl16 targets  lbl18
 lbl18 (17) : NOP	 Stack:-1	Consumes:[] Produces:[] sources  lbl17 targets  lbl19
 lbl19 (18) : LCONST_0	 Stack:-1	Consumes:[] Produces:[] sources  lbl18 targets  lbl20
 lbl20 (19) : MONITORENTER	 Stack:-1	Consumes:[] Produces:[] sources  lbl19 targets  lbl21
 lbl21 (20) : NOP	 Stack:-1	Consumes:[] Produces:[] sources  lbl20 targets  lbl22
 lbl22 (21) : ICONST_3	 Stack:-1	Consumes:[] Produces:[] sources  lbl21 targets  lbl23
 lbl23 (22) : CASTORE	 Stack:-1	Consumes:[] Produces:[] sources  lbl22 targets  lbl24
 lbl24 (23) : NOP	 Stack:-1	Consumes:[] Produces:[] sources  lbl23 targets  lbl25
 lbl25 (24) : ICONST_2	 Stack:-1	Consumes:[] Produces:[] sources  lbl24 targets  lbl26
 lbl26 (25) : ISUB	 Stack:-1	Consumes:[] Produces:[] sources  lbl25 targets 
----[known stack info]------------

 lbl0 (-1) : NOP	 Stack:0	Consumes:[] Produces:[] sources  targets  lbl1
 lbl1 (0) : LSTORE_0	 Stack:0	Consumes:[null ] Produces:[] sources  lbl0 targets  lbl2
 lbl2 (1) : MONITORENTER	 Stack:-1	Consumes:[] Produces:[] sources  lbl1 targets  lbl3
 lbl3 (2) : NOP	 Stack:-1	Consumes:[] Produces:[] sources  lbl2 targets  lbl4
 lbl4 (3) : LCONST_1	 Stack:-1	Consumes:[] Produces:[] sources  lbl3 targets  lbl5
 lbl5 (4) : LADD	 Stack:-1	Consumes:[] Produces:[] sources  lbl4 targets  lbl6
 lbl6 (5) : NOP	 Stack:-1	Consumes:[] Produces:[] sources  lbl5 targets  lbl7
 lbl7 (6) : ICONST_2	 Stack:-1	Consumes:[] Produces:[] sources  lbl6 targets  lbl8
 lbl8 (7) : DSUB	 Stack:-1	Consumes:[] Produces:[] sources  lbl7 targets  lbl9
 lbl9 (8) : NOP	 Stack:-1	Consumes:[] Produces:[] sources  lbl8 targets  lbl10
 lbl10 (9) : ICONST_1	 Stack:-1	Consumes:[] Produces:[] sources  lbl9 targets  lbl11
 lbl11 (10) : ISUB	 Stack:-1	Consumes:[] Produces:[] sources  lbl10 targets  lbl12
 lbl12 (11) : DADD	 Stack:-1	Consumes:[] Produces:[] sources  lbl11 targets  lbl13
 lbl13 (12) : NOP	 Stack:-1	Consumes:[] Produces:[] sources  lbl12 targets  lbl14
 lbl14 (13) : ACONST_NULL	 Stack:-1	Consumes:[] Produces:[] sources  lbl13 targets  lbl15
 lbl15 (14) : IDIV	 Stack:-1	Consumes:[] Produces:[] sources  lbl14 targets  lbl16
 lbl16 (15) : LSTORE_0	 Stack:-1	Consumes:[] Produces:[] sources  lbl15 targets  lbl17
 lbl17 (16) : MONITORENTER	 Stack:-1	Consumes:[] Produces:[] sources  lbl16 targets  lbl18
 lbl18 (17) : NOP	 Stack:-1	Consumes:[] Produces:[] sources  lbl17 targets  lbl19
 lbl19 (18) : LCONST_0	 Stack:-1	Consumes:[] Produces:[] sources  lbl18 targets  lbl20
 lbl20 (19) : MONITORENTER	 Stack:-1	Consumes:[] Produces:[] sources  lbl19 targets  lbl21
 lbl21 (20) : NOP	 Stack:-1	Consumes:[] Produces:[] sources  lbl20 targets  lbl22
 lbl22 (21) : ICONST_3	 Stack:-1	Consumes:[] Produces:[] sources  lbl21 targets  lbl23
 lbl23 (22) : CASTORE	 Stack:-1	Consumes:[] Produces:[] sources  lbl22 targets  lbl24
 lbl24 (23) : NOP	 Stack:-1	Consumes:[] Produces:[] sources  lbl23 targets  lbl25
 lbl25 (24) : ICONST_2	 Stack:-1	Consumes:[] Produces:[] sources  lbl24 targets  lbl26
 lbl26 (25) : ISUB	 Stack:-1	Consumes:[] Produces:[] sources  lbl25 targets 
----[known stack info]------------

 lbl0 (-1) : NOP	 Stack:0	Consumes:[] Produces:[] sources  targets  lbl1
 lbl1 (0) : LSTORE_0	 Stack:0	Consumes:[null ] Produces:[] sources  lbl0 targets  lbl2
 lbl2 (1) : MONITORENTER	 Stack:-1	Consumes:[] Produces:[] sources  lbl1 targets  lbl3
 lbl3 (2) : NOP	 Stack:-1	Consumes:[] Produces:[] sources  lbl2 targets  lbl4
 lbl4 (3) : LCONST_1	 Stack:-1	Consumes:[] Produces:[] sources  lbl3 targets  lbl5
 lbl5 (4) : LADD	 Stack:-1	Consumes:[] Produces:[] sources  lbl4 targets  lbl6
 lbl6 (5) : NOP	 Stack:-1	Consumes:[] Produces:[] sources  lbl5 targets  lbl7
 lbl7 (6) : ICONST_2	 Stack:-1	Consumes:[] Produces:[] sources  lbl6 targets  lbl8
 lbl8 (7) : DSUB	 Stack:-1	Consumes:[] Produces:[] sources  lbl7 targets  lbl9
 lbl9 (8) : NOP	 Stack:-1	Consumes:[] Produces:[] sources  lbl8 targets  lbl10
 lbl10 (9) : ICONST_1	 Stack:-1	Consumes:[] Produces:[] sources  lbl9 targets  lbl11
 lbl11 (10) : ISUB	 Stack:-1	Consumes:[] Produces:[] sources  lbl10 targets  lbl12
 lbl12 (11) : DADD	 Stack:-1	Consumes:[] Produces:[] sources  lbl11 targets  lbl13
 lbl13 (12) : NOP	 Stack:-1	Consumes:[] Produces:[] sources  lbl12 targets  lbl14
 lbl14 (13) : ACONST_NULL	 Stack:-1	Consumes:[] Produces:[] sources  lbl13 targets  lbl15
 lbl15 (14) : IDIV	 Stack:-1	Consumes:[] Produces:[] sources  lbl14 targets  lbl16
 lbl16 (15) : LSTORE_0	 Stack:-1	Consumes:[] Produces:[] sources  lbl15 targets  lbl17
 lbl17 (16) : MONITORENTER	 Stack:-1	Consumes:[] Produces:[] sources  lbl16 targets  lbl18
 lbl18 (17) : NOP	 Stack:-1	Consumes:[] Produces:[] sources  lbl17 targets  lbl19
 lbl19 (18) : LCONST_0	 Stack:-1	Consumes:[] Produces:[] sources  lbl18 targets  lbl20
 lbl20 (19) : MONITORENTER	 Stack:-1	Consumes:[] Produces:[] sources  lbl19 targets  lbl21
 lbl21 (20) : NOP	 Stack:-1	Consumes:[] Produces:[] sources  lbl20 targets  lbl22
 lbl22 (21) : ICONST_3	 Stack:-1	Consumes:[] Produces:[] sources  lbl21 targets  lbl23
 lbl23 (22) : CASTORE	 Stack:-1	Consumes:[] Produces:[] sources  lbl22 targets  lbl24
 lbl24 (23) : NOP	 Stack:-1	Consumes:[] Produces:[] sources  lbl23 targets  lbl25
 lbl25 (24) : ICONST_2	 Stack:-1	Consumes:[] Produces:[] sources  lbl24 targets  lbl26
 lbl26 (25) : ISUB	 Stack:-1	Consumes:[] Produces:[] sources  lbl25 targets 
----[known stack info]------------

 lbl0 (-1) : NOP	 Stack:0	Consumes:[] Produces:[] sources  targets  lbl1
 lbl1 (0) : LSTORE_0	 Stack:0	Consumes:[null ] Produces:[] sources  lbl0 targets  lbl2
 lbl2 (1) : MONITORENTER	 Stack:-1	Consumes:[] Produces:[] sources  lbl1 targets  lbl3
 lbl3 (2) : NOP	 Stack:-1	Consumes:[] Produces:[] sources  lbl2 targets  lbl4
 lbl4 (3) : LCONST_1	 Stack:-1	Consumes:[] Produces:[] sources  lbl3 targets  lbl5
 lbl5 (4) : LADD	 Stack:-1	Consumes:[] Produces:[] sources  lbl4 targets  lbl6
 lbl6 (5) : NOP	 Stack:-1	Consumes:[] Produces:[] sources  lbl5 targets  lbl7
 lbl7 (6) : ICONST_2	 Stack:-1	Consumes:[] Produces:[] sources  lbl6 targets  lbl8
 lbl8 (7) : DSUB	 Stack:-1	Consumes:[] Produces:[] sources  lbl7 targets  lbl9
 lbl9 (8) : NOP	 Stack:-1	Consumes:[] Produces:[] sources  lbl8 targets  lbl10
 lbl10 (9) : ICONST_1	 Stack:-1	Consumes:[] Produces:[] sources  lbl9 targets  lbl11
 lbl11 (10) : ISUB	 Stack:-1	Consumes:[] Produces:[] sources  lbl10 targets  lbl12
 lbl12 (11) : DADD	 Stack:-1	Consumes:[] Produces:[] sources  lbl11 targets  lbl13
 lbl13 (12) : NOP	 Stack:-1	Consumes:[] Produces:[] sources  lbl12 targets  lbl14
 lbl14 (13) : ACONST_NULL	 Stack:-1	Consumes:[] Produces:[] sources  lbl13 targets  lbl15
 lbl15 (14) : IDIV	 Stack:-1	Consumes:[] Produces:[] sources  lbl14 targets  lbl16
 lbl16 (15) : LSTORE_0	 Stack:-1	Consumes:[] Produces:[] sources  lbl15 targets  lbl17
 lbl17 (16) : MONITORENTER	 Stack:-1	Consumes:[] Produces:[] sources  lbl16 targets  lbl18
 lbl18 (17) : NOP	 Stack:-1	Consumes:[] Produces:[] sources  lbl17 targets  lbl19
 lbl19 (18) : LCONST_0	 Stack:-1	Consumes:[] Produces:[] sources  lbl18 targets  lbl20
 lbl20 (19) : MONITORENTER	 Stack:-1	Consumes:[] Produces:[] sources  lbl19 targets  lbl21
 lbl21 (20) : NOP	 Stack:-1	Consumes:[] Produces:[] sources  lbl20 targets  lbl22
 lbl22 (21) : ICONST_3	 Stack:-1	Consumes:[] Produces:[] sources  lbl21 targets  lbl23
 lbl23 (22) : CASTORE	 Stack:-1	Consumes:[] Produces:[] sources  lbl22 targets  lbl24
 lbl24 (23) : NOP	 Stack:-1	Consumes:[] Produces:[] sources  lbl23 targets  lbl25
 lbl25 (24) : ICONST_2	 Stack:-1	Consumes:[] Produces:[] sources  lbl24 targets  lbl26
 lbl26 (25) : ISUB	 Stack:-1	Consumes:[] Produces:[] sources  lbl25 targets 
----[known stack info]------------

 lbl0 (-1) : NOP	 Stack:0	Consumes:[] Produces:[] sources  targets  lbl1
 lbl1 (0) : LSTORE_0	 Stack:0	Consumes:[null ] Produces:[] sources  lbl0 targets  lbl2
 lbl2 (1) : MONITORENTER	 Stack:-1	Consumes:[] Produces:[] sources  lbl1 targets  lbl3
 lbl3 (2) : NOP	 Stack:-1	Consumes:[] Produces:[] sources  lbl2 targets  lbl4
 lbl4 (3) : LCONST_1	 Stack:-1	Consumes:[] Produces:[] sources  lbl3 targets  lbl5
 lbl5 (4) : LADD	 Stack:-1	Consumes:[] Produces:[] sources  lbl4 targets  lbl6
 lbl6 (5) : NOP	 Stack:-1	Consumes:[] Produces:[] sources  lbl5 targets  lbl7
 lbl7 (6) : ICONST_2	 Stack:-1	Consumes:[] Produces:[] sources  lbl6 targets  lbl8
 lbl8 (7) : DSUB	 Stack:-1	Consumes:[] Produces:[] sources  lbl7 targets  lbl9
 lbl9 (8) : NOP	 Stack:-1	Consumes:[] Produces:[] sources  lbl8 targets  lbl10
 lbl10 (9) : ICONST_1	 Stack:-1	Consumes:[] Produces:[] sources  lbl9 targets  lbl11
 lbl11 (10) : ISUB	 Stack:-1	Consumes:[] Produces:[] sources  lbl10 targets  lbl12
 lbl12 (11) : DADD	 Stack:-1	Consumes:[] Produces:[] sources  lbl11 targets  lbl13
 lbl13 (12) : NOP	 Stack:-1	Consumes:[] Produces:[] sources  lbl12 targets  lbl14
 lbl14 (13) : ACONST_NULL	 Stack:-1	Consumes:[] Produces:[] sources  lbl13 targets  lbl15
 lbl15 (14) : IDIV	 Stack:-1	Consumes:[] Produces:[] sources  lbl14 targets  lbl16
 lbl16 (15) : LSTORE_0	 Stack:-1	Consumes:[] Produces:[] sources  lbl15 targets  lbl17
 lbl17 (16) : MONITORENTER	 Stack:-1	Consumes:[] Produces:[] sources  lbl16 targets  lbl18
 lbl18 (17) : NOP	 Stack:-1	Consumes:[] Produces:[] sources  lbl17 targets  lbl19
 lbl19 (18) : LCONST_0	 Stack:-1	Consumes:[] Produces:[] sources  lbl18 targets  lbl20
 lbl20 (19) : MONITORENTER	 Stack:-1	Consumes:[] Produces:[] sources  lbl19 targets  lbl21
 lbl21 (20) : NOP	 Stack:-1	Consumes:[] Produces:[] sources  lbl20 targets  lbl22
 lbl22 (21) : ICONST_3	 Stack:-1	Consumes:[] Produces:[] sources  lbl21 targets  lbl23
 lbl23 (22) : CASTORE	 Stack:-1	Consumes:[] Produces:[] sources  lbl22 targets  lbl24
 lbl24 (23) : NOP	 Stack:-1	Consumes:[] Produces:[] sources  lbl23 targets  lbl25
 lbl25 (24) : ICONST_2	 Stack:-1	Consumes:[] Produces:[] sources  lbl24 targets  lbl26
 lbl26 (25) : ISUB	 Stack:-1	Consumes:[] Produces:[] sources  lbl25 targets 
----[known stack info]------------

 lbl0 (-1) : NOP	 Stack:0	Consumes:[] Produces:[] sources  targets  lbl1
 lbl1 (0) : LSTORE_0	 Stack:0	Consumes:[null ] Produces:[] sources  lbl0 targets  lbl2
 lbl2 (1) : MONITORENTER	 Stack:-1	Consumes:[] Produces:[] sources  lbl1 targets  lbl3
 lbl3 (2) : NOP	 Stack:-1	Consumes:[] Produces:[] sources  lbl2 targets  lbl4
 lbl4 (3) : LCONST_1	 Stack:-1	Consumes:[] Produces:[] sources  lbl3 targets  lbl5
 lbl5 (4) : LADD	 Stack:-1	Consumes:[] Produces:[] sources  lbl4 targets  lbl6
 lbl6 (5) : NOP	 Stack:-1	Consumes:[] Produces:[] sources  lbl5 targets  lbl7
 lbl7 (6) : ICONST_2	 Stack:-1	Consumes:[] Produces:[] sources  lbl6 targets  lbl8
 lbl8 (7) : DSUB	 Stack:-1	Consumes:[] Produces:[] sources  lbl7 targets  lbl9
 lbl9 (8) : NOP	 Stack:-1	Consumes:[] Produces:[] sources  lbl8 targets  lbl10
 lbl10 (9) : ICONST_1	 Stack:-1	Consumes:[] Produces:[] sources  lbl9 targets  lbl11
 lbl11 (10) : ISUB	 Stack:-1	Consumes:[] Produces:[] sources  lbl10 targets  lbl12
 lbl12 (11) : DADD	 Stack:-1	Consumes:[] Produces:[] sources  lbl11 targets  lbl13
 lbl13 (12) : NOP	 Stack:-1	Consumes:[] Produces:[] sources  lbl12 targets  lbl14
 lbl14 (13) : ACONST_NULL	 Stack:-1	Consumes:[] Produces:[] sources  lbl13 targets  lbl15
 lbl15 (14) : IDIV	 Stack:-1	Consumes:[] Produces:[] sources  lbl14 targets  lbl16
 lbl16 (15) : LSTORE_0	 Stack:-1	Consumes:[] Produces:[] sources  lbl15 targets  lbl17
 lbl17 (16) : MONITORENTER	 Stack:-1	Consumes:[] Produces:[] sources  lbl16 targets  lbl18
 lbl18 (17) : NOP	 Stack:-1	Consumes:[] Produces:[] sources  lbl17 targets  lbl19
 lbl19 (18) : LCONST_0	 Stack:-1	Consumes:[] Produces:[] sources  lbl18 targets  lbl20
 lbl20 (19) : MONITORENTER	 Stack:-1	Consumes:[] Produces:[] sources  lbl19 targets  lbl21
 lbl21 (20) : NOP	 Stack:-1	Consumes:[] Produces:[] sources  lbl20 targets  lbl22
 lbl22 (21) : ICONST_3	 Stack:-1	Consumes:[] Produces:[] sources  lbl21 targets  lbl23
 lbl23 (22) : CASTORE	 Stack:-1	Consumes:[] Produces:[] sources  lbl22 targets  lbl24
 lbl24 (23) : NOP	 Stack:-1	Consumes:[] Produces:[] sources  lbl23 targets  lbl25
 lbl25 (24) : ICONST_2	 Stack:-1	Consumes:[] Produces:[] sources  lbl24 targets  lbl26
 lbl26 (25) : ISUB	 Stack:-1	Consumes:[] Produces:[] sources  lbl25 targets 
----[known stack info]------------

 lbl0 (-1) : NOP	 Stack:0	Consumes:[] Produces:[] sources  targets  lbl1
 lbl1 (0) : LADD	 Stack:0	Consumes:[null ] Produces:[] sources  lbl0 targets  lbl2
 lbl2 (1) : NOP	 Stack:-1	Consumes:[] Produces:[] sources  lbl1 targets  lbl3
 lbl3 (2) : ICONST_2	 Stack:-1	Consumes:[] Produces:[] sources  lbl2 targets  lbl4
 lbl4 (3) : AASTORE	 Stack:-1	Consumes:[] Produces:[] sources  lbl3 targets 
----[known stack info]------------

 lbl0 (-1) : NOP	 Stack:0	Consumes:[] Produces:[] sources  targets  lbl1
 lbl1 (0) : LADD	 Stack:0	Consumes:[null ] Produces:[] sources  lbl0 targets  lbl2
 lbl2 (1) : NOP	 Stack:-1	Consumes:[] Produces:[] sources  lbl1 targets  lbl3
 lbl3 (2) : ICONST_2	 Stack:-1	Consumes:[] Produces:[] sources  lbl2 targets  lbl4
 lbl4 (3) : AASTORE	 Stack:-1	Consumes:[] Produces:[] sources  lbl3 targets 
----[known stack info]------------

 lbl0 (-1) : NOP	 Stack:0	Consumes:[] Produces:[] sources  targets  lbl1
 lbl1 (0) : LADD	 Stack:0	Consumes:[null ] Produces:[] sources  lbl0 targets  lbl2
 lbl2 (1) : NOP	 Stack:-1	Consumes:[] Produces:[] sources  lbl1 targets  lbl3
 lbl3 (2) : ICONST_2	 Stack:-1	Consumes:[] Produces:[] sources  lbl2 targets  lbl4
 lbl4 (3) : AASTORE	 Stack:-1	Consumes:[] Produces:[] sources  lbl3 targets 
----[known stack info]------------

 lbl0 (-1) : NOP	 Stack:0	Consumes:[] Produces:[] sources  targets  lbl1
 lbl1 (0) : LADD	 Stack:0	Consumes:[null ] Produces:[] sources  lbl0 targets  lbl2
 lbl2 (1) : NOP	 Stack:-1	Consumes:[] Produces:[] sources  lbl1 targets  lbl3
 lbl3 (2) : ICONST_2	 Stack:-1	Consumes:[] Produces:[] sources  lbl2 targets  lbl4
 lbl4 (3) : AASTORE	 Stack:-1	Consumes:[] Produces:[] sources  lbl3 targets 
----[known stack info]------------

 lbl0 (-1) : NOP	 Stack:0	Consumes:[] Produces:[] sources  targets  lbl1
 lbl1 (0) : LADD	 Stack:0	Consumes:[null ] Produces:[] sources  lbl0 targets  lbl2
 lbl2 (1) : NOP	 Stack:-1	Consumes:[] Produces:[] sources  lbl1 targets  lbl3
 lbl3 (2) : ICONST_2	 Stack:-1	Consumes:[] Produces:[] sources  lbl2 targets  lbl4
 lbl4 (3) : AASTORE	 Stack:-1	Consumes:[] Produces:[] sources  lbl3 targets 
----[known stack info]------------

 lbl0 (-1) : NOP	 Stack:0	Consumes:[] Produces:[] sources  targets  lbl1
 lbl1 (0) : LADD	 Stack:0	Consumes:[null ] Produces:[] sources  lbl0 targets  lbl2
 lbl2 (1) : NOP	 Stack:-1	Consumes:[] Produces:[] sources  lbl1 targets  lbl3
 lbl3 (2) : ICONST_2	 Stack:-1	Consumes:[] Produces:[] sources  lbl2 targets  lbl4
 lbl4 (3) : AASTORE	 Stack:-1	Consumes:[] Produces:[] sources  lbl3 targets 
----[known stack info]------------

 lbl0 (-1) : NOP	 Stack:0	Consumes:[] Produces:[] sources  targets  lbl1
 lbl1 (0) : LADD	 Stack:0	Consumes:[null ] Produces:[] sources  lbl0 targets  lbl2
 lbl2 (1) : NOP	 Stack:-1	Consumes:[] Produces:[] sources  lbl1 targets  lbl3
 lbl3 (2) : ICONST_2	 Stack:-1	Consumes:[] Produces:[] sources  lbl2 targets  lbl4
 lbl4 (3) : AASTORE	 Stack:-1	Consumes:[] Produces:[] sources  lbl3 targets 
----[known stack info]------------

 lbl0 (-1) : NOP	 Stack:0	Consumes:[] Produces:[] sources  targets  lbl1
 lbl1 (0) : LADD	 Stack:0	Consumes:[null ] Produces:[] sources  lbl0 targets  lbl2
 lbl2 (1) : NOP	 Stack:-1	Consumes:[] Produces:[] sources  lbl1 targets  lbl3
 lbl3 (2) : ICONST_2	 Stack:-1	Consumes:[] Produces:[] sources  lbl2 targets  lbl4
 lbl4 (3) : AASTORE	 Stack:-1	Consumes:[] Produces:[] sources  lbl3 targets 
----[known stack info]------------

 lbl0 (-1) : NOP	 Stack:0	Consumes:[] Produces:[] sources  targets  lbl1
 lbl1 (0) : LADD	 Stack:0	Consumes:[null ] Produces:[] sources  lbl0 targets  lbl2
 lbl2 (1) : NOP	 Stack:-1	Consumes:[] Produces:[] sources  lbl1 targets  lbl3
 lbl3 (2) : ICONST_2	 Stack:-1	Consumes:[] Produces:[] sources  lbl2 targets  lbl4
 lbl4 (3) : AASTORE	 Stack:-1	Consumes:[] Produces:[] sources  lbl3 targets 
----[known stack info]------------

 lbl0 (-1) : NOP	 Stack:0	Consumes:[] Produces:[] sources  targets  lbl1
 lbl1 (0) : LADD	 Stack:0	Consumes:[null ] Produces:[] sources  lbl0 targets  lbl2
 lbl2 (1) : NOP	 Stack:-1	Consumes:[] Produces:[] sources  lbl1 targets  lbl3
 lbl3 (2) : ICONST_2	 Stack:-1	Consumes:[] Produces:[] sources  lbl2 targets  lbl4
 lbl4 (3) : AASTORE	 Stack:-1	Consumes:[] Produces:[] sources  lbl3 targets 
----[known stack info]------------

 lbl0 (-1) : NOP	 Stack:0	Consumes:[] Produces:[] sources  targets  lbl1
 lbl1 (0) : LSTORE_0	 Stack:0	Consumes:[null ] Produces:[] sources  lbl0 targets  lbl2
 lbl2 (1) : LSTORE_1	 Stack:-1	Consumes:[] Produces:[] sources  lbl1 targets  lbl3
 lbl3 (2) : DRETURN	 Stack:-1	Consumes:[] Produces:[] sources  lbl2 targets 
 lbl4 (3) : MONITORENTER	 Stack:-1	Consumes:[] Produces:[] sources  targets  lbl5
 lbl5 (4) : NOP	 Stack:-1	Consumes:[] Produces:[] sources  lbl4 targets  lbl6
 lbl6 (5) : ICONST_5	 Stack:-1	Consumes:[] Produces:[] sources  lbl5 targets  lbl7
 lbl7 (6) : ISUB	 Stack:-1	Consumes:[] Produces:[] sources  lbl6 targets 
----[known stack info]------------

 lbl0 (-1) : NOP	 Stack:0	Consumes:[] Produces:[] sources  targets  lbl1
 lbl1 (0) : LSTORE_0	 Stack:0	Consumes:[null ] Produces:[] sources  lbl0 targets  lbl2
 lbl2 (1) : LSTORE_1	 Stack:-1	Consumes:[] Produces:[] sources  lbl1 targets  lbl3
 lbl3 (2) : DRETURN	 Stack:-1	Consumes:[] Produces:[] sources  lbl2 targets 
 lbl4 (3) : MONITORENTER	 Stack:-1	Consumes:[] Produces:[] sources  targets  lbl5
 lbl5 (4) : NOP	 Stack:-1	Consumes:[] Produces:[] sources  lbl4 targets  lbl6
 lbl6 (5) : ICONST_5	 Stack:-1	Consumes:[] Produces:[] sources  lbl5 targets  lbl7
 lbl7 (6) : ISUB	 Stack:-1	Consumes:[] Produces:[] sources  lbl6 targets 
----[known stack info]------------

 lbl0 (-1) : NOP	 Stack:0	Consumes:[] Produces:[] sources  targets  lbl1
 lbl1 (0) : LSTORE_0	 Stack:0	Consumes:[null ] Produces:[] sources  lbl0 targets  lbl2
 lbl2 (1) : LSTORE_1	 Stack:-1	Consumes:[] Produces:[] sources  lbl1 targets  lbl3
 lbl3 (2) : DRETURN	 Stack:-1	Consumes:[] Produces:[] sources  lbl2 targets 
 lbl4 (3) : MONITORENTER	 Stack:-1	Consumes:[] Produces:[] sources  targets  lbl5
 lbl5 (4) : NOP	 Stack:-1	Consumes:[] Produces:[] sources  lbl4 targets  lbl6
 lbl6 (5) : ICONST_5	 Stack:-1	Consumes:[] Produces:[] sources  lbl5 targets  lbl7
 lbl7 (6) : ISUB	 Stack:-1	Consumes:[] Produces:[] sources  lbl6 targets 
----[known stack info]------------

 lbl0 (-1) : NOP	 Stack:0	Consumes:[] Produces:[] sources  targets  lbl1
 lbl1 (0) : LSTORE_0	 Stack:0	Consumes:[null ] Produces:[] sources  lbl0 targets  lbl2
 lbl2 (1) : LSTORE_1	 Stack:-1	Consumes:[] Produces:[] sources  lbl1 targets  lbl3
 lbl3 (2) : DRETURN	 Stack:-1	Consumes:[] Produces:[] sources  lbl2 targets 
 lbl4 (3) : MONITORENTER	 Stack:-1	Consumes:[] Produces:[] sources  targets  lbl5
 lbl5 (4) : NOP	 Stack:-1	Consumes:[] Produces:[] sources  lbl4 targets  lbl6
 lbl6 (5) : ICONST_5	 Stack:-1	Consumes:[] Produces:[] sources  lbl5 targets  lbl7
 lbl7 (6) : ISUB	 Stack:-1	Consumes:[] Produces:[] sources  lbl6 targets 
----[known stack info]------------

 lbl0 (-1) : NOP	 Stack:0	Consumes:[] Produces:[] sources  targets  lbl1
 lbl1 (0) : LSTORE_0	 Stack:0	Consumes:[null ] Produces:[] sources  lbl0 targets  lbl2
 lbl2 (1) : LSTORE_1	 Stack:-1	Consumes:[] Produces:[] sources  lbl1 targets  lbl3
 lbl3 (2) : DRETURN	 Stack:-1	Consumes:[] Produces:[] sources  lbl2 targets 
 lbl4 (3) : MONITORENTER	 Stack:-1	Consumes:[] Produces:[] sources  targets  lbl5
 lbl5 (4) : NOP	 Stack:-1	Consumes:[] Produces:[] sources  lbl4 targets  lbl6
 lbl6 (5) : ICONST_5	 Stack:-1	Consumes:[] Produces:[] sources  lbl5 targets  lbl7
 lbl7 (6) : ISUB	 Stack:-1	Consumes:[] Produces:[] sources  lbl6 targets 
----[known stack info]------------

 lbl0 (-1) : NOP	 Stack:0	Consumes:[] Produces:[] sources  targets  lbl1
 lbl1 (0) : LSTORE_0	 Stack:0	Consumes:[null ] Produces:[] sources  lbl0 targets  lbl2
 lbl2 (1) : LSTORE_1	 Stack:-1	Consumes:[] Produces:[] sources  lbl1 targets  lbl3
 lbl3 (2) : DRETURN	 Stack:-1	Consumes:[] Produces:[] sources  lbl2 targets 
 lbl4 (3) : MONITORENTER	 Stack:-1	Consumes:[] Produces:[] sources  targets  lbl5
 lbl5 (4) : NOP	 Stack:-1	Consumes:[] Produces:[] sources  lbl4 targets  lbl6
 lbl6 (5) : ICONST_5	 Stack:-1	Consumes:[] Produces:[] sources  lbl5 targets  lbl7
 lbl7 (6) : ISUB	 Stack:-1	Consumes:[] Produces:[] sources  lbl6 targets 
----[known stack info]------------

 lbl0 (-1) : NOP	 Stack:0	Consumes:[] Produces:[] sources  targets  lbl1
 lbl1 (0) : LSTORE_0	 Stack:0	Consumes:[null ] Produces:[] sources  lbl0 targets  lbl2
 lbl2 (1) : LSTORE_1	 Stack:-1	Consumes:[] Produces:[] sources  lbl1 targets  lbl3
 lbl3 (2) : DRETURN	 Stack:-1	Consumes:[] Produces:[] sources  lbl2 targets 
 lbl4 (3) : MONITORENTER	 Stack:-1	Consumes:[] Produces:[] sources  targets  lbl5
 lbl5 (4) : NOP	 Stack:-1	Consumes:[] Produces:[] sources  lbl4 targets  lbl6
 lbl6 (5) : ICONST_5	 Stack:-1	Consumes:[] Produces:[] sources  lbl5 targets  lbl7
 lbl7 (6) : ISUB	 Stack:-1	Consumes:[] Produces:[] sources  lbl6 targets 
----[known stack info]------------

 lbl0 (-1) : NOP	 Stack:0	Consumes:[] Produces:[] sources  targets  lbl1
 lbl1 (0) : LSTORE_0	 Stack:0	Consumes:[null ] Produces:[] sources  lbl0 targets  lbl2
 lbl2 (1) : LSTORE_1	 Stack:-1	Consumes:[] Produces:[] sources  lbl1 targets  lbl3
 lbl3 (2) : DRETURN	 Stack:-1	Consumes:[] Produces:[] sources  lbl2 targets 
 lbl4 (3) : MONITORENTER	 Stack:-1	Consumes:[] Produces:[] sources  targets  lbl5
 lbl5 (4) : NOP	 Stack:-1	Consumes:[] Produces:[] sources  lbl4 targets  lbl6
 lbl6 (5) : ICONST_5	 Stack:-1	Consumes:[] Produces:[] sources  lbl5 targets  lbl7
 lbl7 (6) : ISUB	 Stack:-1	Consumes:[] Produces:[] sources  lbl6 targets 
----[known stack info]------------

 lbl0 (-1) : NOP	 Stack:0	Consumes:[] Produces:[] sources  targets  lbl1
 lbl1 (0) : LSTORE_0	 Stack:0	Consumes:[null ] Produces:[] sources  lbl0 targets  lbl2
 lbl2 (1) : LSTORE_1	 Stack:-1	Consumes:[] Produces:[] sources  lbl1 targets  lbl3
 lbl3 (2) : DRETURN	 Stack:-1	Consumes:[] Produces:[] sources  lbl2 targets 
 lbl4 (3) : MONITORENTER	 Stack:-1	Consumes:[] Produces:[] sources  targets  lbl5
 lbl5 (4) : NOP	 Stack:-1	Consumes:[] Produces:[] sources  lbl4 targets  lbl6
 lbl6 (5) : ICONST_5	 Stack:-1	Consumes:[] Produces:[] sources  lbl5 targets  lbl7
 lbl7 (6) : ISUB	 Stack:-1	Consumes:[] Produces:[] sources  lbl6 targets 
----[known stack info]------------

 lbl0 (-1) : NOP	 Stack:0	Consumes:[] Produces:[] sources  targets  lbl1
 lbl1 (0) : LSTORE_0	 Stack:0	Consumes:[null ] Produces:[] sources  lbl0 targets  lbl2
 lbl2 (1) : LSTORE_1	 Stack:-1	Consumes:[] Produces:[] sources  lbl1 targets  lbl3
 lbl3 (2) : DRETURN	 Stack:-1	Consumes:[] Produces:[] sources  lbl2 targets 
 lbl4 (3) : MONITORENTER	 Stack:-1	Consumes:[] Produces:[] sources  targets  lbl5
 lbl5 (4) : NOP	 Stack:-1	Consumes:[] Produces:[] sources  lbl4 targets  lbl6
 lbl6 (5) : ICONST_5	 Stack:-1	Consumes:[] Produces:[] sources  lbl5 targets  lbl7
 lbl7 (6) : ISUB	 Stack:-1	Consumes:[] Produces:[] sources  lbl6 targets 
----[known stack info]------------

 lbl0 (-1) : NOP	 Stack:0	Consumes:[] Produces:[] sources  targets  lbl1
 lbl1 (0) : LSTORE_0	 Stack:0	Consumes:[null ] Produces:[] sources  lbl0 targets  lbl2
 lbl2 (1) : MONITORENTER	 Stack:-1	Consumes:[] Produces:[] sources  lbl1 targets  lbl3
 lbl3 (2) : NOP	 Stack:-1	Consumes:[] Produces:[] sources  lbl2 targets  lbl4
 lbl4 (3) : ICONST_4	 Stack:-1	Consumes:[] Produces:[] sources  lbl3 targets  lbl5
 lbl5 (4) : ISUB	 Stack:-1	Consumes:[] Produces:[] sources  lbl4 targets 
----[known stack info]------------

 lbl0 (-1) : NOP	 Stack:0	Consumes:[] Produces:[] sources  targets  lbl1
 lbl1 (0) : LSTORE_0	 Stack:0	Consumes:[null ] Produces:[] sources  lbl0 targets  lbl2
 lbl2 (1) : MONITORENTER	 Stack:-1	Consumes:[] Produces:[] sources  lbl1 targets  lbl3
 lbl3 (2) : NOP	 Stack:-1	Consumes:[] Produces:[] sources  lbl2 targets  lbl4
 lbl4 (3) : ICONST_4	 Stack:-1	Consumes:[] Produces:[] sources  lbl3 targets  lbl5
 lbl5 (4) : ISUB	 Stack:-1	Consumes:[] Produces:[] sources  lbl4 targets 
----[known stack info]------------

 lbl0 (-1) : NOP	 Stack:0	Consumes:[] Produces:[] sources  targets  lbl1
 lbl1 (0) : LSTORE_0	 Stack:0	Consumes:[null ] Produces:[] sources  lbl0 targets  lbl2
 lbl2 (1) : MONITORENTER	 Stack:-1	Consumes:[] Produces:[] sources  lbl1 targets  lbl3
 lbl3 (2) : NOP	 Stack:-1	Consumes:[] Produces:[] sources  lbl2 targets  lbl4
 lbl4 (3) : ICONST_4	 Stack:-1	Consumes:[] Produces:[] sources  lbl3 targets  lbl5
 lbl5 (4) : ISUB	 Stack:-1	Consumes:[] Produces:[] sources  lbl4 targets 
----[known stack info]------------

 lbl0 (-1) : NOP	 Stack:0	Consumes:[] Produces:[] sources  targets  lbl1
 lbl1 (0) : LSTORE_0	 Stack:0	Consumes:[null ] Produces:[] sources  lbl0 targets  lbl2
 lbl2 (1) : MONITORENTER	 Stack:-1	Consumes:[] Produces:[] sources  lbl1 targets  lbl3
 lbl3 (2) : NOP	 Stack:-1	Consumes:[] Produces:[] sources  lbl2 targets  lbl4
 lbl4 (3) : ICONST_4	 Stack:-1	Consumes:[] Produces:[] sources  lbl3 targets  lbl5
 lbl5 (4) : ISUB	 Stack:-1	Consumes:[] Produces:[] sources  lbl4 targets 
----[known stack info]------------

 lbl0 (-1) : NOP	 Stack:0	Consumes:[] Produces:[] sources  targets  lbl1
 lbl1 (0) : LSTORE_0	 Stack:0	Consumes:[null ] Produces:[] sources  lbl0 targets  lbl2
 lbl2 (1) : MONITORENTER	 Stack:-1	Consumes:[] Produces:[] sources  lbl1 targets  lbl3
 lbl3 (2) : NOP	 Stack:-1	Consumes:[] Produces:[] sources  lbl2 targets  lbl4
 lbl4 (3) : ICONST_4	 Stack:-1	Consumes:[] Produces:[] sources  lbl3 targets  lbl5
 lbl5 (4) : ISUB	 Stack:-1	Consumes:[] Produces:[] sources  lbl4 targets 
----[known stack info]------------

 lbl0 (-1) : NOP	 Stack:0	Consumes:[] Produces:[] sources  targets  lbl1
 lbl1 (0) : LSTORE_0	 Stack:0	Consumes:[null ] Produces:[] sources  lbl0 targets  lbl2
 lbl2 (1) : MONITORENTER	 Stack:-1	Consumes:[] Produces:[] sources  lbl1 targets  lbl3
 lbl3 (2) : NOP	 Stack:-1	Consumes:[] Produces:[] sources  lbl2 targets  lbl4
 lbl4 (3) : ICONST_4	 Stack:-1	Consumes:[] Produces:[] sources  lbl3 targets  lbl5
 lbl5 (4) : ISUB	 Stack:-1	Consumes:[] Produces:[] sources  lbl4 targets 
----[known stack info]------------

 lbl0 (-1) : NOP	 Stack:0	Consumes:[] Produces:[] sources  targets  lbl1
 lbl1 (0) : LSTORE_0	 Stack:0	Consumes:[null ] Produces:[] sources  lbl0 targets  lbl2
 lbl2 (1) : MONITORENTER	 Stack:-1	Consumes:[] Produces:[] sources  lbl1 targets  lbl3
 lbl3 (2) : NOP	 Stack:-1	Consumes:[] Produces:[] sources  lbl2 targets  lbl4
 lbl4 (3) : ICONST_4	 Stack:-1	Consumes:[] Produces:[] sources  lbl3 targets  lbl5
 lbl5 (4) : ISUB	 Stack:-1	Consumes:[] Produces:[] sources  lbl4 targets 
----[known stack info]------------

 lbl0 (-1) : NOP	 Stack:0	Consumes:[] Produces:[] sources  targets  lbl1
 lbl1 (0) : LSTORE_0	 Stack:0	Consumes:[null ] Produces:[] sources  lbl0 targets  lbl2
 lbl2 (1) : MONITORENTER	 Stack:-1	Consumes:[] Produces:[] sources  lbl1 targets  lbl3
 lbl3 (2) : NOP	 Stack:-1	Consumes:[] Produces:[] sources  lbl2 targets  lbl4
 lbl4 (3) : ICONST_4	 Stack:-1	Consumes:[] Produces:[] sources  lbl3 targets  lbl5
 lbl5 (4) : ISUB	 Stack:-1	Consumes:[] Produces:[] sources  lbl4 targets 
----[known stack info]------------

 lbl0 (-1) : NOP	 Stack:0	Consumes:[] Produces:[] sources  targets  lbl1
 lbl1 (0) : LSTORE_0	 Stack:0	Consumes:[null ] Produces:[] sources  lbl0 targets  lbl2
 lbl2 (1) : MONITORENTER	 Stack:-1	Consumes:[] Produces:[] sources  lbl1 targets  lbl3
 lbl3 (2) : NOP	 Stack:-1	Consumes:[] Produces:[] sources  lbl2 targets  lbl4
 lbl4 (3) : ICONST_4	 Stack:-1	Consumes:[] Produces:[] sources  lbl3 targets  lbl5
 lbl5 (4) : ISUB	 Stack:-1	Consumes:[] Produces:[] sources  lbl4 targets 
----[known stack info]------------

 lbl0 (-1) : NOP	 Stack:0	Consumes:[] Produces:[] sources  targets  lbl1
 lbl1 (0) : LSTORE_0	 Stack:0	Consumes:[null ] Produces:[] sources  lbl0 targets  lbl2
 lbl2 (1) : MONITORENTER	 Stack:-1	Consumes:[] Produces:[] sources  lbl1 targets  lbl3
 lbl3 (2) : NOP	 Stack:-1	Consumes:[] Produces:[] sources  lbl2 targets  lbl4
 lbl4 (3) : ICONST_4	 Stack:-1	Consumes:[] Produces:[] sources  lbl3 targets  lbl5
 lbl5 (4) : ISUB	 Stack:-1	Consumes:[] Produces:[] sources  lbl4 targets 
----[known stack info]------------

 lbl0 (-1) : NOP	 Stack:0	Consumes:[] Produces:[] sources  targets  lbl1
 lbl1 (0) : LSTORE_0	 Stack:0	Consumes:[null ] Produces:[] sources  lbl0 targets  lbl2
 lbl2 (1) : MONITORENTER	 Stack:-1	Consumes:[] Produces:[] sources  lbl1 targets  lbl3
 lbl3 (2) : NOP	 Stack:-1	Consumes:[] Produces:[] sources  lbl2 targets  lbl4
 lbl4 (3) : LCONST_1	 Stack:-1	Consumes:[] Produces:[] sources  lbl3 targets  lbl5
 lbl5 (4) : LADD	 Stack:-1	Consumes:[] Produces:[] sources  lbl4 targets  lbl6
 lbl6 (5) : NOP	 Stack:-1	Consumes:[] Produces:[] sources  lbl5 targets  lbl7
 lbl7 (6) : ICONST_2	 Stack:-1	Consumes:[] Produces:[] sources  lbl6 targets  lbl8
 lbl8 (7) : DSUB	 Stack:-1	Consumes:[] Produces:[] sources  lbl7 targets  lbl9
 lbl9 (8) : NOP	 Stack:-1	Consumes:[] Produces:[] sources  lbl8 targets  lbl10
 lbl10 (9) : ICONST_1	 Stack:-1	Consumes:[] Produces:[] sources  lbl9 targets  lbl11
 lbl11 (10) : ISUB	 Stack:-1	Consumes:[] Produces:[] sources  lbl10 targets  lbl12
 lbl12 (11) : DADD	 Stack:-1	Consumes:[] Produces:[] sources  lbl11 targets  lbl13
 lbl13 (12) : NOP	 Stack:-1	Consumes:[] Produces:[] sources  lbl12 targets  lbl14
 lbl14 (13) : ACONST_NULL	 Stack:-1	Consumes:[] Produces:[] sources  lbl13 targets  lbl15
 lbl15 (14) : IDIV	 Stack:-1	Consumes:[] Produces:[] sources  lbl14 targets  lbl16
 lbl16 (15) : LSTORE_0	 Stack:-1	Consumes:[] Produces:[] sources  lbl15 targets  lbl17
 lbl17 (16) : MONITORENTER	 Stack:-1	Consumes:[] Produces:[] sources  lbl16 targets  lbl18
 lbl18 (17) : NOP	 Stack:-1	Consumes:[] Produces:[] sources  lbl17 targets  lbl19
 lbl19 (18) : LCONST_0	 Stack:-1	Consumes:[] Produces:[] sources  lbl18 targets  lbl20
 lbl20 (19) : MONITORENTER	 Stack:-1	Consumes:[] Produces:[] sources  lbl19 targets  lbl21
 lbl21 (20) : NOP	 Stack:-1	Consumes:[] Produces:[] sources  lbl20 targets  lbl22
 lbl22 (21) : ICONST_3	 Stack:-1	Consumes:[] Produces:[] sources  lbl21 targets  lbl23
 lbl23 (22) : CASTORE	 Stack:-1	Consumes:[] Produces:[] sources  lbl22 targets  lbl24
 lbl24 (23) : NOP	 Stack:-1	Consumes:[] Produces:[] sources  lbl23 targets  lbl25
 lbl25 (24) : ICONST_2	 Stack:-1	Consumes:[] Produces:[] sources  lbl24 targets  lbl26
 lbl26 (25) : ISUB	 Stack:-1	Consumes:[] Produces:[] sources  lbl25 targets 
----[known stack info]------------

 lbl0 (-1) : NOP	 Stack:0	Consumes:[] Produces:[] sources  targets  lbl1
 lbl1 (0) : LSTORE_0	 Stack:0	Consumes:[null ] Produces:[] sources  lbl0 targets  lbl2
 lbl2 (1) : MONITORENTER	 Stack:-1	Consumes:[] Produces:[] sources  lbl1 targets  lbl3
 lbl3 (2) : NOP	 Stack:-1	Consumes:[] Produces:[] sources  lbl2 targets  lbl4
 lbl4 (3) : LCONST_1	 Stack:-1	Consumes:[] Produces:[] sources  lbl3 targets  lbl5
 lbl5 (4) : LADD	 Stack:-1	Consumes:[] Produces:[] sources  lbl4 targets  lbl6
 lbl6 (5) : NOP	 Stack:-1	Consumes:[] Produces:[] sources  lbl5 targets  lbl7
 lbl7 (6) : ICONST_2	 Stack:-1	Consumes:[] Produces:[] sources  lbl6 targets  lbl8
 lbl8 (7) : DSUB	 Stack:-1	Consumes:[] Produces:[] sources  lbl7 targets  lbl9
 lbl9 (8) : NOP	 Stack:-1	Consumes:[] Produces:[] sources  lbl8 targets  lbl10
 lbl10 (9) : ICONST_1	 Stack:-1	Consumes:[] Produces:[] sources  lbl9 targets  lbl11
 lbl11 (10) : ISUB	 Stack:-1	Consumes:[] Produces:[] sources  lbl10 targets  lbl12
 lbl12 (11) : DADD	 Stack:-1	Consumes:[] Produces:[] sources  lbl11 targets  lbl13
 lbl13 (12) : NOP	 Stack:-1	Consumes:[] Produces:[] sources  lbl12 targets  lbl14
 lbl14 (13) : ACONST_NULL	 Stack:-1	Consumes:[] Produces:[] sources  lbl13 targets  lbl15
 lbl15 (14) : IDIV	 Stack:-1	Consumes:[] Produces:[] sources  lbl14 targets  lbl16
 lbl16 (15) : LSTORE_0	 Stack:-1	Consumes:[] Produces:[] sources  lbl15 targets  lbl17
 lbl17 (16) : MONITORENTER	 Stack:-1	Consumes:[] Produces:[] sources  lbl16 targets  lbl18
 lbl18 (17) : NOP	 Stack:-1	Consumes:[] Produces:[] sources  lbl17 targets  lbl19
 lbl19 (18) : LCONST_0	 Stack:-1	Consumes:[] Produces:[] sources  lbl18 targets  lbl20
 lbl20 (19) : MONITORENTER	 Stack:-1	Consumes:[] Produces:[] sources  lbl19 targets  lbl21
 lbl21 (20) : NOP	 Stack:-1	Consumes:[] Produces:[] sources  lbl20 targets  lbl22
 lbl22 (21) : ICONST_3	 Stack:-1	Consumes:[] Produces:[] sources  lbl21 targets  lbl23
 lbl23 (22) : CASTORE	 Stack:-1	Consumes:[] Produces:[] sources  lbl22 targets  lbl24
 lbl24 (23) : NOP	 Stack:-1	Consumes:[] Produces:[] sources  lbl23 targets  lbl25
 lbl25 (24) : ICONST_2	 Stack:-1	Consumes:[] Produces:[] sources  lbl24 targets  lbl26
 lbl26 (25) : ISUB	 Stack:-1	Consumes:[] Produces:[] sources  lbl25 targets 
----[known stack info]------------

 lbl0 (-1) : NOP	 Stack:0	Consumes:[] Produces:[] sources  targets  lbl1
 lbl1 (0) : LSTORE_0	 Stack:0	Consumes:[null ] Produces:[] sources  lbl0 targets  lbl2
 lbl2 (1) : MONITORENTER	 Stack:-1	Consumes:[] Produces:[] sources  lbl1 targets  lbl3
 lbl3 (2) : NOP	 Stack:-1	Consumes:[] Produces:[] sources  lbl2 targets  lbl4
 lbl4 (3) : LCONST_1	 Stack:-1	Consumes:[] Produces:[] sources  lbl3 targets  lbl5
 lbl5 (4) : LADD	 Stack:-1	Consumes:[] Produces:[] sources  lbl4 targets  lbl6
 lbl6 (5) : NOP	 Stack:-1	Consumes:[] Produces:[] sources  lbl5 targets  lbl7
 lbl7 (6) : ICONST_2	 Stack:-1	Consumes:[] Produces:[] sources  lbl6 targets  lbl8
 lbl8 (7) : DSUB	 Stack:-1	Consumes:[] Produces:[] sources  lbl7 targets  lbl9
 lbl9 (8) : NOP	 Stack:-1	Consumes:[] Produces:[] sources  lbl8 targets  lbl10
 lbl10 (9) : ICONST_1	 Stack:-1	Consumes:[] Produces:[] sources  lbl9 targets  lbl11
 lbl11 (10) : ISUB	 Stack:-1	Consumes:[] Produces:[] sources  lbl10 targets  lbl12
 lbl12 (11) : DADD	 Stack:-1	Consumes:[] Produces:[] sources  lbl11 targets  lbl13
 lbl13 (12) : NOP	 Stack:-1	Consumes:[] Produces:[] sources  lbl12 targets  lbl14
 lbl14 (13) : ACONST_NULL	 Stack:-1	Consumes:[] Produces:[] sources  lbl13 targets  lbl15
 lbl15 (14) : IDIV	 Stack:-1	Consumes:[] Produces:[] sources  lbl14 targets  lbl16
 lbl16 (15) : LSTORE_0	 Stack:-1	Consumes:[] Produces:[] sources  lbl15 targets  lbl17
 lbl17 (16) : MONITORENTER	 Stack:-1	Consumes:[] Produces:[] sources  lbl16 targets  lbl18
 lbl18 (17) : NOP	 Stack:-1	Consumes:[] Produces:[] sources  lbl17 targets  lbl19
 lbl19 (18) : LCONST_0	 Stack:-1	Consumes:[] Produces:[] sources  lbl18 targets  lbl20
 lbl20 (19) : MONITORENTER	 Stack:-1	Consumes:[] Produces:[] sources  lbl19 targets  lbl21
 lbl21 (20) : NOP	 Stack:-1	Consumes:[] Produces:[] sources  lbl20 targets  lbl22
 lbl22 (21) : ICONST_3	 Stack:-1	Consumes:[] Produces:[] sources  lbl21 targets  lbl23
 lbl23 (22) : CASTORE	 Stack:-1	Consumes:[] Produces:[] sources  lbl22 targets  lbl24
 lbl24 (23) : NOP	 Stack:-1	Consumes:[] Produces:[] sources  lbl23 targets  lbl25
 lbl25 (24) : ICONST_2	 Stack:-1	Consumes:[] Produces:[] sources  lbl24 targets  lbl26
 lbl26 (25) : ISUB	 Stack:-1	Consumes:[] Produces:[] sources  lbl25 targets 
----[known stack info]------------

 lbl0 (-1) : NOP	 Stack:0	Consumes:[] Produces:[] sources  targets  lbl1
 lbl1 (0) : LSTORE_0	 Stack:0	Consumes:[null ] Produces:[] sources  lbl0 targets  lbl2
 lbl2 (1) : MONITORENTER	 Stack:-1	Consumes:[] Produces:[] sources  lbl1 targets  lbl3
 lbl3 (2) : NOP	 Stack:-1	Consumes:[] Produces:[] sources  lbl2 targets  lbl4
 lbl4 (3) : LCONST_1	 Stack:-1	Consumes:[] Produces:[] sources  lbl3 targets  lbl5
 lbl5 (4) : LADD	 Stack:-1	Consumes:[] Produces:[] sources  lbl4 targets  lbl6
 lbl6 (5) : NOP	 Stack:-1	Consumes:[] Produces:[] sources  lbl5 targets  lbl7
 lbl7 (6) : ICONST_2	 Stack:-1	Consumes:[] Produces:[] sources  lbl6 targets  lbl8
 lbl8 (7) : DSUB	 Stack:-1	Consumes:[] Produces:[] sources  lbl7 targets  lbl9
 lbl9 (8) : NOP	 Stack:-1	Consumes:[] Produces:[] sources  lbl8 targets  lbl10
 lbl10 (9) : ICONST_1	 Stack:-1	Consumes:[] Produces:[] sources  lbl9 targets  lbl11
 lbl11 (10) : ISUB	 Stack:-1	Consumes:[] Produces:[] sources  lbl10 targets  lbl12
 lbl12 (11) : DADD	 Stack:-1	Consumes:[] Produces:[] sources  lbl11 targets  lbl13
 lbl13 (12) : NOP	 Stack:-1	Consumes:[] Produces:[] sources  lbl12 targets  lbl14
 lbl14 (13) : ACONST_NULL	 Stack:-1	Consumes:[] Produces:[] sources  lbl13 targets  lbl15
 lbl15 (14) : IDIV	 Stack:-1	Consumes:[] Produces:[] sources  lbl14 targets  lbl16
 lbl16 (15) : LSTORE_0	 Stack:-1	Consumes:[] Produces:[] sources  lbl15 targets  lbl17
 lbl17 (16) : MONITORENTER	 Stack:-1	Consumes:[] Produces:[] sources  lbl16 targets  lbl18
 lbl18 (17) : NOP	 Stack:-1	Consumes:[] Produces:[] sources  lbl17 targets  lbl19
 lbl19 (18) : LCONST_0	 Stack:-1	Consumes:[] Produces:[] sources  lbl18 targets  lbl20
 lbl20 (19) : MONITORENTER	 Stack:-1	Consumes:[] Produces:[] sources  lbl19 targets  lbl21
 lbl21 (20) : NOP	 Stack:-1	Consumes:[] Produces:[] sources  lbl20 targets  lbl22
 lbl22 (21) : ICONST_3	 Stack:-1	Consumes:[] Produces:[] sources  lbl21 targets  lbl23
 lbl23 (22) : CASTORE	 Stack:-1	Consumes:[] Produces:[] sources  lbl22 targets  lbl24
 lbl24 (23) : NOP	 Stack:-1	Consumes:[] Produces:[] sources  lbl23 targets  lbl25
 lbl25 (24) : ICONST_2	 Stack:-1	Consumes:[] Produces:[] sources  lbl24 targets  lbl26
 lbl26 (25) : ISUB	 Stack:-1	Consumes:[] Produces:[] sources  lbl25 targets 
----[known stack info]------------

 lbl0 (-1) : NOP	 Stack:0	Consumes:[] Produces:[] sources  targets  lbl1
 lbl1 (0) : LSTORE_0	 Stack:0	Consumes:[null ] Produces:[] sources  lbl0 targets  lbl2
 lbl2 (1) : MONITORENTER	 Stack:-1	Consumes:[] Produces:[] sources  lbl1 targets  lbl3
 lbl3 (2) : NOP	 Stack:-1	Consumes:[] Produces:[] sources  lbl2 targets  lbl4
 lbl4 (3) : LCONST_1	 Stack:-1	Consumes:[] Produces:[] sources  lbl3 targets  lbl5
 lbl5 (4) : LADD	 Stack:-1	Consumes:[] Produces:[] sources  lbl4 targets  lbl6
 lbl6 (5) : NOP	 Stack:-1	Consumes:[] Produces:[] sources  lbl5 targets  lbl7
 lbl7 (6) : ICONST_2	 Stack:-1	Consumes:[] Produces:[] sources  lbl6 targets  lbl8
 lbl8 (7) : DSUB	 Stack:-1	Consumes:[] Produces:[] sources  lbl7 targets  lbl9
 lbl9 (8) : NOP	 Stack:-1	Consumes:[] Produces:[] sources  lbl8 targets  lbl10
 lbl10 (9) : ICONST_1	 Stack:-1	Consumes:[] Produces:[] sources  lbl9 targets  lbl11
 lbl11 (10) : ISUB	 Stack:-1	Consumes:[] Produces:[] sources  lbl10 targets  lbl12
 lbl12 (11) : DADD	 Stack:-1	Consumes:[] Produces:[] sources  lbl11 targets  lbl13
 lbl13 (12) : NOP	 Stack:-1	Consumes:[] Produces:[] sources  lbl12 targets  lbl14
 lbl14 (13) : ACONST_NULL	 Stack:-1	Consumes:[] Produces:[] sources  lbl13 targets  lbl15
 lbl15 (14) : IDIV	 Stack:-1	Consumes:[] Produces:[] sources  lbl14 targets  lbl16
 lbl16 (15) : LSTORE_0	 Stack:-1	Consumes:[] Produces:[] sources  lbl15 targets  lbl17
 lbl17 (16) : MONITORENTER	 Stack:-1	Consumes:[] Produces:[] sources  lbl16 targets  lbl18
 lbl18 (17) : NOP	 Stack:-1	Consumes:[] Produces:[] sources  lbl17 targets  lbl19
 lbl19 (18) : LCONST_0	 Stack:-1	Consumes:[] Produces:[] sources  lbl18 targets  lbl20
 lbl20 (19) : MONITORENTER	 Stack:-1	Consumes:[] Produces:[] sources  lbl19 targets  lbl21
 lbl21 (20) : NOP	 Stack:-1	Consumes:[] Produces:[] sources  lbl20 targets  lbl22
 lbl22 (21) : ICONST_3	 Stack:-1	Consumes:[] Produces:[] sources  lbl21 targets  lbl23
 lbl23 (22) : CASTORE	 Stack:-1	Consumes:[] Produces:[] sources  lbl22 targets  lbl24
 lbl24 (23) : NOP	 Stack:-1	Consumes:[] Produces:[] sources  lbl23 targets  lbl25
 lbl25 (24) : ICONST_2	 Stack:-1	Consumes:[] Produces:[] sources  lbl24 targets  lbl26
 lbl26 (25) : ISUB	 Stack:-1	Consumes:[] Produces:[] sources  lbl25 targets 
----[known stack info]------------

 lbl0 (-1) : NOP	 Stack:0	Consumes:[] Produces:[] sources  targets  lbl1
 lbl1 (0) : LSTORE_0	 Stack:0	Consumes:[null ] Produces:[] sources  lbl0 targets  lbl2
 lbl2 (1) : MONITORENTER	 Stack:-1	Consumes:[] Produces:[] sources  lbl1 targets  lbl3
 lbl3 (2) : NOP	 Stack:-1	Consumes:[] Produces:[] sources  lbl2 targets  lbl4
 lbl4 (3) : LCONST_1	 Stack:-1	Consumes:[] Produces:[] sources  lbl3 targets  lbl5
 lbl5 (4) : LADD	 Stack:-1	Consumes:[] Produces:[] sources  lbl4 targets  lbl6
 lbl6 (5) : NOP	 Stack:-1	Consumes:[] Produces:[] sources  lbl5 targets  lbl7
 lbl7 (6) : ICONST_2	 Stack:-1	Consumes:[] Produces:[] sources  lbl6 targets  lbl8
 lbl8 (7) : DSUB	 Stack:-1	Consumes:[] Produces:[] sources  lbl7 targets  lbl9
 lbl9 (8) : NOP	 Stack:-1	Consumes:[] Produces:[] sources  lbl8 targets  lbl10
 lbl10 (9) : ICONST_1	 Stack:-1	Consumes:[] Produces:[] sources  lbl9 targets  lbl11
 lbl11 (10) : ISUB	 Stack:-1	Consumes:[] Produces:[] sources  lbl10 targets  lbl12
 lbl12 (11) : DADD	 Stack:-1	Consumes:[] Produces:[] sources  lbl11 targets  lbl13
 lbl13 (12) : NOP	 Stack:-1	Consumes:[] Produces:[] sources  lbl12 targets  lbl14
 lbl14 (13) : ACONST_NULL	 Stack:-1	Consumes:[] Produces:[] sources  lbl13 targets  lbl15
 lbl15 (14) : IDIV	 Stack:-1	Consumes:[] Produces:[] sources  lbl14 targets  lbl16
 lbl16 (15) : LSTORE_0	 Stack:-1	Consumes:[] Produces:[] sources  lbl15 targets  lbl17
 lbl17 (16) : MONITORENTER	 Stack:-1	Consumes:[] Produces:[] sources  lbl16 targets  lbl18
 lbl18 (17) : NOP	 Stack:-1	Consumes:[] Produces:[] sources  lbl17 targets  lbl19
 lbl19 (18) : LCONST_0	 Stack:-1	Consumes:[] Produces:[] sources  lbl18 targets  lbl20
 lbl20 (19) : MONITORENTER	 Stack:-1	Consumes:[] Produces:[] sources  lbl19 targets  lbl21
 lbl21 (20) : NOP	 Stack:-1	Consumes:[] Produces:[] sources  lbl20 targets  lbl22
 lbl22 (21) : ICONST_3	 Stack:-1	Consumes:[] Produces:[] sources  lbl21 targets  lbl23
 lbl23 (22) : CASTORE	 Stack:-1	Consumes:[] Produces:[] sources  lbl22 targets  lbl24
 lbl24 (23) : NOP	 Stack:-1	Consumes:[] Produces:[] sources  lbl23 targets  lbl25
 lbl25 (24) : ICONST_2	 Stack:-1	Consumes:[] Produces:[] sources  lbl24 targets  lbl26
 lbl26 (25) : ISUB	 Stack:-1	Consumes:[] Produces:[] sources  lbl25 targets 
----[known stack info]------------

 lbl0 (-1) : NOP	 Stack:0	Consumes:[] Produces:[] sources  targets  lbl1
 lbl1 (0) : LSTORE_0	 Stack:0	Consumes:[null ] Produces:[] sources  lbl0 targets  lbl2
 lbl2 (1) : MONITORENTER	 Stack:-1	Consumes:[] Produces:[] sources  lbl1 targets  lbl3
 lbl3 (2) : NOP	 Stack:-1	Consumes:[] Produces:[] sources  lbl2 targets  lbl4
 lbl4 (3) : LCONST_1	 Stack:-1	Consumes:[] Produces:[] sources  lbl3 targets  lbl5
 lbl5 (4) : LADD	 Stack:-1	Consumes:[] Produces:[] sources  lbl4 targets  lbl6
 lbl6 (5) : NOP	 Stack:-1	Consumes:[] Produces:[] sources  lbl5 targets  lbl7
 lbl7 (6) : ICONST_2	 Stack:-1	Consumes:[] Produces:[] sources  lbl6 targets  lbl8
 lbl8 (7) : DSUB	 Stack:-1	Consumes:[] Produces:[] sources  lbl7 targets  lbl9
 lbl9 (8) : NOP	 Stack:-1	Consumes:[] Produces:[] sources  lbl8 targets  lbl10
 lbl10 (9) : ICONST_1	 Stack:-1	Consumes:[] Produces:[] sources  lbl9 targets  lbl11
 lbl11 (10) : ISUB	 Stack:-1	Consumes:[] Produces:[] sources  lbl10 targets  lbl12
 lbl12 (11) : DADD	 Stack:-1	Consumes:[] Produces:[] sources  lbl11 targets  lbl13
 lbl13 (12) : NOP	 Stack:-1	Consumes:[] Produces:[] sources  lbl12 targets  lbl14
 lbl14 (13) : ACONST_NULL	 Stack:-1	Consumes:[] Produces:[] sources  lbl13 targets  lbl15
 lbl15 (14) : IDIV	 Stack:-1	Consumes:[] Produces:[] sources  lbl14 targets  lbl16
 lbl16 (15) : LSTORE_0	 Stack:-1	Consumes:[] Produces:[] sources  lbl15 targets  lbl17
 lbl17 (16) : MONITORENTER	 Stack:-1	Consumes:[] Produces:[] sources  lbl16 targets  lbl18
 lbl18 (17) : NOP	 Stack:-1	Consumes:[] Produces:[] sources  lbl17 targets  lbl19
 lbl19 (18) : LCONST_0	 Stack:-1	Consumes:[] Produces:[] sources  lbl18 targets  lbl20
 lbl20 (19) : MONITORENTER	 Stack:-1	Consumes:[] Produces:[] sources  lbl19 targets  lbl21
 lbl21 (20) : NOP	 Stack:-1	Consumes:[] Produces:[] sources  lbl20 targets  lbl22
 lbl22 (21) : ICONST_3	 Stack:-1	Consumes:[] Produces:[] sources  lbl21 targets  lbl23
 lbl23 (22) : CASTORE	 Stack:-1	Consumes:[] Produces:[] sources  lbl22 targets  lbl24
 lbl24 (23) : NOP	 Stack:-1	Consumes:[] Produces:[] sources  lbl23 targets  lbl25
 lbl25 (24) : ICONST_2	 Stack:-1	Consumes:[] Produces:[] sources  lbl24 targets  lbl26
 lbl26 (25) : ISUB	 Stack:-1	Consumes:[] Produces:[] sources  lbl25 targets 
----[known stack info]------------

 lbl0 (-1) : NOP	 Stack:0	Consumes:[] Produces:[] sources  targets  lbl1
 lbl1 (0) : LSTORE_0	 Stack:0	Consumes:[null ] Produces:[] sources  lbl0 targets  lbl2
 lbl2 (1) : MONITORENTER	 Stack:-1	Consumes:[] Produces:[] sources  lbl1 targets  lbl3
 lbl3 (2) : NOP	 Stack:-1	Consumes:[] Produces:[] sources  lbl2 targets  lbl4
 lbl4 (3) : LCONST_1	 Stack:-1	Consumes:[] Produces:[] sources  lbl3 targets  lbl5
 lbl5 (4) : LADD	 Stack:-1	Consumes:[] Produces:[] sources  lbl4 targets  lbl6
 lbl6 (5) : NOP	 Stack:-1	Consumes:[] Produces:[] sources  lbl5 targets  lbl7
 lbl7 (6) : ICONST_2	 Stack:-1	Consumes:[] Produces:[] sources  lbl6 targets  lbl8
 lbl8 (7) : DSUB	 Stack:-1	Consumes:[] Produces:[] sources  lbl7 targets  lbl9
 lbl9 (8) : NOP	 Stack:-1	Consumes:[] Produces:[] sources  lbl8 targets  lbl10
 lbl10 (9) : ICONST_1	 Stack:-1	Consumes:[] Produces:[] sources  lbl9 targets  lbl11
 lbl11 (10) : ISUB	 Stack:-1	Consumes:[] Produces:[] sources  lbl10 targets  lbl12
 lbl12 (11) : DADD	 Stack:-1	Consumes:[] Produces:[] sources  lbl11 targets  lbl13
 lbl13 (12) : NOP	 Stack:-1	Consumes:[] Produces:[] sources  lbl12 targets  lbl14
 lbl14 (13) : ACONST_NULL	 Stack:-1	Consumes:[] Produces:[] sources  lbl13 targets  lbl15
 lbl15 (14) : IDIV	 Stack:-1	Consumes:[] Produces:[] sources  lbl14 targets  lbl16
 lbl16 (15) : LSTORE_0	 Stack:-1	Consumes:[] Produces:[] sources  lbl15 targets  lbl17
 lbl17 (16) : MONITORENTER	 Stack:-1	Consumes:[] Produces:[] sources  lbl16 targets  lbl18
 lbl18 (17) : NOP	 Stack:-1	Consumes:[] Produces:[] sources  lbl17 targets  lbl19
 lbl19 (18) : LCONST_0	 Stack:-1	Consumes:[] Produces:[] sources  lbl18 targets  lbl20
 lbl20 (19) : MONITORENTER	 Stack:-1	Consumes:[] Produces:[] sources  lbl19 targets  lbl21
 lbl21 (20) : NOP	 Stack:-1	Consumes:[] Produces:[] sources  lbl20 targets  lbl22
 lbl22 (21) : ICONST_3	 Stack:-1	Consumes:[] Produces:[] sources  lbl21 targets  lbl23
 lbl23 (22) : CASTORE	 Stack:-1	Consumes:[] Produces:[] sources  lbl22 targets  lbl24
 lbl24 (23) : NOP	 Stack:-1	Consumes:[] Produces:[] sources  lbl23 targets  lbl25
 lbl25 (24) : ICONST_2	 Stack:-1	Consumes:[] Produces:[] sources  lbl24 targets  lbl26
 lbl26 (25) : ISUB	 Stack:-1	Consumes:[] Produces:[] sources  lbl25 targets 
----[known stack info]------------

 lbl0 (-1) : NOP	 Stack:0	Consumes:[] Produces:[] sources  targets  lbl1
 lbl1 (0) : LSTORE_0	 Stack:0	Consumes:[null ] Produces:[] sources  lbl0 targets  lbl2
 lbl2 (1) : MONITORENTER	 Stack:-1	Consumes:[] Produces:[] sources  lbl1 targets  lbl3
 lbl3 (2) : NOP	 Stack:-1	Consumes:[] Produces:[] sources  lbl2 targets  lbl4
 lbl4 (3) : LCONST_1	 Stack:-1	Consumes:[] Produces:[] sources  lbl3 targets  lbl5
 lbl5 (4) : LADD	 Stack:-1	Consumes:[] Produces:[] sources  lbl4 targets  lbl6
 lbl6 (5) : NOP	 Stack:-1	Consumes:[] Produces:[] sources  lbl5 targets  lbl7
 lbl7 (6) : ICONST_2	 Stack:-1	Consumes:[] Produces:[] sources  lbl6 targets  lbl8
 lbl8 (7) : DSUB	 Stack:-1	Consumes:[] Produces:[] sources  lbl7 targets  lbl9
 lbl9 (8) : NOP	 Stack:-1	Consumes:[] Produces:[] sources  lbl8 targets  lbl10
 lbl10 (9) : ICONST_1	 Stack:-1	Consumes:[] Produces:[] sources  lbl9 targets  lbl11
 lbl11 (10) : ISUB	 Stack:-1	Consumes:[] Produces:[] sources  lbl10 targets  lbl12
 lbl12 (11) : DADD	 Stack:-1	Consumes:[] Produces:[] sources  lbl11 targets  lbl13
 lbl13 (12) : NOP	 Stack:-1	Consumes:[] Produces:[] sources  lbl12 targets  lbl14
 lbl14 (13) : ACONST_NULL	 Stack:-1	Consumes:[] Produces:[] sources  lbl13 targets  lbl15
 lbl15 (14) : IDIV	 Stack:-1	Consumes:[] Produces:[] sources  lbl14 targets  lbl16
 lbl16 (15) : LSTORE_0	 Stack:-1	Consumes:[] Produces:[] sources  lbl15 targets  lbl17
 lbl17 (16) : MONITORENTER	 Stack:-1	Consumes:[] Produces:[] sources  lbl16 targets  lbl18
 lbl18 (17) : NOP	 Stack:-1	Consumes:[] Produces:[] sources  lbl17 targets  lbl19
 lbl19 (18) : LCONST_0	 Stack:-1	Consumes:[] Produces:[] sources  lbl18 targets  lbl20
 lbl20 (19) : MONITORENTER	 Stack:-1	Consumes:[] Produces:[] sources  lbl19 targets  lbl21
 lbl21 (20) : NOP	 Stack:-1	Consumes:[] Produces:[] sources  lbl20 targets  lbl22
 lbl22 (21) : ICONST_3	 Stack:-1	Consumes:[] Produces:[] sources  lbl21 targets  lbl23
 lbl23 (22) : CASTORE	 Stack:-1	Consumes:[] Produces:[] sources  lbl22 targets  lbl24
 lbl24 (23) : NOP	 Stack:-1	Consumes:[] Produces:[] sources  lbl23 targets  lbl25
 lbl25 (24) : ICONST_2	 Stack:-1	Consumes:[] Produces:[] sources  lbl24 targets  lbl26
 lbl26 (25) : ISUB	 Stack:-1	Consumes:[] Produces:[] sources  lbl25 targets 
----[known stack info]------------

 lbl0 (-1) : NOP	 Stack:0	Consumes:[] Produces:[] sources  targets  lbl1
 lbl1 (0) : LSTORE_0	 Stack:0	Consumes:[null ] Produces:[] sources  lbl0 targets  lbl2
 lbl2 (1) : MONITORENTER	 Stack:-1	Consumes:[] Produces:[] sources  lbl1 targets  lbl3
 lbl3 (2) : NOP	 Stack:-1	Consumes:[] Produces:[] sources  lbl2 targets  lbl4
 lbl4 (3) : LCONST_1	 Stack:-1	Consumes:[] Produces:[] sources  lbl3 targets  lbl5
 lbl5 (4) : LADD	 Stack:-1	Consumes:[] Produces:[] sources  lbl4 targets  lbl6
 lbl6 (5) : NOP	 Stack:-1	Consumes:[] Produces:[] sources  lbl5 targets  lbl7
 lbl7 (6) : ICONST_2	 Stack:-1	Consumes:[] Produces:[] sources  lbl6 targets  lbl8
 lbl8 (7) : DSUB	 Stack:-1	Consumes:[] Produces:[] sources  lbl7 targets  lbl9
 lbl9 (8) : NOP	 Stack:-1	Consumes:[] Produces:[] sources  lbl8 targets  lbl10
 lbl10 (9) : ICONST_1	 Stack:-1	Consumes:[] Produces:[] sources  lbl9 targets  lbl11
 lbl11 (10) : ISUB	 Stack:-1	Consumes:[] Produces:[] sources  lbl10 targets  lbl12
 lbl12 (11) : DADD	 Stack:-1	Consumes:[] Produces:[] sources  lbl11 targets  lbl13
 lbl13 (12) : NOP	 Stack:-1	Consumes:[] Produces:[] sources  lbl12 targets  lbl14
 lbl14 (13) : ACONST_NULL	 Stack:-1	Consumes:[] Produces:[] sources  lbl13 targets  lbl15
 lbl15 (14) : IDIV	 Stack:-1	Consumes:[] Produces:[] sources  lbl14 targets  lbl16
 lbl16 (15) : LSTORE_0	 Stack:-1	Consumes:[] Produces:[] sources  lbl15 targets  lbl17
 lbl17 (16) : MONITORENTER	 Stack:-1	Consumes:[] Produces:[] sources  lbl16 targets  lbl18
 lbl18 (17) : NOP	 Stack:-1	Consumes:[] Produces:[] sources  lbl17 targets  lbl19
 lbl19 (18) : LCONST_0	 Stack:-1	Consumes:[] Produces:[] sources  lbl18 targets  lbl20
 lbl20 (19) : MONITORENTER	 Stack:-1	Consumes:[] Produces:[] sources  lbl19 targets  lbl21
 lbl21 (20) : NOP	 Stack:-1	Consumes:[] Produces:[] sources  lbl20 targets  lbl22
 lbl22 (21) : ICONST_3	 Stack:-1	Consumes:[] Produces:[] sources  lbl21 targets  lbl23
 lbl23 (22) : CASTORE	 Stack:-1	Consumes:[] Produces:[] sources  lbl22 targets  lbl24
 lbl24 (23) : NOP	 Stack:-1	Consumes:[] Produces:[] sources  lbl23 targets  lbl25
 lbl25 (24) : ICONST_2	 Stack:-1	Consumes:[] Produces:[] sources  lbl24 targets  lbl26
 lbl26 (25) : ISUB	 Stack:-1	Consumes:[] Produces:[] sources  lbl25 targets 
----[known stack info]------------

 lbl0 (-1) : NOP	 Stack:0	Consumes:[] Produces:[] sources  targets  lbl1
 lbl1 (0) : LADD	 Stack:0	Consumes:[null ] Produces:[] sources  lbl0 targets  lbl2
 lbl2 (1) : NOP	 Stack:-1	Consumes:[] Produces:[] sources  lbl1 targets  lbl3
 lbl3 (2) : ICONST_2	 Stack:-1	Consumes:[] Produces:[] sources  lbl2 targets  lbl4
 lbl4 (3) : AASTORE	 Stack:-1	Consumes:[] Produces:[] sources  lbl3 targets 
----[known stack info]------------

 lbl0 (-1) : NOP	 Stack:0	Consumes:[] Produces:[] sources  targets  lbl1
 lbl1 (0) : LADD	 Stack:0	Consumes:[null ] Produces:[] sources  lbl0 targets  lbl2
 lbl2 (1) : NOP	 Stack:-1	Consumes:[] Produces:[] sources  lbl1 targets  lbl3
 lbl3 (2) : ICONST_2	 Stack:-1	Consumes:[] Produces:[] sources  lbl2 targets  lbl4
 lbl4 (3) : AASTORE	 Stack:-1	Consumes:[] Produces:[] sources  lbl3 targets 
----[known stack info]------------

 lbl0 (-1) : NOP	 Stack:0	Consumes:[] Produces:[] sources  targets  lbl1
 lbl1 (0) : LADD	 Stack:0	Consumes:[null ] Produces:[] sources  lbl0 targets  lbl2
 lbl2 (1) : NOP	 Stack:-1	Consumes:[] Produces:[] sources  lbl1 targets  lbl3
 lbl3 (2) : ICONST_2	 Stack:-1	Consumes:[] Produces:[] sources  lbl2 targets  lbl4
 lbl4 (3) : AASTORE	 Stack:-1	Consumes:[] Produces:[] sources  lbl3 targets 
----[known stack info]------------

 lbl0 (-1) : NOP	 Stack:0	Consumes:[] Produces:[] sources  targets  lbl1
 lbl1 (0) : LADD	 Stack:0	Consumes:[null ] Produces:[] sources  lbl0 targets  lbl2
 lbl2 (1) : NOP	 Stack:-1	Consumes:[] Produces:[] sources  lbl1 targets  lbl3
 lbl3 (2) : ICONST_2	 Stack:-1	Consumes:[] Produces:[] sources  lbl2 targets  lbl4
 lbl4 (3) : AASTORE	 Stack:-1	Consumes:[] Produces:[] sources  lbl3 targets 
----[known stack info]------------

 lbl0 (-1) : NOP	 Stack:0	Consumes:[] Produces:[] sources  targets  lbl1
 lbl1 (0) : LADD	 Stack:0	Consumes:[null ] Produces:[] sources  lbl0 targets  lbl2
 lbl2 (1) : NOP	 Stack:-1	Consumes:[] Produces:[] sources  lbl1 targets  lbl3
 lbl3 (2) : ICONST_2	 Stack:-1	Consumes:[] Produces:[] sources  lbl2 targets  lbl4
 lbl4 (3) : AASTORE	 Stack:-1	Consumes:[] Produces:[] sources  lbl3 targets 
----[known stack info]------------

 lbl0 (-1) : NOP	 Stack:0	Consumes:[] Produces:[] sources  targets  lbl1
 lbl1 (0) : LADD	 Stack:0	Consumes:[null ] Produces:[] sources  lbl0 targets  lbl2
 lbl2 (1) : NOP	 Stack:-1	Consumes:[] Produces:[] sources  lbl1 targets  lbl3
 lbl3 (2) : ICONST_2	 Stack:-1	Consumes:[] Produces:[] sources  lbl2 targets  lbl4
 lbl4 (3) : AASTORE	 Stack:-1	Consumes:[] Produces:[] sources  lbl3 targets 
----[known stack info]------------

 lbl0 (-1) : NOP	 Stack:0	Consumes:[] Produces:[] sources  targets  lbl1
 lbl1 (0) : LADD	 Stack:0	Consumes:[null ] Produces:[] sources  lbl0 targets  lbl2
 lbl2 (1) : NOP	 Stack:-1	Consumes:[] Produces:[] sources  lbl1 targets  lbl3
 lbl3 (2) : ICONST_2	 Stack:-1	Consumes:[] Produces:[] sources  lbl2 targets  lbl4
 lbl4 (3) : AASTORE	 Stack:-1	Consumes:[] Produces:[] sources  lbl3 targets 
----[known stack info]------------

 lbl0 (-1) : NOP	 Stack:0	Consumes:[] Produces:[] sources  targets  lbl1
 lbl1 (0) : LADD	 Stack:0	Consumes:[null ] Produces:[] sources  lbl0 targets  lbl2
 lbl2 (1) : NOP	 Stack:-1	Consumes:[] Produces:[] sources  lbl1 targets  lbl3
 lbl3 (2) : ICONST_2	 Stack:-1	Consumes:[] Produces:[] sources  lbl2 targets  lbl4
 lbl4 (3) : AASTORE	 Stack:-1	Consumes:[] Produces:[] sources  lbl3 targets 
----[known stack info]------------

 lbl0 (-1) : NOP	 Stack:0	Consumes:[] Produces:[] sources  targets  lbl1
 lbl1 (0) : LADD	 Stack:0	Consumes:[null ] Produces:[] sources  lbl0 targets  lbl2
 lbl2 (1) : NOP	 Stack:-1	Consumes:[] Produces:[] sources  lbl1 targets  lbl3
 lbl3 (2) : ICONST_2	 Stack:-1	Consumes:[] Produces:[] sources  lbl2 targets  lbl4
 lbl4 (3) : AASTORE	 Stack:-1	Consumes:[] Produces:[] sources  lbl3 targets 
----[known stack info]------------

 lbl0 (-1) : NOP	 Stack:0	Consumes:[] Produces:[] sources  targets  lbl1
 lbl1 (0) : LADD	 Stack:0	Consumes:[null ] Produces:[] sources  lbl0 targets  lbl2
 lbl2 (1) : NOP	 Stack:-1	Consumes:[] Produces:[] sources  lbl1 targets  lbl3
 lbl3 (2) : ICONST_2	 Stack:-1	Consumes:[] Produces:[] sources  lbl2 targets  lbl4
 lbl4 (3) : AASTORE	 Stack:-1	Consumes:[] Produces:[] sources  lbl3 targets 
----[known stack info]------------

 lbl0 (-1) : NOP	 Stack:0	Consumes:[] Produces:[] sources  targets  lbl1
 lbl1 (0) : LSTORE_0	 Stack:0	Consumes:[null ] Produces:[] sources  lbl0 targets  lbl2
 lbl2 (1) : LSTORE_1	 Stack:-1	Consumes:[] Produces:[] sources  lbl1 targets  lbl3
 lbl3 (2) : MONITORENTER	 Stack:-1	Consumes:[] Produces:[] sources  lbl2 targets  lbl4
 lbl4 (3) : NOP	 Stack:-1	Consumes:[] Produces:[] sources  lbl3 targets  lbl5
 lbl5 (4) : FCONST_2	 Stack:-1	Consumes:[] Produces:[] sources  lbl4 targets  lbl6
 lbl6 (5) : ISUB	 Stack:-1	Consumes:[] Produces:[] sources  lbl5 targets 
----[known stack info]------------

 lbl0 (-1) : NOP	 Stack:0	Consumes:[] Produces:[] sources  targets  lbl1
 lbl1 (0) : LSTORE_0	 Stack:0	Consumes:[null ] Produces:[] sources  lbl0 targets  lbl2
 lbl2 (1) : LSTORE_1	 Stack:-1	Consumes:[] Produces:[] sources  lbl1 targets  lbl3
 lbl3 (2) : MONITORENTER	 Stack:-1	Consumes:[] Produces:[] sources  lbl2 targets  lbl4
 lbl4 (3) : NOP	 Stack:-1	Consumes:[] Produces:[] sources  lbl3 targets  lbl5
 lbl5 (4) : FCONST_2	 Stack:-1	Consumes:[] Produces:[] sources  lbl4 targets  lbl6
 lbl6 (5) : ISUB	 Stack:-1	Consumes:[] Produces:[] sources  lbl5 targets 
----[known stack info]------------

 lbl0 (-1) : NOP	 Stack:0	Consumes:[] Produces:[] sources  targets  lbl1
 lbl1 (0) : LSTORE_0	 Stack:0	Consumes:[null ] Produces:[] sources  lbl0 targets  lbl2
 lbl2 (1) : LSTORE_1	 Stack:-1	Consumes:[] Produces:[] sources  lbl1 targets  lbl3
 lbl3 (2) : MONITORENTER	 Stack:-1	Consumes:[] Produces:[] sources  lbl2 targets  lbl4
 lbl4 (3) : NOP	 Stack:-1	Consumes:[] Produces:[] sources  lbl3 targets  lbl5
 lbl5 (4) : FCONST_2	 Stack:-1	Consumes:[] Produces:[] sources  lbl4 targets  lbl6
 lbl6 (5) : ISUB	 Stack:-1	Consumes:[] Produces:[] sources  lbl5 targets 
----[known stack info]------------

 lbl0 (-1) : NOP	 Stack:0	Consumes:[] Produces:[] sources  targets  lbl1
 lbl1 (0) : LSTORE_0	 Stack:0	Consumes:[null ] Produces:[] sources  lbl0 targets  lbl2
 lbl2 (1) : LSTORE_1	 Stack:-1	Consumes:[] Produces:[] sources  lbl1 targets  lbl3
 lbl3 (2) : MONITORENTER	 Stack:-1	Consumes:[] Produces:[] sources  lbl2 targets  lbl4
 lbl4 (3) : NOP	 Stack:-1	Consumes:[] Produces:[] sources  lbl3 targets  lbl5
 lbl5 (4) : FCONST_2	 Stack:-1	Consumes:[] Produces:[] sources  lbl4 targets  lbl6
 lbl6 (5) : ISUB	 Stack:-1	Consumes:[] Produces:[] sources  lbl5 targets 
----[known stack info]------------

 lbl0 (-1) : NOP	 Stack:0	Consumes:[] Produces:[] sources  targets  lbl1
 lbl1 (0) : LSTORE_0	 Stack:0	Consumes:[null ] Produces:[] sources  lbl0 targets  lbl2
 lbl2 (1) : LSTORE_1	 Stack:-1	Consumes:[] Produces:[] sources  lbl1 targets  lbl3
 lbl3 (2) : MONITORENTER	 Stack:-1	Consumes:[] Produces:[] sources  lbl2 targets  lbl4
 lbl4 (3) : NOP	 Stack:-1	Consumes:[] Produces:[] sources  lbl3 targets  lbl5
 lbl5 (4) : FCONST_2	 Stack:-1	Consumes:[] Produces:[] sources  lbl4 targets  lbl6
 lbl6 (5) : ISUB	 Stack:-1	Consumes:[] Produces:[] sources  lbl5 targets 
----[known stack info]------------

 lbl0 (-1) : NOP	 Stack:0	Consumes:[] Produces:[] sources  targets  lbl1
 lbl1 (0) : LSTORE_0	 Stack:0	Consumes:[null ] Produces:[] sources  lbl0 targets  lbl2
 lbl2 (1) : LSTORE_1	 Stack:-1	Consumes:[] Produces:[] sources  lbl1 targets  lbl3
 lbl3 (2) : MONITORENTER	 Stack:-1	Consumes:[] Produces:[] sources  lbl2 targets  lbl4
 lbl4 (3) : NOP	 Stack:-1	Consumes:[] Produces:[] sources  lbl3 targets  lbl5
 lbl5 (4) : FCONST_2	 Stack:-1	Consumes:[] Produces:[] sources  lbl4 targets  lbl6
 lbl6 (5) : ISUB	 Stack:-1	Consumes:[] Produces:[] sources  lbl5 targets 
----[known stack info]------------

 lbl0 (-1) : NOP	 Stack:0	Consumes:[] Produces:[] sources  targets  lbl1
 lbl1 (0) : LSTORE_0	 Stack:0	Consumes:[null ] Produces:[] sources  lbl0 targets  lbl2
 lbl2 (1) : LSTORE_1	 Stack:-1	Consumes:[] Produces:[] sources  lbl1 targets  lbl3
 lbl3 (2) : MONITORENTER	 Stack:-1	Consumes:[] Produces:[] sources  lbl2 targets  lbl4
 lbl4 (3) : NOP	 Stack:-1	Consumes:[] Produces:[] sources  lbl3 targets  lbl5
 lbl5 (4) : FCONST_2	 Stack:-1	Consumes:[] Produces:[] sources  lbl4 targets  lbl6
 lbl6 (5) : ISUB	 Stack:-1	Consumes:[] Produces:[] sources  lbl5 targets 
----[known stack info]------------

 lbl0 (-1) : NOP	 Stack:0	Consumes:[] Produces:[] sources  targets  lbl1
 lbl1 (0) : LSTORE_0	 Stack:0	Consumes:[null ] Produces:[] sources  lbl0 targets  lbl2
 lbl2 (1) : LSTORE_1	 Stack:-1	Consumes:[] Produces:[] sources  lbl1 targets  lbl3
 lbl3 (2) : MONITORENTER	 Stack:-1	Consumes:[] Produces:[] sources  lbl2 targets  lbl4
 lbl4 (3) : NOP	 Stack:-1	Consumes:[] Produces:[] sources  lbl3 targets  lbl5
 lbl5 (4) : FCONST_2	 Stack:-1	Consumes:[] Produces:[] sources  lbl4 targets  lbl6
 lbl6 (5) : ISUB	 Stack:-1	Consumes:[] Produces:[] sources  lbl5 targets 
----[known stack info]------------

 lbl0 (-1) : NOP	 Stack:0	Consumes:[] Produces:[] sources  targets  lbl1
 lbl1 (0) : LSTORE_0	 Stack:0	Consumes:[null ] Produces:[] sources  lbl0 targets  lbl2
 lbl2 (1) : LSTORE_1	 Stack:-1	Consumes:[] Produces:[] sources  lbl1 targets  lbl3
 lbl3 (2) : MONITORENTER	 Stack:-1	Consumes:[] Produces:[] sources  lbl2 targets  lbl4
 lbl4 (3) : NOP	 Stack:-1	Consumes:[] Produces:[] sources  lbl3 targets  lbl5
 lbl5 (4) : FCONST_2	 Stack:-1	Consumes:[] Produces:[] sources  lbl4 targets  lbl6
 lbl6 (5) : ISUB	 Stack:-1	Consumes:[] Produces:[] sources  lbl5 targets 
----[known stack info]------------

 lbl0 (-1) : NOP	 Stack:0	Consumes:[] Produces:[] sources  targets  lbl1
 lbl1 (0) : LSTORE_0	 Stack:0	Consumes:[null ] Produces:[] sources  lbl0 targets  lbl2
 lbl2 (1) : LSTORE_1	 Stack:-1	Consumes:[] Produces:[] sources  lbl1 targets  lbl3
 lbl3 (2) : MONITORENTER	 Stack:-1	Consumes:[] Produces:[] sources  lbl2 targets  lbl4
 lbl4 (3) : NOP	 Stack:-1	Consumes:[] Produces:[] sources  lbl3 targets  lbl5
 lbl5 (4) : FCONST_2	 Stack:-1	Consumes:[] Produces:[] sources  lbl4 targets  lbl6
 lbl6 (5) : ISUB	 Stack:-1	Consumes:[] Produces:[] sources  lbl5 targets 
----[known stack info]------------

 lbl0 (-1) : NOP	 Stack:0	Consumes:[] Produces:[] sources  targets  lbl1
 lbl1 (0) : LSTORE_0	 Stack:0	Consumes:[null ] Produces:[] sources  lbl0 targets  lbl2
 lbl2 (1) : MONITORENTER	 Stack:-1	Consumes:[] Produces:[] sources  lbl1 targets  lbl3
 lbl3 (2) : NOP	 Stack:-1	Consumes:[] Produces:[] sources  lbl2 targets  lbl4
 lbl4 (3) : LCONST_0	 Stack:-1	Consumes:[] Produces:[] sources  lbl3 targets  lbl5
 lbl5 (4) : LSTORE_0	 Stack:-1	Consumes:[] Produces:[] sources  lbl4 targets  lbl6
 lbl6 (5) : LSTORE_1	 Stack:-1	Consumes:[] Produces:[] sources  lbl5 targets  lbl7
 lbl7 (6) : IFEQ	 Stack:-1	Consumes:[] Produces:[] sources  lbl6 targets  lbl8 lbl9
 lbl8 (9) : ISUB	 Stack:-1	Consumes:[] Produces:[] sources  lbl7 targets  lbl9
 lbl9 (13) : ACONST_NULL	 Stack:-1	Consumes:[] Produces:[] sources  lbl7 lbl8 targets 
----[known stack info]------------

 lbl0 (-1) : NOP	 Stack:0	Consumes:[] Produces:[] sources  targets  lbl1
 lbl1 (0) : LSTORE_0	 Stack:0	Consumes:[null ] Produces:[] sources  lbl0 targets  lbl2
 lbl2 (1) : MONITORENTER	 Stack:-1	Consumes:[] Produces:[] sources  lbl1 targets  lbl3
 lbl3 (2) : NOP	 Stack:-1	Consumes:[] Produces:[] sources  lbl2 targets  lbl4
 lbl4 (3) : LCONST_0	 Stack:-1	Consumes:[] Produces:[] sources  lbl3 targets  lbl5
 lbl5 (4) : LSTORE_0	 Stack:-1	Consumes:[] Produces:[] sources  lbl4 targets  lbl6
 lbl6 (5) : LSTORE_1	 Stack:-1	Consumes:[] Produces:[] sources  lbl5 targets  lbl7
 lbl7 (6) : IFEQ	 Stack:-1	Consumes:[] Produces:[] sources  lbl6 targets  lbl8 lbl9
 lbl8 (9) : ISUB	 Stack:-1	Consumes:[] Produces:[] sources  lbl7 targets  lbl9
 lbl9 (13) : ACONST_NULL	 Stack:-1	Consumes:[] Produces:[] sources  lbl7 lbl8 targets 
----[known stack info]------------

 lbl0 (-1) : NOP	 Stack:0	Consumes:[] Produces:[] sources  targets  lbl1
 lbl1 (0) : LSTORE_0	 Stack:0	Consumes:[null ] Produces:[] sources  lbl0 targets  lbl2
 lbl2 (1) : MONITORENTER	 Stack:-1	Consumes:[] Produces:[] sources  lbl1 targets  lbl3
 lbl3 (2) : NOP	 Stack:-1	Consumes:[] Produces:[] sources  lbl2 targets  lbl4
 lbl4 (3) : LCONST_0	 Stack:-1	Consumes:[] Produces:[] sources  lbl3 targets  lbl5
 lbl5 (4) : LSTORE_0	 Stack:-1	Consumes:[] Produces:[] sources  lbl4 targets  lbl6
 lbl6 (5) : LSTORE_1	 Stack:-1	Consumes:[] Produces:[] sources  lbl5 targets  lbl7
 lbl7 (6) : IFEQ	 Stack:-1	Consumes:[] Produces:[] sources  lbl6 targets  lbl8 lbl9
 lbl8 (9) : ISUB	 Stack:-1	Consumes:[] Produces:[] sources  lbl7 targets  lbl9
 lbl9 (13) : ACONST_NULL	 Stack:-1	Consumes:[] Produces:[] sources  lbl7 lbl8 targets 
----[known stack info]------------

 lbl0 (-1) : NOP	 Stack:0	Consumes:[] Produces:[] sources  targets  lbl1
 lbl1 (0) : LSTORE_0	 Stack:0	Consumes:[null ] Produces:[] sources  lbl0 targets  lbl2
 lbl2 (1) : MONITORENTER	 Stack:-1	Consumes:[] Produces:[] sources  lbl1 targets  lbl3
 lbl3 (2) : NOP	 Stack:-1	Consumes:[] Produces:[] sources  lbl2 targets  lbl4
 lbl4 (3) : LCONST_0	 Stack:-1	Consumes:[] Produces:[] sources  lbl3 targets  lbl5
 lbl5 (4) : LSTORE_0	 Stack:-1	Consumes:[] Produces:[] sources  lbl4 targets  lbl6
 lbl6 (5) : LSTORE_1	 Stack:-1	Consumes:[] Produces:[] sources  lbl5 targets  lbl7
 lbl7 (6) : IFEQ	 Stack:-1	Consumes:[] Produces:[] sources  lbl6 targets  lbl8 lbl9
 lbl8 (9) : ISUB	 Stack:-1	Consumes:[] Produces:[] sources  lbl7 targets  lbl9
 lbl9 (13) : ACONST_NULL	 Stack:-1	Consumes:[] Produces:[] sources  lbl7 lbl8 targets 
----[known stack info]------------

 lbl0 (-1) : NOP	 Stack:0	Consumes:[] Produces:[] sources  targets  lbl1
 lbl1 (0) : LSTORE_0	 Stack:0	Consumes:[null ] Produces:[] sources  lbl0 targets  lbl2
 lbl2 (1) : MONITORENTER	 Stack:-1	Consumes:[] Produces:[] sources  lbl1 targets  lbl3
 lbl3 (2) : NOP	 Stack:-1	Consumes:[] Produces:[] sources  lbl2 targets  lbl4
 lbl4 (3) : LCONST_0	 Stack:-1	Consumes:[] Produces:[] sources  lbl3 targets  lbl5
 lbl5 (4) : LSTORE_0	 Stack:-1	Consumes:[] Produces:[] sources  lbl4 targets  lbl6
 lbl6 (5) : LSTORE_1	 Stack:-1	Consumes:[] Produces:[] sources  lbl5 targets  lbl7
 lbl7 (6) : IFEQ	 Stack:-1	Consumes:[] Produces:[] sources  lbl6 targets  lbl8 lbl9
 lbl8 (9) : ISUB	 Stack:-1	Consumes:[] Produces:[] sources  lbl7 targets  lbl9
 lbl9 (13) : ACONST_NULL	 Stack:-1	Consumes:[] Produces:[] sources  lbl7 lbl8 targets 
----[known stack info]------------

 lbl0 (-1) : NOP	 Stack:0	Consumes:[] Produces:[] sources  targets  lbl1
 lbl1 (0) : LSTORE_0	 Stack:0	Consumes:[null ] Produces:[] sources  lbl0 targets  lbl2
 lbl2 (1) : MONITORENTER	 Stack:-1	Consumes:[] Produces:[] sources  lbl1 targets  lbl3
 lbl3 (2) : NOP	 Stack:-1	Consumes:[] Produces:[] sources  lbl2 targets  lbl4
 lbl4 (3) : LCONST_0	 Stack:-1	Consumes:[] Produces:[] sources  lbl3 targets  lbl5
 lbl5 (4) : LSTORE_0	 Stack:-1	Consumes:[] Produces:[] sources  lbl4 targets  lbl6
 lbl6 (5) : LSTORE_1	 Stack:-1	Consumes:[] Produces:[] sources  lbl5 targets  lbl7
 lbl7 (6) : IFEQ	 Stack:-1	Consumes:[] Produces:[] sources  lbl6 targets  lbl8 lbl9
 lbl8 (9) : ISUB	 Stack:-1	Consumes:[] Produces:[] sources  lbl7 targets  lbl9
 lbl9 (13) : ACONST_NULL	 Stack:-1	Consumes:[] Produces:[] sources  lbl7 lbl8 targets 
----[known stack info]------------

 lbl0 (-1) : NOP	 Stack:0	Consumes:[] Produces:[] sources  targets  lbl1
 lbl1 (0) : LSTORE_0	 Stack:0	Consumes:[null ] Produces:[] sources  lbl0 targets  lbl2
 lbl2 (1) : MONITORENTER	 Stack:-1	Consumes:[] Produces:[] sources  lbl1 targets  lbl3
 lbl3 (2) : NOP	 Stack:-1	Consumes:[] Produces:[] sources  lbl2 targets  lbl4
 lbl4 (3) : LCONST_0	 Stack:-1	Consumes:[] Produces:[] sources  lbl3 targets  lbl5
 lbl5 (4) : LSTORE_0	 Stack:-1	Consumes:[] Produces:[] sources  lbl4 targets  lbl6
 lbl6 (5) : LSTORE_1	 Stack:-1	Consumes:[] Produces:[] sources  lbl5 targets  lbl7
 lbl7 (6) : IFEQ	 Stack:-1	Consumes:[] Produces:[] sources  lbl6 targets  lbl8 lbl9
 lbl8 (9) : ISUB	 Stack:-1	Consumes:[] Produces:[] sources  lbl7 targets  lbl9
 lbl9 (13) : ACONST_NULL	 Stack:-1	Consumes:[] Produces:[] sources  lbl7 lbl8 targets 
----[known stack info]------------

 lbl0 (-1) : NOP	 Stack:0	Consumes:[] Produces:[] sources  targets  lbl1
 lbl1 (0) : LSTORE_0	 Stack:0	Consumes:[null ] Produces:[] sources  lbl0 targets  lbl2
 lbl2 (1) : MONITORENTER	 Stack:-1	Consumes:[] Produces:[] sources  lbl1 targets  lbl3
 lbl3 (2) : NOP	 Stack:-1	Consumes:[] Produces:[] sources  lbl2 targets  lbl4
 lbl4 (3) : LCONST_0	 Stack:-1	Consumes:[] Produces:[] sources  lbl3 targets  lbl5
 lbl5 (4) : LSTORE_0	 Stack:-1	Consumes:[] Produces:[] sources  lbl4 targets  lbl6
 lbl6 (5) : LSTORE_1	 Stack:-1	Consumes:[] Produces:[] sources  lbl5 targets  lbl7
 lbl7 (6) : IFEQ	 Stack:-1	Consumes:[] Produces:[] sources  lbl6 targets  lbl8 lbl9
 lbl8 (9) : ISUB	 Stack:-1	Consumes:[] Produces:[] sources  lbl7 targets  lbl9
 lbl9 (13) : ACONST_NULL	 Stack:-1	Consumes:[] Produces:[] sources  lbl7 lbl8 targets 
----[known stack info]------------

 lbl0 (-1) : NOP	 Stack:0	Consumes:[] Produces:[] sources  targets  lbl1
 lbl1 (0) : LSTORE_0	 Stack:0	Consumes:[null ] Produces:[] sources  lbl0 targets  lbl2
 lbl2 (1) : MONITORENTER	 Stack:-1	Consumes:[] Produces:[] sources  lbl1 targets  lbl3
 lbl3 (2) : NOP	 Stack:-1	Consumes:[] Produces:[] sources  lbl2 targets  lbl4
 lbl4 (3) : LCONST_0	 Stack:-1	Consumes:[] Produces:[] sources  lbl3 targets  lbl5
 lbl5 (4) : LSTORE_0	 Stack:-1	Consumes:[] Produces:[] sources  lbl4 targets  lbl6
 lbl6 (5) : LSTORE_1	 Stack:-1	Consumes:[] Produces:[] sources  lbl5 targets  lbl7
 lbl7 (6) : IFEQ	 Stack:-1	Consumes:[] Produces:[] sources  lbl6 targets  lbl8 lbl9
 lbl8 (9) : ISUB	 Stack:-1	Consumes:[] Produces:[] sources  lbl7 targets  lbl9
 lbl9 (13) : ACONST_NULL	 Stack:-1	Consumes:[] Produces:[] sources  lbl7 lbl8 targets 
----[known stack info]------------

 lbl0 (-1) : NOP	 Stack:0	Consumes:[] Produces:[] sources  targets  lbl1
 lbl1 (0) : LSTORE_0	 Stack:0	Consumes:[null ] Produces:[] sources  lbl0 targets  lbl2
 lbl2 (1) : MONITORENTER	 Stack:-1	Consumes:[] Produces:[] sources  lbl1 targets  lbl3
 lbl3 (2) : NOP	 Stack:-1	Consumes:[] Produces:[] sources  lbl2 targets  lbl4
 lbl4 (3) : LCONST_0	 Stack:-1	Consumes:[] Produces:[] sources  lbl3 targets  lbl5
 lbl5 (4) : LSTORE_0	 Stack:-1	Consumes:[] Produces:[] sources  lbl4 targets  lbl6
 lbl6 (5) : LSTORE_1	 Stack:-1	Consumes:[] Produces:[] sources  lbl5 targets  lbl7
 lbl7 (6) : IFEQ	 Stack:-1	Consumes:[] Produces:[] sources  lbl6 targets  lbl8 lbl9
 lbl8 (9) : ISUB	 Stack:-1	Consumes:[] Produces:[] sources  lbl7 targets  lbl9
 lbl9 (13) : ACONST_NULL	 Stack:-1	Consumes:[] Produces:[] sources  lbl7 lbl8 targets 
----[known stack info]------------

 lbl0 (-1) : NOP	 Stack:0	Consumes:[] Produces:[] sources  targets  lbl1
 lbl1 (0) : LSTORE_0	 Stack:0	Consumes:[null ] Produces:[] sources  lbl0 targets  lbl2
 lbl2 (1) : MONITORENTER	 Stack:-1	Consumes:[] Produces:[] sources  lbl1 targets  lbl3
 lbl3 (2) : NOP	 Stack:-1	Consumes:[] Produces:[] sources  lbl2 targets  lbl4
 lbl4 (3) : LCONST_0	 Stack:-1	Consumes:[] Produces:[] sources  lbl3 targets  lbl5
 lbl5 (4) : ISUB	 Stack:-1	Consumes:[] Produces:[] sources  lbl4 targets 
----[known stack info]------------

 lbl0 (-1) : NOP	 Stack:0	Consumes:[] Produces:[] sources  targets  lbl1
 lbl1 (0) : LSTORE_0	 Stack:0	Consumes:[null ] Produces:[] sources  lbl0 targets  lbl2
 lbl2 (1) : MONITORENTER	 Stack:-1	Consumes:[] Produces:[] sources  lbl1 targets  lbl3
 lbl3 (2) : NOP	 Stack:-1	Consumes:[] Produces:[] sources  lbl2 targets  lbl4
 lbl4 (3) : LCONST_0	 Stack:-1	Consumes:[] Produces:[] sources  lbl3 targets  lbl5
 lbl5 (4) : ISUB	 Stack:-1	Consumes:[] Produces:[] sources  lbl4 targets 
----[known stack info]------------

 lbl0 (-1) : NOP	 Stack:0	Consumes:[] Produces:[] sources  targets  lbl1
 lbl1 (0) : LSTORE_0	 Stack:0	Consumes:[null ] Produces:[] sources  lbl0 targets  lbl2
 lbl2 (1) : MONITORENTER	 Stack:-1	Consumes:[] Produces:[] sources  lbl1 targets  lbl3
 lbl3 (2) : NOP	 Stack:-1	Consumes:[] Produces:[] sources  lbl2 targets  lbl4
 lbl4 (3) : LCONST_0	 Stack:-1	Consumes:[] Produces:[] sources  lbl3 targets  lbl5
 lbl5 (4) : ISUB	 Stack:-1	Consumes:[] Produces:[] sources  lbl4 targets 
----[known stack info]------------

 lbl0 (-1) : NOP	 Stack:0	Consumes:[] Produces:[] sources  targets  lbl1
 lbl1 (0) : LSTORE_0	 Stack:0	Consumes:[null ] Produces:[] sources  lbl0 targets  lbl2
 lbl2 (1) : MONITORENTER	 Stack:-1	Consumes:[] Produces:[] sources  lbl1 targets  lbl3
 lbl3 (2) : NOP	 Stack:-1	Consumes:[] Produces:[] sources  lbl2 targets  lbl4
 lbl4 (3) : LCONST_0	 Stack:-1	Consumes:[] Produces:[] sources  lbl3 targets  lbl5
 lbl5 (4) : ISUB	 Stack:-1	Consumes:[] Produces:[] sources  lbl4 targets 
----[known stack info]------------

 lbl0 (-1) : NOP	 Stack:0	Consumes:[] Produces:[] sources  targets  lbl1
 lbl1 (0) : LSTORE_0	 Stack:0	Consumes:[null ] Produces:[] sources  lbl0 targets  lbl2
 lbl2 (1) : MONITORENTER	 Stack:-1	Consumes:[] Produces:[] sources  lbl1 targets  lbl3
 lbl3 (2) : NOP	 Stack:-1	Consumes:[] Produces:[] sources  lbl2 targets  lbl4
 lbl4 (3) : LCONST_0	 Stack:-1	Consumes:[] Produces:[] sources  lbl3 targets  lbl5
 lbl5 (4) : ISUB	 Stack:-1	Consumes:[] Produces:[] sources  lbl4 targets 
----[known stack info]------------

 lbl0 (-1) : NOP	 Stack:0	Consumes:[] Produces:[] sources  targets  lbl1
 lbl1 (0) : LSTORE_0	 Stack:0	Consumes:[null ] Produces:[] sources  lbl0 targets  lbl2
 lbl2 (1) : MONITORENTER	 Stack:-1	Consumes:[] Produces:[] sources  lbl1 targets  lbl3
 lbl3 (2) : NOP	 Stack:-1	Consumes:[] Produces:[] sources  lbl2 targets  lbl4
 lbl4 (3) : LCONST_0	 Stack:-1	Consumes:[] Produces:[] sources  lbl3 targets  lbl5
 lbl5 (4) : ISUB	 Stack:-1	Consumes:[] Produces:[] sources  lbl4 targets 
----[known stack info]------------

 lbl0 (-1) : NOP	 Stack:0	Consumes:[] Produces:[] sources  targets  lbl1
 lbl1 (0) : LSTORE_0	 Stack:0	Consumes:[null ] Produces:[] sources  lbl0 targets  lbl2
 lbl2 (1) : MONITORENTER	 Stack:-1	Consumes:[] Produces:[] sources  lbl1 targets  lbl3
 lbl3 (2) : NOP	 Stack:-1	Consumes:[] Produces:[] sources  lbl2 targets  lbl4
 lbl4 (3) : LCONST_0	 Stack:-1	Consumes:[] Produces:[] sources  lbl3 targets  lbl5
 lbl5 (4) : ISUB	 Stack:-1	Consumes:[] Produces:[] sources  lbl4 targets 
----[known stack info]------------

 lbl0 (-1) : NOP	 Stack:0	Consumes:[] Produces:[] sources  targets  lbl1
 lbl1 (0) : LSTORE_0	 Stack:0	Consumes:[null ] Produces:[] sources  lbl0 targets  lbl2
 lbl2 (1) : MONITORENTER	 Stack:-1	Consumes:[] Produces:[] sources  lbl1 targets  lbl3
 lbl3 (2) : NOP	 Stack:-1	Consumes:[] Produces:[] sources  lbl2 targets  lbl4
 lbl4 (3) : LCONST_0	 Stack:-1	Consumes:[] Produces:[] sources  lbl3 targets  lbl5
 lbl5 (4) : ISUB	 Stack:-1	Consumes:[] Produces:[] sources  lbl4 targets 
----[known stack info]------------

 lbl0 (-1) : NOP	 Stack:0	Consumes:[] Produces:[] sources  targets  lbl1
 lbl1 (0) : LSTORE_0	 Stack:0	Consumes:[null ] Produces:[] sources  lbl0 targets  lbl2
 lbl2 (1) : MONITORENTER	 Stack:-1	Consumes:[] Produces:[] sources  lbl1 targets  lbl3
 lbl3 (2) : NOP	 Stack:-1	Consumes:[] Produces:[] sources  lbl2 targets  lbl4
 lbl4 (3) : LCONST_0	 Stack:-1	Consumes:[] Produces:[] sources  lbl3 targets  lbl5
 lbl5 (4) : ISUB	 Stack:-1	Consumes:[] Produces:[] sources  lbl4 targets 
----[known stack info]------------

 lbl0 (-1) : NOP	 Stack:0	Consumes:[] Produces:[] sources  targets  lbl1
 lbl1 (0) : LSTORE_0	 Stack:0	Consumes:[null ] Produces:[] sources  lbl0 targets  lbl2
 lbl2 (1) : MONITORENTER	 Stack:-1	Consumes:[] Produces:[] sources  lbl1 targets  lbl3
 lbl3 (2) : NOP	 Stack:-1	Consumes:[] Produces:[] sources  lbl2 targets  lbl4
 lbl4 (3) : LCONST_0	 Stack:-1	Consumes:[] Produces:[] sources  lbl3 targets  lbl5
 lbl5 (4) : ISUB	 Stack:-1	Consumes:[] Produces:[] sources  lbl4 targets 
----[known stack info]------------

 lbl0 (-1) : NOP	 Stack:0	Consumes:[] Produces:[] sources  targets  lbl1
 lbl1 (0) : LSTORE_0	 Stack:0	Consumes:[null ] Produces:[] sources  lbl0 targets  lbl2
 lbl2 (1) : MONITORENTER	 Stack:-1	Consumes:[] Produces:[] sources  lbl1 targets  lbl3
 lbl3 (2) : NOP	 Stack:-1	Consumes:[] Produces:[] sources  lbl2 targets  lbl4
 lbl4 (3) : FCONST_0	 Stack:-1	Consumes:[] Produces:[] sources  lbl3 targets  lbl5
 lbl5 (4) : LADD	 Stack:-1	Consumes:[] Produces:[] sources  lbl4 targets  lbl6
 lbl6 (5) : NOP	 Stack:-1	Consumes:[] Produces:[] sources  lbl5 targets  lbl7
 lbl7 (6) : ICONST_5	 Stack:-1	Consumes:[] Produces:[] sources  lbl6 targets  lbl8
 lbl8 (7) : DSUB	 Stack:-1	Consumes:[] Produces:[] sources  lbl7 targets  lbl9
 lbl9 (8) : NOP	 Stack:-1	Consumes:[] Produces:[] sources  lbl8 targets  lbl10
 lbl10 (9) : ICONST_1	 Stack:-1	Consumes:[] Produces:[] sources  lbl9 targets  lbl11
 lbl11 (10) : ISUB	 Stack:-1	Consumes:[] Produces:[] sources  lbl10 targets  lbl12
 lbl12 (11) : DADD	 Stack:-1	Consumes:[] Produces:[] sources  lbl11 targets  lbl13
 lbl13 (12) : NOP	 Stack:-1	Consumes:[] Produces:[] sources  lbl12 targets  lbl14
 lbl14 (13) : ICONST_M1	 Stack:-1	Consumes:[] Produces:[] sources  lbl13 targets  lbl15
 lbl15 (14) : IDIV	 Stack:-1	Consumes:[] Produces:[] sources  lbl14 targets  lbl16
 lbl16 (15) : LSTORE_0	 Stack:-1	Consumes:[] Produces:[] sources  lbl15 targets  lbl17
 lbl17 (16) : MONITORENTER	 Stack:-1	Consumes:[] Produces:[] sources  lbl16 targets  lbl18
 lbl18 (17) : NOP	 Stack:-1	Consumes:[] Produces:[] sources  lbl17 targets  lbl19
 lbl19 (18) : LCONST_1	 Stack:-1	Consumes:[] Produces:[] sources  lbl18 targets  lbl20
 lbl20 (19) : MONITORENTER	 Stack:-1	Consumes:[] Produces:[] sources  lbl19 targets  lbl21
 lbl21 (20) : NOP	 Stack:-1	Consumes:[] Produces:[] sources  lbl20 targets  lbl22
 lbl22 (21) : FCONST_1	 Stack:-1	Consumes:[] Produces:[] sources  lbl21 targets  lbl23
 lbl23 (22) : CASTORE	 Stack:-1	Consumes:[] Produces:[] sources  lbl22 targets  lbl24
 lbl24 (23) : NOP	 Stack:-1	Consumes:[] Produces:[] sources  lbl23 targets  lbl25
 lbl25 (24) : ICONST_5	 Stack:-1	Consumes:[] Produces:[] sources  lbl24 targets  lbl26
 lbl26 (25) : ISUB	 Stack:-1	Consumes:[] Produces:[] sources  lbl25 targets 
----[known stack info]------------

 lbl0 (-1) : NOP	 Stack:0	Consumes:[] Produces:[] sources  targets  lbl1
 lbl1 (0) : LSTORE_0	 Stack:0	Consumes:[null ] Produces:[] sources  lbl0 targets  lbl2
 lbl2 (1) : MONITORENTER	 Stack:-1	Consumes:[] Produces:[] sources  lbl1 targets  lbl3
 lbl3 (2) : NOP	 Stack:-1	Consumes:[] Produces:[] sources  lbl2 targets  lbl4
 lbl4 (3) : FCONST_0	 Stack:-1	Consumes:[] Produces:[] sources  lbl3 targets  lbl5
 lbl5 (4) : LADD	 Stack:-1	Consumes:[] Produces:[] sources  lbl4 targets  lbl6
 lbl6 (5) : NOP	 Stack:-1	Consumes:[] Produces:[] sources  lbl5 targets  lbl7
 lbl7 (6) : ICONST_5	 Stack:-1	Consumes:[] Produces:[] sources  lbl6 targets  lbl8
 lbl8 (7) : DSUB	 Stack:-1	Consumes:[] Produces:[] sources  lbl7 targets  lbl9
 lbl9 (8) : NOP	 Stack:-1	Consumes:[] Produces:[] sources  lbl8 targets  lbl10
 lbl10 (9) : ICONST_1	 Stack:-1	Consumes:[] Produces:[] sources  lbl9 targets  lbl11
 lbl11 (10) : ISUB	 Stack:-1	Consumes:[] Produces:[] sources  lbl10 targets  lbl12
 lbl12 (11) : DADD	 Stack:-1	Consumes:[] Produces:[] sources  lbl11 targets  lbl13
 lbl13 (12) : NOP	 Stack:-1	Consumes:[] Produces:[] sources  lbl12 targets  lbl14
 lbl14 (13) : ICONST_M1	 Stack:-1	Consumes:[] Produces:[] sources  lbl13 targets  lbl15
 lbl15 (14) : IDIV	 Stack:-1	Consumes:[] Produces:[] sources  lbl14 targets  lbl16
 lbl16 (15) : LSTORE_0	 Stack:-1	Consumes:[] Produces:[] sources  lbl15 targets  lbl17
 lbl17 (16) : MONITORENTER	 Stack:-1	Consumes:[] Produces:[] sources  lbl16 targets  lbl18
 lbl18 (17) : NOP	 Stack:-1	Consumes:[] Produces:[] sources  lbl17 targets  lbl19
 lbl19 (18) : LCONST_1	 Stack:-1	Consumes:[] Produces:[] sources  lbl18 targets  lbl20
 lbl20 (19) : MONITORENTER	 Stack:-1	Consumes:[] Produces:[] sources  lbl19 targets  lbl21
 lbl21 (20) : NOP	 Stack:-1	Consumes:[] Produces:[] sources  lbl20 targets  lbl22
 lbl22 (21) : FCONST_1	 Stack:-1	Consumes:[] Produces:[] sources  lbl21 targets  lbl23
 lbl23 (22) : CASTORE	 Stack:-1	Consumes:[] Produces:[] sources  lbl22 targets  lbl24
 lbl24 (23) : NOP	 Stack:-1	Consumes:[] Produces:[] sources  lbl23 targets  lbl25
 lbl25 (24) : ICONST_5	 Stack:-1	Consumes:[] Produces:[] sources  lbl24 targets  lbl26
 lbl26 (25) : ISUB	 Stack:-1	Consumes:[] Produces:[] sources  lbl25 targets 
----[known stack info]------------

 lbl0 (-1) : NOP	 Stack:0	Consumes:[] Produces:[] sources  targets  lbl1
 lbl1 (0) : LSTORE_0	 Stack:0	Consumes:[null ] Produces:[] sources  lbl0 targets  lbl2
 lbl2 (1) : MONITORENTER	 Stack:-1	Consumes:[] Produces:[] sources  lbl1 targets  lbl3
 lbl3 (2) : NOP	 Stack:-1	Consumes:[] Produces:[] sources  lbl2 targets  lbl4
 lbl4 (3) : FCONST_0	 Stack:-1	Consumes:[] Produces:[] sources  lbl3 targets  lbl5
 lbl5 (4) : LADD	 Stack:-1	Consumes:[] Produces:[] sources  lbl4 targets  lbl6
 lbl6 (5) : NOP	 Stack:-1	Consumes:[] Produces:[] sources  lbl5 targets  lbl7
 lbl7 (6) : ICONST_5	 Stack:-1	Consumes:[] Produces:[] sources  lbl6 targets  lbl8
 lbl8 (7) : DSUB	 Stack:-1	Consumes:[] Produces:[] sources  lbl7 targets  lbl9
 lbl9 (8) : NOP	 Stack:-1	Consumes:[] Produces:[] sources  lbl8 targets  lbl10
 lbl10 (9) : ICONST_1	 Stack:-1	Consumes:[] Produces:[] sources  lbl9 targets  lbl11
 lbl11 (10) : ISUB	 Stack:-1	Consumes:[] Produces:[] sources  lbl10 targets  lbl12
 lbl12 (11) : DADD	 Stack:-1	Consumes:[] Produces:[] sources  lbl11 targets  lbl13
 lbl13 (12) : NOP	 Stack:-1	Consumes:[] Produces:[] sources  lbl12 targets  lbl14
 lbl14 (13) : ICONST_M1	 Stack:-1	Consumes:[] Produces:[] sources  lbl13 targets  lbl15
 lbl15 (14) : IDIV	 Stack:-1	Consumes:[] Produces:[] sources  lbl14 targets  lbl16
 lbl16 (15) : LSTORE_0	 Stack:-1	Consumes:[] Produces:[] sources  lbl15 targets  lbl17
 lbl17 (16) : MONITORENTER	 Stack:-1	Consumes:[] Produces:[] sources  lbl16 targets  lbl18
 lbl18 (17) : NOP	 Stack:-1	Consumes:[] Produces:[] sources  lbl17 targets  lbl19
 lbl19 (18) : LCONST_1	 Stack:-1	Consumes:[] Produces:[] sources  lbl18 targets  lbl20
 lbl20 (19) : MONITORENTER	 Stack:-1	Consumes:[] Produces:[] sources  lbl19 targets  lbl21
 lbl21 (20) : NOP	 Stack:-1	Consumes:[] Produces:[] sources  lbl20 targets  lbl22
 lbl22 (21) : FCONST_1	 Stack:-1	Consumes:[] Produces:[] sources  lbl21 targets  lbl23
 lbl23 (22) : CASTORE	 Stack:-1	Consumes:[] Produces:[] sources  lbl22 targets  lbl24
 lbl24 (23) : NOP	 Stack:-1	Consumes:[] Produces:[] sources  lbl23 targets  lbl25
 lbl25 (24) : ICONST_5	 Stack:-1	Consumes:[] Produces:[] sources  lbl24 targets  lbl26
 lbl26 (25) : ISUB	 Stack:-1	Consumes:[] Produces:[] sources  lbl25 targets 
----[known stack info]------------

 lbl0 (-1) : NOP	 Stack:0	Consumes:[] Produces:[] sources  targets  lbl1
 lbl1 (0) : LSTORE_0	 Stack:0	Consumes:[null ] Produces:[] sources  lbl0 targets  lbl2
 lbl2 (1) : MONITORENTER	 Stack:-1	Consumes:[] Produces:[] sources  lbl1 targets  lbl3
 lbl3 (2) : NOP	 Stack:-1	Consumes:[] Produces:[] sources  lbl2 targets  lbl4
 lbl4 (3) : FCONST_0	 Stack:-1	Consumes:[] Produces:[] sources  lbl3 targets  lbl5
 lbl5 (4) : LADD	 Stack:-1	Consumes:[] Produces:[] sources  lbl4 targets  lbl6
 lbl6 (5) : NOP	 Stack:-1	Consumes:[] Produces:[] sources  lbl5 targets  lbl7
 lbl7 (6) : ICONST_5	 Stack:-1	Consumes:[] Produces:[] sources  lbl6 targets  lbl8
 lbl8 (7) : DSUB	 Stack:-1	Consumes:[] Produces:[] sources  lbl7 targets  lbl9
 lbl9 (8) : NOP	 Stack:-1	Consumes:[] Produces:[] sources  lbl8 targets  lbl10
 lbl10 (9) : ICONST_1	 Stack:-1	Consumes:[] Produces:[] sources  lbl9 targets  lbl11
 lbl11 (10) : ISUB	 Stack:-1	Consumes:[] Produces:[] sources  lbl10 targets  lbl12
 lbl12 (11) : DADD	 Stack:-1	Consumes:[] Produces:[] sources  lbl11 targets  lbl13
 lbl13 (12) : NOP	 Stack:-1	Consumes:[] Produces:[] sources  lbl12 targets  lbl14
 lbl14 (13) : ICONST_M1	 Stack:-1	Consumes:[] Produces:[] sources  lbl13 targets  lbl15
 lbl15 (14) : IDIV	 Stack:-1	Consumes:[] Produces:[] sources  lbl14 targets  lbl16
 lbl16 (15) : LSTORE_0	 Stack:-1	Consumes:[] Produces:[] sources  lbl15 targets  lbl17
 lbl17 (16) : MONITORENTER	 Stack:-1	Consumes:[] Produces:[] sources  lbl16 targets  lbl18
 lbl18 (17) : NOP	 Stack:-1	Consumes:[] Produces:[] sources  lbl17 targets  lbl19
 lbl19 (18) : LCONST_1	 Stack:-1	Consumes:[] Produces:[] sources  lbl18 targets  lbl20
 lbl20 (19) : MONITORENTER	 Stack:-1	Consumes:[] Produces:[] sources  lbl19 targets  lbl21
 lbl21 (20) : NOP	 Stack:-1	Consumes:[] Produces:[] sources  lbl20 targets  lbl22
 lbl22 (21) : FCONST_1	 Stack:-1	Consumes:[] Produces:[] sources  lbl21 targets  lbl23
 lbl23 (22) : CASTORE	 Stack:-1	Consumes:[] Produces:[] sources  lbl22 targets  lbl24
 lbl24 (23) : NOP	 Stack:-1	Consumes:[] Produces:[] sources  lbl23 targets  lbl25
 lbl25 (24) : ICONST_5	 Stack:-1	Consumes:[] Produces:[] sources  lbl24 targets  lbl26
 lbl26 (25) : ISUB	 Stack:-1	Consumes:[] Produces:[] sources  lbl25 targets 
----[known stack info]------------

 lbl0 (-1) : NOP	 Stack:0	Consumes:[] Produces:[] sources  targets  lbl1
 lbl1 (0) : LSTORE_0	 Stack:0	Consumes:[null ] Produces:[] sources  lbl0 targets  lbl2
 lbl2 (1) : MONITORENTER	 Stack:-1	Consumes:[] Produces:[] sources  lbl1 targets  lbl3
 lbl3 (2) : NOP	 Stack:-1	Consumes:[] Produces:[] sources  lbl2 targets  lbl4
 lbl4 (3) : FCONST_0	 Stack:-1	Consumes:[] Produces:[] sources  lbl3 targets  lbl5
 lbl5 (4) : LADD	 Stack:-1	Consumes:[] Produces:[] sources  lbl4 targets  lbl6
 lbl6 (5) : NOP	 Stack:-1	Consumes:[] Produces:[] sources  lbl5 targets  lbl7
 lbl7 (6) : ICONST_5	 Stack:-1	Consumes:[] Produces:[] sources  lbl6 targets  lbl8
 lbl8 (7) : DSUB	 Stack:-1	Consumes:[] Produces:[] sources  lbl7 targets  lbl9
 lbl9 (8) : NOP	 Stack:-1	Consumes:[] Produces:[] sources  lbl8 targets  lbl10
 lbl10 (9) : ICONST_1	 Stack:-1	Consumes:[] Produces:[] sources  lbl9 targets  lbl11
 lbl11 (10) : ISUB	 Stack:-1	Consumes:[] Produces:[] sources  lbl10 targets  lbl12
 lbl12 (11) : DADD	 Stack:-1	Consumes:[] Produces:[] sources  lbl11 targets  lbl13
 lbl13 (12) : NOP	 Stack:-1	Consumes:[] Produces:[] sources  lbl12 targets  lbl14
 lbl14 (13) : ICONST_M1	 Stack:-1	Consumes:[] Produces:[] sources  lbl13 targets  lbl15
 lbl15 (14) : IDIV	 Stack:-1	Consumes:[] Produces:[] sources  lbl14 targets  lbl16
 lbl16 (15) : LSTORE_0	 Stack:-1	Consumes:[] Produces:[] sources  lbl15 targets  lbl17
 lbl17 (16) : MONITORENTER	 Stack:-1	Consumes:[] Produces:[] sources  lbl16 targets  lbl18
 lbl18 (17) : NOP	 Stack:-1	Consumes:[] Produces:[] sources  lbl17 targets  lbl19
 lbl19 (18) : LCONST_1	 Stack:-1	Consumes:[] Produces:[] sources  lbl18 targets  lbl20
 lbl20 (19) : MONITORENTER	 Stack:-1	Consumes:[] Produces:[] sources  lbl19 targets  lbl21
 lbl21 (20) : NOP	 Stack:-1	Consumes:[] Produces:[] sources  lbl20 targets  lbl22
 lbl22 (21) : FCONST_1	 Stack:-1	Consumes:[] Produces:[] sources  lbl21 targets  lbl23
 lbl23 (22) : CASTORE	 Stack:-1	Consumes:[] Produces:[] sources  lbl22 targets  lbl24
 lbl24 (23) : NOP	 Stack:-1	Consumes:[] Produces:[] sources  lbl23 targets  lbl25
 lbl25 (24) : ICONST_5	 Stack:-1	Consumes:[] Produces:[] sources  lbl24 targets  lbl26
 lbl26 (25) : ISUB	 Stack:-1	Consumes:[] Produces:[] sources  lbl25 targets 
----[known stack info]------------

 lbl0 (-1) : NOP	 Stack:0	Consumes:[] Produces:[] sources  targets  lbl1
 lbl1 (0) : LSTORE_0	 Stack:0	Consumes:[null ] Produces:[] sources  lbl0 targets  lbl2
 lbl2 (1) : MONITORENTER	 Stack:-1	Consumes:[] Produces:[] sources  lbl1 targets  lbl3
 lbl3 (2) : NOP	 Stack:-1	Consumes:[] Produces:[] sources  lbl2 targets  lbl4
 lbl4 (3) : FCONST_0	 Stack:-1	Consumes:[] Produces:[] sources  lbl3 targets  lbl5
 lbl5 (4) : LADD	 Stack:-1	Consumes:[] Produces:[] sources  lbl4 targets  lbl6
 lbl6 (5) : NOP	 Stack:-1	Consumes:[] Produces:[] sources  lbl5 targets  lbl7
 lbl7 (6) : ICONST_5	 Stack:-1	Consumes:[] Produces:[] sources  lbl6 targets  lbl8
 lbl8 (7) : DSUB	 Stack:-1	Consumes:[] Produces:[] sources  lbl7 targets  lbl9
 lbl9 (8) : NOP	 Stack:-1	Consumes:[] Produces:[] sources  lbl8 targets  lbl10
 lbl10 (9) : ICONST_1	 Stack:-1	Consumes:[] Produces:[] sources  lbl9 targets  lbl11
 lbl11 (10) : ISUB	 Stack:-1	Consumes:[] Produces:[] sources  lbl10 targets  lbl12
 lbl12 (11) : DADD	 Stack:-1	Consumes:[] Produces:[] sources  lbl11 targets  lbl13
 lbl13 (12) : NOP	 Stack:-1	Consumes:[] Produces:[] sources  lbl12 targets  lbl14
 lbl14 (13) : ICONST_M1	 Stack:-1	Consumes:[] Produces:[] sources  lbl13 targets  lbl15
 lbl15 (14) : IDIV	 Stack:-1	Consumes:[] Produces:[] sources  lbl14 targets  lbl16
 lbl16 (15) : LSTORE_0	 Stack:-1	Consumes:[] Produces:[] sources  lbl15 targets  lbl17
 lbl17 (16) : MONITORENTER	 Stack:-1	Consumes:[] Produces:[] sources  lbl16 targets  lbl18
 lbl18 (17) : NOP	 Stack:-1	Consumes:[] Produces:[] sources  lbl17 targets  lbl19
 lbl19 (18) : LCONST_1	 Stack:-1	Consumes:[] Produces:[] sources  lbl18 targets  lbl20
 lbl20 (19) : MONITORENTER	 Stack:-1	Consumes:[] Produces:[] sources  lbl19 targets  lbl21
 lbl21 (20) : NOP	 Stack:-1	Consumes:[] Produces:[] sources  lbl20 targets  lbl22
 lbl22 (21) : FCONST_1	 Stack:-1	Consumes:[] Produces:[] sources  lbl21 targets  lbl23
 lbl23 (22) : CASTORE	 Stack:-1	Consumes:[] Produces:[] sources  lbl22 targets  lbl24
 lbl24 (23) : NOP	 Stack:-1	Consumes:[] Produces:[] sources  lbl23 targets  lbl25
 lbl25 (24) : ICONST_5	 Stack:-1	Consumes:[] Produces:[] sources  lbl24 targets  lbl26
 lbl26 (25) : ISUB	 Stack:-1	Consumes:[] Produces:[] sources  lbl25 targets 
----[known stack info]------------

 lbl0 (-1) : NOP	 Stack:0	Consumes:[] Produces:[] sources  targets  lbl1
 lbl1 (0) : LSTORE_0	 Stack:0	Consumes:[null ] Produces:[] sources  lbl0 targets  lbl2
 lbl2 (1) : MONITORENTER	 Stack:-1	Consumes:[] Produces:[] sources  lbl1 targets  lbl3
 lbl3 (2) : NOP	 Stack:-1	Consumes:[] Produces:[] sources  lbl2 targets  lbl4
 lbl4 (3) : FCONST_0	 Stack:-1	Consumes:[] Produces:[] sources  lbl3 targets  lbl5
 lbl5 (4) : LADD	 Stack:-1	Consumes:[] Produces:[] sources  lbl4 targets  lbl6
 lbl6 (5) : NOP	 Stack:-1	Consumes:[] Produces:[] sources  lbl5 targets  lbl7
 lbl7 (6) : ICONST_5	 Stack:-1	Consumes:[] Produces:[] sources  lbl6 targets  lbl8
 lbl8 (7) : DSUB	 Stack:-1	Consumes:[] Produces:[] sources  lbl7 targets  lbl9
 lbl9 (8) : NOP	 Stack:-1	Consumes:[] Produces:[] sources  lbl8 targets  lbl10
 lbl10 (9) : ICONST_1	 Stack:-1	Consumes:[] Produces:[] sources  lbl9 targets  lbl11
 lbl11 (10) : ISUB	 Stack:-1	Consumes:[] Produces:[] sources  lbl10 targets  lbl12
 lbl12 (11) : DADD	 Stack:-1	Consumes:[] Produces:[] sources  lbl11 targets  lbl13
 lbl13 (12) : NOP	 Stack:-1	Consumes:[] Produces:[] sources  lbl12 targets  lbl14
 lbl14 (13) : ICONST_M1	 Stack:-1	Consumes:[] Produces:[] sources  lbl13 targets  lbl15
 lbl15 (14) : IDIV	 Stack:-1	Consumes:[] Produces:[] sources  lbl14 targets  lbl16
 lbl16 (15) : LSTORE_0	 Stack:-1	Consumes:[] Produces:[] sources  lbl15 targets  lbl17
 lbl17 (16) : MONITORENTER	 Stack:-1	Consumes:[] Produces:[] sources  lbl16 targets  lbl18
 lbl18 (17) : NOP	 Stack:-1	Consumes:[] Produces:[] sources  lbl17 targets  lbl19
 lbl19 (18) : LCONST_1	 Stack:-1	Consumes:[] Produces:[] sources  lbl18 targets  lbl20
 lbl20 (19) : MONITORENTER	 Stack:-1	Consumes:[] Produces:[] sources  lbl19 targets  lbl21
 lbl21 (20) : NOP	 Stack:-1	Consumes:[] Produces:[] sources  lbl20 targets  lbl22
 lbl22 (21) : FCONST_1	 Stack:-1	Consumes:[] Produces:[] sources  lbl21 targets  lbl23
 lbl23 (22) : CASTORE	 Stack:-1	Consumes:[] Produces:[] sources  lbl22 targets  lbl24
 lbl24 (23) : NOP	 Stack:-1	Consumes:[] Produces:[] sources  lbl23 targets  lbl25
 lbl25 (24) : ICONST_5	 Stack:-1	Consumes:[] Produces:[] sources  lbl24 targets  lbl26
 lbl26 (25) : ISUB	 Stack:-1	Consumes:[] Produces:[] sources  lbl25 targets 
----[known stack info]------------

 lbl0 (-1) : NOP	 Stack:0	Consumes:[] Produces:[] sources  targets  lbl1
 lbl1 (0) : LSTORE_0	 Stack:0	Consumes:[null ] Produces:[] sources  lbl0 targets  lbl2
 lbl2 (1) : MONITORENTER	 Stack:-1	Consumes:[] Produces:[] sources  lbl1 targets  lbl3
 lbl3 (2) : NOP	 Stack:-1	Consumes:[] Produces:[] sources  lbl2 targets  lbl4
 lbl4 (3) : FCONST_0	 Stack:-1	Consumes:[] Produces:[] sources  lbl3 targets  lbl5
 lbl5 (4) : LADD	 Stack:-1	Consumes:[] Produces:[] sources  lbl4 targets  lbl6
 lbl6 (5) : NOP	 Stack:-1	Consumes:[] Produces:[] sources  lbl5 targets  lbl7
 lbl7 (6) : ICONST_5	 Stack:-1	Consumes:[] Produces:[] sources  lbl6 targets  lbl8
 lbl8 (7) : DSUB	 Stack:-1	Consumes:[] Produces:[] sources  lbl7 targets  lbl9
 lbl9 (8) : NOP	 Stack:-1	Consumes:[] Produces:[] sources  lbl8 targets  lbl10
 lbl10 (9) : ICONST_1	 Stack:-1	Consumes:[] Produces:[] sources  lbl9 targets  lbl11
 lbl11 (10) : ISUB	 Stack:-1	Consumes:[] Produces:[] sources  lbl10 targets  lbl12
 lbl12 (11) : DADD	 Stack:-1	Consumes:[] Produces:[] sources  lbl11 targets  lbl13
 lbl13 (12) : NOP	 Stack:-1	Consumes:[] Produces:[] sources  lbl12 targets  lbl14
 lbl14 (13) : ICONST_M1	 Stack:-1	Consumes:[] Produces:[] sources  lbl13 targets  lbl15
 lbl15 (14) : IDIV	 Stack:-1	Consumes:[] Produces:[] sources  lbl14 targets  lbl16
 lbl16 (15) : LSTORE_0	 Stack:-1	Consumes:[] Produces:[] sources  lbl15 targets  lbl17
 lbl17 (16) : MONITORENTER	 Stack:-1	Consumes:[] Produces:[] sources  lbl16 targets  lbl18
 lbl18 (17) : NOP	 Stack:-1	Consumes:[] Produces:[] sources  lbl17 targets  lbl19
 lbl19 (18) : LCONST_1	 Stack:-1	Consumes:[] Produces:[] sources  lbl18 targets  lbl20
 lbl20 (19) : MONITORENTER	 Stack:-1	Consumes:[] Produces:[] sources  lbl19 targets  lbl21
 lbl21 (20) : NOP	 Stack:-1	Consumes:[] Produces:[] sources  lbl20 targets  lbl22
 lbl22 (21) : FCONST_1	 Stack:-1	Consumes:[] Produces:[] sources  lbl21 targets  lbl23
 lbl23 (22) : CASTORE	 Stack:-1	Consumes:[] Produces:[] sources  lbl22 targets  lbl24
 lbl24 (23) : NOP	 Stack:-1	Consumes:[] Produces:[] sources  lbl23 targets  lbl25
 lbl25 (24) : ICONST_5	 Stack:-1	Consumes:[] Produces:[] sources  lbl24 targets  lbl26
 lbl26 (25) : ISUB	 Stack:-1	Consumes:[] Produces:[] sources  lbl25 targets 
----[known stack info]------------

 lbl0 (-1) : NOP	 Stack:0	Consumes:[] Produces:[] sources  targets  lbl1
 lbl1 (0) : LSTORE_0	 Stack:0	Consumes:[null ] Produces:[] sources  lbl0 targets  lbl2
 lbl2 (1) : MONITORENTER	 Stack:-1	Consumes:[] Produces:[] sources  lbl1 targets  lbl3
 lbl3 (2) : NOP	 Stack:-1	Consumes:[] Produces:[] sources  lbl2 targets  lbl4
 lbl4 (3) : FCONST_0	 Stack:-1	Consumes:[] Produces:[] sources  lbl3 targets  lbl5
 lbl5 (4) : LADD	 Stack:-1	Consumes:[] Produces:[] sources  lbl4 targets  lbl6
 lbl6 (5) : NOP	 Stack:-1	Consumes:[] Produces:[] sources  lbl5 targets  lbl7
 lbl7 (6) : ICONST_5	 Stack:-1	Consumes:[] Produces:[] sources  lbl6 targets  lbl8
 lbl8 (7) : DSUB	 Stack:-1	Consumes:[] Produces:[] sources  lbl7 targets  lbl9
 lbl9 (8) : NOP	 Stack:-1	Consumes:[] Produces:[] sources  lbl8 targets  lbl10
 lbl10 (9) : ICONST_1	 Stack:-1	Consumes:[] Produces:[] sources  lbl9 targets  lbl11
 lbl11 (10) : ISUB	 Stack:-1	Consumes:[] Produces:[] sources  lbl10 targets  lbl12
 lbl12 (11) : DADD	 Stack:-1	Consumes:[] Produces:[] sources  lbl11 targets  lbl13
 lbl13 (12) : NOP	 Stack:-1	Consumes:[] Produces:[] sources  lbl12 targets  lbl14
 lbl14 (13) : ICONST_M1	 Stack:-1	Consumes:[] Produces:[] sources  lbl13 targets  lbl15
 lbl15 (14) : IDIV	 Stack:-1	Consumes:[] Produces:[] sources  lbl14 targets  lbl16
 lbl16 (15) : LSTORE_0	 Stack:-1	Consumes:[] Produces:[] sources  lbl15 targets  lbl17
 lbl17 (16) : MONITORENTER	 Stack:-1	Consumes:[] Produces:[] sources  lbl16 targets  lbl18
 lbl18 (17) : NOP	 Stack:-1	Consumes:[] Produces:[] sources  lbl17 targets  lbl19
 lbl19 (18) : LCONST_1	 Stack:-1	Consumes:[] Produces:[] sources  lbl18 targets  lbl20
 lbl20 (19) : MONITORENTER	 Stack:-1	Consumes:[] Produces:[] sources  lbl19 targets  lbl21
 lbl21 (20) : NOP	 Stack:-1	Consumes:[] Produces:[] sources  lbl20 targets  lbl22
 lbl22 (21) : FCONST_1	 Stack:-1	Consumes:[] Produces:[] sources  lbl21 targets  lbl23
 lbl23 (22) : CASTORE	 Stack:-1	Consumes:[] Produces:[] sources  lbl22 targets  lbl24
 lbl24 (23) : NOP	 Stack:-1	Consumes:[] Produces:[] sources  lbl23 targets  lbl25
 lbl25 (24) : ICONST_5	 Stack:-1	Consumes:[] Produces:[] sources  lbl24 targets  lbl26
 lbl26 (25) : ISUB	 Stack:-1	Consumes:[] Produces:[] sources  lbl25 targets 
----[known stack info]------------

 lbl0 (-1) : NOP	 Stack:0	Consumes:[] Produces:[] sources  targets  lbl1
 lbl1 (0) : LSTORE_0	 Stack:0	Consumes:[null ] Produces:[] sources  lbl0 targets  lbl2
 lbl2 (1) : MONITORENTER	 Stack:-1	Consumes:[] Produces:[] sources  lbl1 targets  lbl3
 lbl3 (2) : NOP	 Stack:-1	Consumes:[] Produces:[] sources  lbl2 targets  lbl4
 lbl4 (3) : FCONST_0	 Stack:-1	Consumes:[] Produces:[] sources  lbl3 targets  lbl5
 lbl5 (4) : LADD	 Stack:-1	Consumes:[] Produces:[] sources  lbl4 targets  lbl6
 lbl6 (5) : NOP	 Stack:-1	Consumes:[] Produces:[] sources  lbl5 targets  lbl7
 lbl7 (6) : ICONST_5	 Stack:-1	Consumes:[] Produces:[] sources  lbl6 targets  lbl8
 lbl8 (7) : DSUB	 Stack:-1	Consumes:[] Produces:[] sources  lbl7 targets  lbl9
 lbl9 (8) : NOP	 Stack:-1	Consumes:[] Produces:[] sources  lbl8 targets  lbl10
 lbl10 (9) : ICONST_1	 Stack:-1	Consumes:[] Produces:[] sources  lbl9 targets  lbl11
 lbl11 (10) : ISUB	 Stack:-1	Consumes:[] Produces:[] sources  lbl10 targets  lbl12
 lbl12 (11) : DADD	 Stack:-1	Consumes:[] Produces:[] sources  lbl11 targets  lbl13
 lbl13 (12) : NOP	 Stack:-1	Consumes:[] Produces:[] sources  lbl12 targets  lbl14
 lbl14 (13) : ICONST_M1	 Stack:-1	Consumes:[] Produces:[] sources  lbl13 targets  lbl15
 lbl15 (14) : IDIV	 Stack:-1	Consumes:[] Produces:[] sources  lbl14 targets  lbl16
 lbl16 (15) : LSTORE_0	 Stack:-1	Consumes:[] Produces:[] sources  lbl15 targets  lbl17
 lbl17 (16) : MONITORENTER	 Stack:-1	Consumes:[] Produces:[] sources  lbl16 targets  lbl18
 lbl18 (17) : NOP	 Stack:-1	Consumes:[] Produces:[] sources  lbl17 targets  lbl19
 lbl19 (18) : LCONST_1	 Stack:-1	Consumes:[] Produces:[] sources  lbl18 targets  lbl20
 lbl20 (19) : MONITORENTER	 Stack:-1	Consumes:[] Produces:[] sources  lbl19 targets  lbl21
 lbl21 (20) : NOP	 Stack:-1	Consumes:[] Produces:[] sources  lbl20 targets  lbl22
 lbl22 (21) : FCONST_1	 Stack:-1	Consumes:[] Produces:[] sources  lbl21 targets  lbl23
 lbl23 (22) : CASTORE	 Stack:-1	Consumes:[] Produces:[] sources  lbl22 targets  lbl24
 lbl24 (23) : NOP	 Stack:-1	Consumes:[] Produces:[] sources  lbl23 targets  lbl25
 lbl25 (24) : ICONST_5	 Stack:-1	Consumes:[] Produces:[] sources  lbl24 targets  lbl26
 lbl26 (25) : ISUB	 Stack:-1	Consumes:[] Produces:[] sources  lbl25 targets 
----[known stack info]------------

 lbl0 (-1) : NOP	 Stack:0	Consumes:[] Produces:[] sources  targets  lbl1
 lbl1 (0) : LADD	 Stack:0	Consumes:[null ] Produces:[] sources  lbl0 targets  lbl2
 lbl2 (1) : NOP	 Stack:-1	Consumes:[] Produces:[] sources  lbl1 targets  lbl3
 lbl3 (2) : ICONST_5	 Stack:-1	Consumes:[] Produces:[] sources  lbl2 targets  lbl4
 lbl4 (3) : AASTORE	 Stack:-1	Consumes:[] Produces:[] sources  lbl3 targets 
----[known stack info]------------

 lbl0 (-1) : NOP	 Stack:0	Consumes:[] Produces:[] sources  targets  lbl1
 lbl1 (0) : LADD	 Stack:0	Consumes:[null ] Produces:[] sources  lbl0 targets  lbl2
 lbl2 (1) : NOP	 Stack:-1	Consumes:[] Produces:[] sources  lbl1 targets  lbl3
 lbl3 (2) : ICONST_5	 Stack:-1	Consumes:[] Produces:[] sources  lbl2 targets  lbl4
 lbl4 (3) : AASTORE	 Stack:-1	Consumes:[] Produces:[] sources  lbl3 targets 
----[known stack info]------------

 lbl0 (-1) : NOP	 Stack:0	Consumes:[] Produces:[] sources  targets  lbl1
 lbl1 (0) : LADD	 Stack:0	Consumes:[null ] Produces:[] sources  lbl0 targets  lbl2
 lbl2 (1) : NOP	 Stack:-1	Consumes:[] Produces:[] sources  lbl1 targets  lbl3
 lbl3 (2) : ICONST_5	 Stack:-1	Consumes:[] Produces:[] sources  lbl2 targets  lbl4
 lbl4 (3) : AASTORE	 Stack:-1	Consumes:[] Produces:[] sources  lbl3 targets 
----[known stack info]------------

 lbl0 (-1) : NOP	 Stack:0	Consumes:[] Produces:[] sources  targets  lbl1
 lbl1 (0) : LADD	 Stack:0	Consumes:[null ] Produces:[] sources  lbl0 targets  lbl2
 lbl2 (1) : NOP	 Stack:-1	Consumes:[] Produces:[] sources  lbl1 targets  lbl3
 lbl3 (2) : ICONST_5	 Stack:-1	Consumes:[] Produces:[] sources  lbl2 targets  lbl4
 lbl4 (3) : AASTORE	 Stack:-1	Consumes:[] Produces:[] sources  lbl3 targets 
----[known stack info]------------

 lbl0 (-1) : NOP	 Stack:0	Consumes:[] Produces:[] sources  targets  lbl1
 lbl1 (0) : LADD	 Stack:0	Consumes:[null ] Produces:[] sources  lbl0 targets  lbl2
 lbl2 (1) : NOP	 Stack:-1	Consumes:[] Produces:[] sources  lbl1 targets  lbl3
 lbl3 (2) : ICONST_5	 Stack:-1	Consumes:[] Produces:[] sources  lbl2 targets  lbl4
 lbl4 (3) : AASTORE	 Stack:-1	Consumes:[] Produces:[] sources  lbl3 targets 
----[known stack info]------------

 lbl0 (-1) : NOP	 Stack:0	Consumes:[] Produces:[] sources  targets  lbl1
 lbl1 (0) : LADD	 Stack:0	Consumes:[null ] Produces:[] sources  lbl0 targets  lbl2
 lbl2 (1) : NOP	 Stack:-1	Consumes:[] Produces:[] sources  lbl1 targets  lbl3
 lbl3 (2) : ICONST_5	 Stack:-1	Consumes:[] Produces:[] sources  lbl2 targets  lbl4
 lbl4 (3) : AASTORE	 Stack:-1	Consumes:[] Produces:[] sources  lbl3 targets 
----[known stack info]------------

 lbl0 (-1) : NOP	 Stack:0	Consumes:[] Produces:[] sources  targets  lbl1
 lbl1 (0) : LADD	 Stack:0	Consumes:[null ] Produces:[] sources  lbl0 targets  lbl2
 lbl2 (1) : NOP	 Stack:-1	Consumes:[] Produces:[] sources  lbl1 targets  lbl3
 lbl3 (2) : ICONST_5	 Stack:-1	Consumes:[] Produces:[] sources  lbl2 targets  lbl4
 lbl4 (3) : AASTORE	 Stack:-1	Consumes:[] Produces:[] sources  lbl3 targets 
----[known stack info]------------

 lbl0 (-1) : NOP	 Stack:0	Consumes:[] Produces:[] sources  targets  lbl1
 lbl1 (0) : LADD	 Stack:0	Consumes:[null ] Produces:[] sources  lbl0 targets  lbl2
 lbl2 (1) : NOP	 Stack:-1	Consumes:[] Produces:[] sources  lbl1 targets  lbl3
 lbl3 (2) : ICONST_5	 Stack:-1	Consumes:[] Produces:[] sources  lbl2 targets  lbl4
 lbl4 (3) : AASTORE	 Stack:-1	Consumes:[] Produces:[] sources  lbl3 targets 
----[known stack info]------------

 lbl0 (-1) : NOP	 Stack:0	Consumes:[] Produces:[] sources  targets  lbl1
 lbl1 (0) : LADD	 Stack:0	Consumes:[null ] Produces:[] sources  lbl0 targets  lbl2
 lbl2 (1) : NOP	 Stack:-1	Consumes:[] Produces:[] sources  lbl1 targets  lbl3
 lbl3 (2) : ICONST_5	 Stack:-1	Consumes:[] Produces:[] sources  lbl2 targets  lbl4
 lbl4 (3) : AASTORE	 Stack:-1	Consumes:[] Produces:[] sources  lbl3 targets 
----[known stack info]------------

 lbl0 (-1) : NOP	 Stack:0	Consumes:[] Produces:[] sources  targets  lbl1
 lbl1 (0) : LADD	 Stack:0	Consumes:[null ] Produces:[] sources  lbl0 targets  lbl2
 lbl2 (1) : NOP	 Stack:-1	Consumes:[] Produces:[] sources  lbl1 targets  lbl3
 lbl3 (2) : ICONST_5	 Stack:-1	Consumes:[] Produces:[] sources  lbl2 targets  lbl4
 lbl4 (3) : AASTORE	 Stack:-1	Consumes:[] Produces:[] sources  lbl3 targets 
----[known stack info]------------

 lbl0 (-1) : NOP	 Stack:0	Consumes:[] Produces:[] sources  targets  lbl1
 lbl1 (0) : LSTORE_0	 Stack:0	Consumes:[null ] Produces:[] sources  lbl0 targets  lbl2
 lbl2 (1) : MONITORENTER	 Stack:-1	Consumes:[] Produces:[] sources  lbl1 targets  lbl3
 lbl3 (2) : NOP	 Stack:-1	Consumes:[] Produces:[] sources  lbl2 targets  lbl4
 lbl4 (3) : CALOAD	 Stack:-1	Consumes:[] Produces:[] sources  lbl3 targets  lbl5
 lbl5 (4) : ISUB	 Stack:-1	Consumes:[] Produces:[] sources  lbl4 targets 
----[known stack info]------------

 lbl0 (-1) : NOP	 Stack:0	Consumes:[] Produces:[] sources  targets  lbl1
 lbl1 (0) : LSTORE_0	 Stack:0	Consumes:[null ] Produces:[] sources  lbl0 targets  lbl2
 lbl2 (1) : MONITORENTER	 Stack:-1	Consumes:[] Produces:[] sources  lbl1 targets  lbl3
 lbl3 (2) : NOP	 Stack:-1	Consumes:[] Produces:[] sources  lbl2 targets  lbl4
 lbl4 (3) : CALOAD	 Stack:-1	Consumes:[] Produces:[] sources  lbl3 targets  lbl5
 lbl5 (4) : ISUB	 Stack:-1	Consumes:[] Produces:[] sources  lbl4 targets 
----[known stack info]------------

 lbl0 (-1) : NOP	 Stack:0	Consumes:[] Produces:[] sources  targets  lbl1
 lbl1 (0) : LSTORE_0	 Stack:0	Consumes:[null ] Produces:[] sources  lbl0 targets  lbl2
 lbl2 (1) : MONITORENTER	 Stack:-1	Consumes:[] Produces:[] sources  lbl1 targets  lbl3
 lbl3 (2) : NOP	 Stack:-1	Consumes:[] Produces:[] sources  lbl2 targets  lbl4
 lbl4 (3) : CALOAD	 Stack:-1	Consumes:[] Produces:[] sources  lbl3 targets  lbl5
 lbl5 (4) : ISUB	 Stack:-1	Consumes:[] Produces:[] sources  lbl4 targets 
----[known stack info]------------

 lbl0 (-1) : NOP	 Stack:0	Consumes:[] Produces:[] sources  targets  lbl1
 lbl1 (0) : LSTORE_0	 Stack:0	Consumes:[null ] Produces:[] sources  lbl0 targets  lbl2
 lbl2 (1) : MONITORENTER	 Stack:-1	Consumes:[] Produces:[] sources  lbl1 targets  lbl3
 lbl3 (2) : NOP	 Stack:-1	Consumes:[] Produces:[] sources  lbl2 targets  lbl4
 lbl4 (3) : CALOAD	 Stack:-1	Consumes:[] Produces:[] sources  lbl3 targets  lbl5
 lbl5 (4) : ISUB	 Stack:-1	Consumes:[] Produces:[] sources  lbl4 targets 
----[known stack info]------------

 lbl0 (-1) : NOP	 Stack:0	Consumes:[] Produces:[] sources  targets  lbl1
 lbl1 (0) : LSTORE_0	 Stack:0	Consumes:[null ] Produces:[] sources  lbl0 targets  lbl2
 lbl2 (1) : MONITORENTER	 Stack:-1	Consumes:[] Produces:[] sources  lbl1 targets  lbl3
 lbl3 (2) : NOP	 Stack:-1	Consumes:[] Produces:[] sources  lbl2 targets  lbl4
 lbl4 (3) : CALOAD	 Stack:-1	Consumes:[] Produces:[] sources  lbl3 targets  lbl5
 lbl5 (4) : ISUB	 Stack:-1	Consumes:[] Produces:[] sources  lbl4 targets 
----[known stack info]------------

 lbl0 (-1) : NOP	 Stack:0	Consumes:[] Produces:[] sources  targets  lbl1
 lbl1 (0) : LSTORE_0	 Stack:0	Consumes:[null ] Produces:[] sources  lbl0 targets  lbl2
 lbl2 (1) : MONITORENTER	 Stack:-1	Consumes:[] Produces:[] sources  lbl1 targets  lbl3
 lbl3 (2) : NOP	 Stack:-1	Consumes:[] Produces:[] sources  lbl2 targets  lbl4
 lbl4 (3) : CALOAD	 Stack:-1	Consumes:[] Produces:[] sources  lbl3 targets  lbl5
 lbl5 (4) : ISUB	 Stack:-1	Consumes:[] Produces:[] sources  lbl4 targets 
----[known stack info]------------

 lbl0 (-1) : NOP	 Stack:0	Consumes:[] Produces:[] sources  targets  lbl1
 lbl1 (0) : LSTORE_0	 Stack:0	Consumes:[null ] Produces:[] sources  lbl0 targets  lbl2
 lbl2 (1) : MONITORENTER	 Stack:-1	Consumes:[] Produces:[] sources  lbl1 targets  lbl3
 lbl3 (2) : NOP	 Stack:-1	Consumes:[] Produces:[] sources  lbl2 targets  lbl4
 lbl4 (3) : CALOAD	 Stack:-1	Consumes:[] Produces:[] sources  lbl3 targets  lbl5
 lbl5 (4) : ISUB	 Stack:-1	Consumes:[] Produces:[] sources  lbl4 targets 
----[known stack info]------------

 lbl0 (-1) : NOP	 Stack:0	Consumes:[] Produces:[] sources  targets  lbl1
 lbl1 (0) : LSTORE_0	 Stack:0	Consumes:[null ] Produces:[] sources  lbl0 targets  lbl2
 lbl2 (1) : MONITORENTER	 Stack:-1	Consumes:[] Produces:[] sources  lbl1 targets  lbl3
 lbl3 (2) : NOP	 Stack:-1	Consumes:[] Produces:[] sources  lbl2 targets  lbl4
 lbl4 (3) : CALOAD	 Stack:-1	Consumes:[] Produces:[] sources  lbl3 targets  lbl5
 lbl5 (4) : ISUB	 Stack:-1	Consumes:[] Produces:[] sources  lbl4 targets 
----[known stack info]------------

 lbl0 (-1) : NOP	 Stack:0	Consumes:[] Produces:[] sources  targets  lbl1
 lbl1 (0) : LSTORE_0	 Stack:0	Consumes:[null ] Produces:[] sources  lbl0 targets  lbl2
 lbl2 (1) : MONITORENTER	 Stack:-1	Consumes:[] Produces:[] sources  lbl1 targets  lbl3
 lbl3 (2) : NOP	 Stack:-1	Consumes:[] Produces:[] sources  lbl2 targets  lbl4
 lbl4 (3) : CALOAD	 Stack:-1	Consumes:[] Produces:[] sources  lbl3 targets  lbl5
 lbl5 (4) : ISUB	 Stack:-1	Consumes:[] Produces:[] sources  lbl4 targets 
----[known stack info]------------

 lbl0 (-1) : NOP	 Stack:0	Consumes:[] Produces:[] sources  targets  lbl1
 lbl1 (0) : LSTORE_0	 Stack:0	Consumes:[null ] Produces:[] sources  lbl0 targets  lbl2
 lbl2 (1) : MONITORENTER	 Stack:-1	Consumes:[] Produces:[] sources  lbl1 targets  lbl3
 lbl3 (2) : NOP	 Stack:-1	Consumes:[] Produces:[] sources  lbl2 targets  lbl4
 lbl4 (3) : CALOAD	 Stack:-1	Consumes:[] Produces:[] sources  lbl3 targets  lbl5
 lbl5 (4) : ISUB	 Stack:-1	Consumes:[] Produces:[] sources  lbl4 targets 
Exception in thread "main" java.lang.OutOfMemoryError: Java heap space
	at org.benf.cfr.reader.util.bytestream.AbstractBackedByteData.getBytesAt(AbstractBackedByteData.java:94)
	at org.benf.cfr.reader.bytecode.opcode.OperationFactoryLookupSwitch.createOperation(OperationFactoryLookupSwitch.java:25)
	at org.benf.cfr.reader.bytecode.opcode.JVMInstr.createOperation(JVMInstr.java:319)
	at org.benf.cfr.reader.bytecode.CodeAnalyser.getInstrs(CodeAnalyser.java:267)
	at org.benf.cfr.reader.bytecode.CodeAnalyser.getAnalysis(CodeAnalyser.java:183)
	at org.benf.cfr.reader.entities.attributes.AttributeCode.analyse(AttributeCode.java:94)
	at org.benf.cfr.reader.entities.Method.analyse(Method.java:531)
	at org.benf.cfr.reader.entities.ClassFile.analyseMid(ClassFile.java:1055)
	at org.benf.cfr.reader.entities.ClassFile.analyseTop(ClassFile.java:942)
	at org.benf.cfr.reader.Driver.doJarVersionTypes(Driver.java:257)
	at org.benf.cfr.reader.Driver.doJar(Driver.java:139)
	at org.benf.cfr.reader.CfrDriverImpl.analyse(CfrDriverImpl.java:76)
	at org.benf.cfr.reader.Main.main(Main.java:54)
